instance,timepoint,MCD_GetBoxDone-value,GetBox_signal-value,Conveyor_Speed_AnyAbnormalFlag,Gripper_Z_Speed_CombinedAnomalyFlag,RotatePosition_CombinedAnomalyFlag,label
51,0,0.0,0.0,0,0,0,5
51,1,0.0,0.0,0,0,0,5
51,2,0.0,0.0,0,0,0,5
51,3,0.0,0.0,0,0,0,5
51,4,0.0,0.0,0,0,0,5
51,5,0.0,0.0,0,0,0,5
51,6,0.0,0.0,0,0,0,5
51,7,0.0,0.0,0,0,0,5
51,8,0.0,0.0,0,0,0,5
51,9,0.0,0.0,0,0,0,5
51,10,0.0,0.0,0,0,0,5
51,11,0.0,0.0,0,0,0,5
51,12,0.0,0.0,0,0,0,5
51,13,0.0,0.0,0,0,0,5
51,14,0.0,0.0,0,0,0,5
51,15,0.0,0.0,0,0,0,5
51,16,0.0,0.0,0,0,0,5
51,17,0.0,0.0,0,0,0,5
51,18,0.0,0.0,0,0,0,5
51,19,0.0,0.0,0,0,0,5
51,20,0.0,0.0,0,0,0,5
51,21,0.0,0.0,0,0,0,5
51,22,0.0,0.0,0,0,0,5
51,23,0.0,0.0,0,0,0,5
51,24,0.0,0.0,0,0,0,5
51,25,0.0,0.0,0,0,0,5
51,26,0.0,0.0,0,0,0,5
51,27,0.0,0.0,0,0,0,5
51,28,0.0,0.0,0,0,0,5
51,29,0.0,0.0,0,0,0,5
51,30,0.0,0.0,0,0,0,5
51,31,0.0,0.0,0,0,0,5
51,32,0.0,0.0,0,0,0,5
51,33,0.0,0.0,0,0,0,5
51,34,0.0,0.0,0,0,0,5
51,35,0.0,0.0,0,0,0,5
51,36,0.0,0.0,0,0,0,5
51,37,0.0,0.0,0,0,0,5
51,38,0.0,0.0,0,0,0,5
51,39,0.0,0.0,0,0,0,5
51,40,0.0,0.0,0,0,0,5
51,41,0.0,0.0,0,0,0,5
51,42,0.0,0.0,0,0,0,5
51,43,0.0,0.0,0,0,0,5
51,44,0.0,0.0,0,0,0,5
51,45,0.0,0.0,0,0,0,5
51,46,0.0,0.0,0,0,0,5
51,47,0.0,0.0,0,0,0,5
51,48,0.0,0.0,0,0,0,5
51,49,0.0,0.0,0,0,0,5
51,50,0.0,0.0,0,0,0,5
51,51,0.0,0.0,0,0,0,5
51,52,0.0,0.0,0,0,0,5
51,53,0.0,0.0,0,0,0,5
51,54,0.0,0.0,0,0,0,5
51,55,0.0,0.0,0,0,0,5
51,56,0.0,0.0,0,0,0,5
51,57,0.0,0.0,0,0,0,5
51,58,0.0,0.0,0,0,0,5
51,59,0.0,0.0,0,0,0,5
51,60,0.0,0.0,0,0,0,5
51,61,0.0,0.0,0,0,0,5
51,62,0.0,0.0,0,0,0,5
51,63,0.0,0.0,0,0,0,5
51,64,0.0,0.0,0,0,0,5
51,65,0.0,0.0,0,0,0,5
51,66,0.0,0.0,0,0,0,5
51,67,0.0,0.0,0,0,0,5
51,68,0.0,0.0,0,0,0,5
51,69,0.0,0.0,0,0,0,5
51,70,0.0,0.0,0,0,0,5
51,71,0.0,0.0,0,0,0,5
51,72,0.0,0.0,0,0,0,5
51,73,0.0,0.0,0,0,0,5
51,74,0.0,0.0,0,0,0,5
51,75,0.0,0.0,0,0,0,5
51,76,0.0,0.0,0,0,0,5
51,77,0.0,0.0,0,0,0,5
51,78,0.0,0.0,0,0,0,5
51,79,0.0,0.0,0,0,0,5
51,80,0.0,0.0,0,0,0,5
51,81,0.0,0.0,0,0,0,5
51,82,0.0,0.0,0,0,0,5
51,83,0.0,0.0,0,0,0,5
51,84,0.0,0.0,0,0,0,5
51,85,0.0,0.0,0,0,0,5
51,86,0.0,0.0,0,0,0,5
51,87,0.0,0.0,0,0,0,5
51,88,0.0,0.0,0,0,0,5
51,89,0.0,0.0,0,0,0,5
51,90,0.0,0.0,0,0,0,5
51,91,0.0,0.0,0,0,0,5
51,92,0.0,0.0,0,0,0,5
51,93,0.0,0.0,0,0,0,5
51,94,0.0,0.0,0,0,0,5
51,95,0.0,0.0,0,0,0,5
51,96,0.0,0.0,0,0,0,5
51,97,0.0,0.0,0,0,0,5
51,98,0.0,0.0,0,0,0,5
51,99,0.0,0.0,0,0,0,5
51,100,0.0,0.0,0,0,0,5
51,101,0.0,0.0,0,0,0,5
51,102,0.0,0.0,0,0,0,5
51,103,0.0,0.0,0,0,0,5
51,104,0.0,0.0,0,0,0,5
51,105,0.0,0.0,0,0,0,5
51,106,0.0,0.0,0,0,0,5
51,107,0.0,0.0,0,0,0,5
51,108,0.0,0.0,0,0,0,5
51,109,0.0,0.0,0,0,0,5
51,110,0.0,0.0,0,0,0,5
51,111,0.0,0.0,0,0,0,5
51,112,0.0,0.0,0,0,0,5
51,113,0.0,0.0,0,0,0,5
51,114,0.0,0.0,0,0,0,5
51,115,0.0,0.0,0,0,0,5
51,116,0.0,0.0,0,0,0,5
51,117,0.0,0.0,0,0,0,5
51,118,0.0,0.0,0,0,0,5
51,119,0.0,0.0,0,0,0,5
51,120,0.0,0.0,0,0,0,5
51,121,0.0,0.0,0,0,0,5
51,122,0.0,0.0,0,0,0,5
51,123,0.0,0.0,0,0,0,5
51,124,0.0,0.0,0,0,0,5
51,125,0.0,0.0,0,0,0,5
51,126,0.0,0.0,0,0,0,5
51,127,0.0,0.0,0,0,0,5
51,128,0.0,0.0,0,0,0,5
51,129,0.0,0.0,0,0,0,5
51,130,0.0,0.0,0,0,0,5
51,131,0.0,0.0,0,0,0,5
51,132,0.0,1.0,0,0,0,5
51,133,0.0,1.0,0,0,0,5
51,134,0.0,1.0,0,0,0,5
51,135,0.0,1.0,0,0,0,5
51,136,0.0,1.0,0,0,0,5
51,137,0.0,1.0,0,0,0,5
51,138,1.0,1.0,0,0,0,5
51,139,1.0,1.0,0,0,0,5
51,140,1.0,1.0,0,0,0,5
51,141,1.0,1.0,0,0,0,5
51,142,1.0,1.0,0,0,0,5
51,143,1.0,1.0,0,0,0,5
51,144,1.0,1.0,0,0,0,5
51,145,1.0,1.0,0,0,0,5
51,146,1.0,1.0,0,0,0,5
51,147,1.0,1.0,0,0,0,5
51,148,1.0,1.0,0,0,0,5
51,149,1.0,1.0,0,0,0,5
51,150,1.0,1.0,0,0,0,5
51,151,1.0,1.0,0,0,0,5
51,152,1.0,1.0,0,0,0,5
51,153,1.0,1.0,0,0,0,5
51,154,1.0,1.0,0,0,0,5
51,155,1.0,1.0,0,0,0,5
51,156,1.0,1.0,0,0,0,5
51,157,1.0,1.0,0,0,0,5
51,158,1.0,1.0,0,0,0,5
51,159,1.0,1.0,0,0,0,5
51,160,1.0,1.0,0,0,0,5
51,161,1.0,1.0,0,0,0,5
51,162,1.0,1.0,0,0,0,5
51,163,1.0,1.0,0,0,0,5
51,164,1.0,1.0,0,0,0,5
51,165,1.0,1.0,0,0,0,5
51,166,1.0,1.0,0,0,0,5
51,167,1.0,1.0,0,0,0,5
51,168,1.0,1.0,0,0,0,5
51,169,1.0,1.0,0,0,0,5
51,170,1.0,1.0,0,0,0,5
51,171,1.0,1.0,0,0,0,5
51,172,1.0,1.0,0,0,0,5
51,173,1.0,1.0,0,0,0,5
51,174,1.0,1.0,0,0,0,5
51,175,1.0,1.0,0,0,0,5
51,176,1.0,1.0,0,0,0,5
51,177,1.0,1.0,0,0,0,5
51,178,1.0,1.0,0,0,0,5
51,179,1.0,1.0,0,0,0,5
51,180,1.0,1.0,0,0,0,5
51,181,1.0,1.0,0,0,0,5
51,182,1.0,1.0,0,0,0,5
51,183,1.0,1.0,0,0,0,5
51,184,1.0,1.0,0,0,0,5
51,185,1.0,1.0,0,0,0,5
51,186,1.0,1.0,0,0,0,5
51,187,1.0,1.0,0,0,0,5
51,188,1.0,1.0,0,0,0,5
51,189,1.0,1.0,0,0,0,5
51,190,1.0,1.0,0,0,0,5
51,191,1.0,1.0,0,0,0,5
51,192,1.0,1.0,0,0,0,5
51,193,1.0,1.0,0,0,0,5
51,194,1.0,1.0,0,0,0,5
51,195,1.0,1.0,0,0,0,5
51,196,1.0,1.0,0,0,0,5
51,197,1.0,1.0,0,0,0,5
51,198,1.0,1.0,0,0,0,5
51,199,1.0,1.0,0,0,0,5
51,200,1.0,1.0,0,0,0,5
51,201,1.0,1.0,0,0,0,5
51,202,1.0,1.0,0,0,0,5
51,203,1.0,1.0,0,0,0,5
51,204,1.0,1.0,0,0,0,5
51,205,1.0,1.0,0,0,0,5
51,206,1.0,1.0,0,0,0,5
51,207,1.0,1.0,0,0,0,5
51,208,1.0,1.0,0,0,0,5
51,209,1.0,1.0,0,0,0,5
51,210,1.0,1.0,0,0,0,5
51,211,1.0,1.0,0,0,0,5
51,212,1.0,1.0,0,0,0,5
51,213,1.0,1.0,0,0,0,5
51,214,1.0,1.0,0,0,0,5
51,215,1.0,1.0,0,0,0,5
51,216,1.0,1.0,0,0,0,5
51,217,1.0,1.0,0,0,0,5
51,218,1.0,1.0,0,0,0,5
51,219,1.0,1.0,0,0,0,5
51,220,1.0,1.0,0,0,0,5
51,221,1.0,1.0,0,0,0,5
51,222,1.0,1.0,0,0,0,5
51,223,1.0,1.0,0,0,0,5
51,224,1.0,1.0,0,0,0,5
51,225,1.0,1.0,0,0,0,5
51,226,1.0,1.0,0,0,0,5
51,227,1.0,1.0,0,0,0,5
51,228,1.0,1.0,0,0,0,5
51,229,1.0,1.0,0,0,0,5
51,230,1.0,1.0,0,0,0,5
51,231,1.0,1.0,0,0,0,5
51,232,1.0,1.0,0,0,0,5
51,233,1.0,1.0,0,0,0,5
51,234,1.0,1.0,0,0,0,5
51,235,1.0,1.0,0,0,0,5
51,236,1.0,1.0,0,0,0,5
51,237,1.0,1.0,0,0,0,5
51,238,1.0,1.0,0,0,0,5
51,239,1.0,1.0,0,0,0,5
51,240,1.0,1.0,0,0,0,5
51,241,1.0,1.0,0,0,0,5
51,242,1.0,1.0,0,0,0,5
51,243,1.0,1.0,0,0,0,5
51,244,1.0,1.0,0,0,0,5
51,245,1.0,1.0,0,0,0,5
51,246,1.0,1.0,0,0,0,5
51,247,1.0,1.0,0,0,0,5
51,248,1.0,1.0,0,0,0,5
51,249,1.0,1.0,0,0,0,5
51,250,1.0,1.0,0,0,0,5
51,251,1.0,1.0,0,0,0,5
51,252,1.0,1.0,0,0,0,5
51,253,1.0,1.0,0,0,0,5
51,254,1.0,1.0,0,0,0,5
51,255,1.0,1.0,0,0,0,5
51,256,1.0,1.0,0,0,0,5
51,257,1.0,1.0,0,0,0,5
51,258,1.0,1.0,0,0,0,5
51,259,1.0,1.0,0,0,0,5
51,260,1.0,1.0,0,0,0,5
51,261,1.0,1.0,0,0,0,5
51,262,1.0,1.0,0,0,0,5
51,263,1.0,1.0,0,0,0,5
51,264,1.0,1.0,0,0,0,5
51,265,1.0,1.0,0,0,0,5
51,266,1.0,1.0,0,0,0,5
51,267,1.0,1.0,0,0,0,5
51,268,1.0,1.0,0,0,0,5
51,269,1.0,1.0,0,0,0,5
51,270,1.0,1.0,0,0,0,5
51,271,1.0,1.0,0,0,0,5
51,272,1.0,1.0,0,0,0,5
51,273,1.0,0.0,0,0,0,5
51,274,1.0,0.0,0,0,0,5
51,275,1.0,0.0,0,0,0,5
51,276,1.0,0.0,0,0,0,5
51,277,1.0,0.0,0,0,0,5
51,278,1.0,0.0,0,0,0,5
51,279,1.0,0.0,0,0,0,5
51,280,0.0,0.0,0,0,0,5
51,281,0.0,0.0,0,0,0,5
51,282,0.0,0.0,0,0,0,5
51,283,0.0,0.0,0,0,0,5
51,284,0.0,0.0,0,0,0,5
51,285,0.0,0.0,0,0,0,5
51,286,0.0,0.0,0,0,0,5
51,287,0.0,0.0,0,0,0,5
51,288,0.0,0.0,0,0,0,5
51,289,0.0,0.0,0,0,0,5
51,290,0.0,0.0,0,0,0,5
51,291,0.0,0.0,0,0,0,5
51,292,0.0,0.0,0,0,0,5
51,293,0.0,0.0,0,0,0,5
51,294,0.0,0.0,0,0,0,5
51,295,0.0,0.0,0,0,0,5
51,296,0.0,0.0,0,0,0,5
51,297,0.0,0.0,0,0,0,5
51,298,0.0,0.0,0,0,0,5
51,299,0.0,0.0,0,0,0,5
51,300,0.0,0.0,0,0,0,5
51,301,0.0,0.0,0,0,0,5
51,302,0.0,0.0,0,0,0,5
51,303,0.0,0.0,0,0,0,5
51,304,0.0,0.0,0,0,0,5
51,305,0.0,0.0,0,0,0,5
51,306,0.0,0.0,0,0,0,5
51,307,0.0,0.0,0,0,0,5
51,308,0.0,0.0,0,0,0,5
51,309,0.0,0.0,0,0,0,5
51,310,0.0,0.0,0,0,0,5
51,311,0.0,0.0,0,0,0,5
51,312,0.0,0.0,0,0,0,5
51,313,0.0,0.0,0,0,0,5
51,314,0.0,0.0,0,0,0,5
51,315,0.0,0.0,0,0,0,5
51,316,0.0,0.0,0,0,0,5
51,317,0.0,0.0,0,0,0,5
51,318,0.0,0.0,0,0,0,5
51,319,0.0,0.0,0,0,0,5
51,320,0.0,0.0,0,0,0,5
51,321,0.0,0.0,0,0,0,5
51,322,0.0,0.0,0,0,0,5
51,323,0.0,0.0,0,0,0,5
51,324,0.0,0.0,0,0,0,5
51,325,0.0,0.0,0,0,0,5
51,326,0.0,0.0,0,0,0,5
51,327,0.0,0.0,0,0,0,5
51,328,0.0,0.0,0,0,0,5
51,329,0.0,0.0,0,0,0,5
51,330,0.0,0.0,0,0,0,5
51,331,0.0,0.0,0,0,0,5
51,332,0.0,0.0,0,0,0,5
51,333,0.0,0.0,0,0,0,5
51,334,0.0,0.0,0,0,0,5
51,335,0.0,0.0,0,0,0,5
51,336,0.0,0.0,0,0,0,5
51,337,0.0,0.0,0,0,0,5
51,338,0.0,0.0,0,0,0,5
51,339,0.0,0.0,0,0,0,5
51,340,0.0,0.0,0,0,0,5
51,341,0.0,0.0,0,0,0,5
51,342,0.0,0.0,0,0,0,5
51,343,0.0,0.0,0,0,0,5
51,344,0.0,0.0,0,0,0,5
51,345,0.0,0.0,0,0,0,5
51,346,0.0,0.0,0,0,0,5
51,347,0.0,0.0,0,0,0,5
51,348,0.0,0.0,0,0,0,5
51,349,0.0,0.0,0,0,0,5
51,350,0.0,0.0,0,0,0,5
51,351,0.0,0.0,0,0,0,5
51,352,0.0,0.0,0,0,0,5
51,353,0.0,0.0,0,0,0,5
51,354,0.0,0.0,0,0,0,5
51,355,0.0,0.0,0,0,0,5
51,356,0.0,0.0,0,0,0,5
51,357,0.0,0.0,0,0,0,5
51,358,0.0,0.0,0,0,0,5
51,359,0.0,0.0,0,0,0,5
51,360,0.0,0.0,0,0,0,5
51,361,0.0,0.0,0,0,0,5
51,362,0.0,0.0,0,0,0,5
51,363,0.0,0.0,0,0,0,5
51,364,0.0,0.0,0,0,0,5
51,365,0.0,0.0,0,0,0,5
51,366,0.0,0.0,0,0,0,5
51,367,0.0,0.0,0,0,0,5
51,368,0.0,0.0,0,0,0,5
51,369,0.0,0.0,0,0,0,5
51,370,0.0,0.0,0,0,0,5
51,371,0.0,0.0,0,0,0,5
51,372,0.0,0.0,0,0,0,5
51,373,0.0,0.0,0,0,0,5
51,374,0.0,0.0,0,0,0,5
51,375,0.0,0.0,0,0,0,5
51,376,0.0,0.0,0,0,0,5
51,377,0.0,0.0,0,0,0,5
51,378,0.0,0.0,0,0,0,5
51,379,0.0,0.0,0,0,0,5
51,380,0.0,0.0,0,0,0,5
51,381,0.0,0.0,0,0,0,5
51,382,0.0,0.0,0,0,0,5
51,383,0.0,0.0,0,0,0,5
51,384,0.0,0.0,0,0,0,5
51,385,0.0,0.0,0,0,0,5
51,386,0.0,0.0,0,0,0,5
51,387,0.0,0.0,0,0,0,5
51,388,0.0,0.0,0,0,0,5
51,389,0.0,0.0,0,0,0,5
51,390,0.0,0.0,0,0,0,5
51,391,0.0,0.0,0,0,0,5
51,392,0.0,0.0,0,0,0,5
51,393,0.0,0.0,0,0,0,5
51,394,0.0,0.0,0,0,0,5
51,395,0.0,0.0,0,0,0,5
51,396,0.0,0.0,0,0,0,5
51,397,0.0,0.0,0,0,0,5
51,398,0.0,0.0,0,0,0,5
51,399,0.0,0.0,0,0,0,5
51,400,0.0,0.0,0,0,0,5
51,401,0.0,0.0,0,0,0,5
51,402,0.0,0.0,0,0,0,5
51,403,0.0,0.0,0,0,0,5
51,404,0.0,0.0,0,0,0,5
51,405,0.0,0.0,0,0,0,5
51,406,0.0,0.0,0,0,0,5
51,407,0.0,0.0,0,0,0,5
51,408,0.0,0.0,0,0,0,5
51,409,0.0,0.0,0,0,0,5
51,410,0.0,0.0,0,0,0,5
51,411,0.0,0.0,0,0,0,5
51,412,0.0,0.0,0,0,0,5
51,413,0.0,0.0,0,0,0,5
51,414,0.0,0.0,0,0,0,5
51,415,0.0,0.0,0,0,0,5
51,416,0.0,0.0,0,0,0,5
51,417,0.0,0.0,0,0,0,5
51,418,0.0,0.0,0,0,0,5
51,419,0.0,0.0,0,0,0,5
51,420,0.0,0.0,0,0,0,5
51,421,0.0,0.0,0,0,0,5
51,422,0.0,0.0,0,0,0,5
51,423,0.0,0.0,0,0,0,5
51,424,0.0,0.0,0,0,0,5
51,425,0.0,0.0,0,0,0,5
51,426,0.0,0.0,0,0,0,5
51,427,0.0,0.0,0,0,0,5
51,428,0.0,0.0,0,0,0,5
51,429,0.0,0.0,0,0,0,5
51,430,0.0,1.0,0,0,0,5
51,431,0.0,1.0,0,0,0,5
51,432,0.0,1.0,0,0,0,5
51,433,0.0,1.0,0,0,0,5
51,434,0.0,1.0,0,0,0,5
51,435,0.0,1.0,0,0,0,5
51,436,0.0,1.0,0,0,0,5
51,437,1.0,1.0,0,0,0,5
51,438,1.0,1.0,0,0,0,5
51,439,1.0,1.0,0,0,0,5
51,440,1.0,1.0,0,0,0,5
51,441,1.0,1.0,0,0,0,5
51,442,1.0,1.0,0,0,0,5
51,443,1.0,1.0,0,0,0,5
51,444,1.0,1.0,0,0,0,5
51,445,1.0,1.0,0,0,0,5
51,446,1.0,1.0,0,0,0,5
51,447,1.0,1.0,0,0,0,5
51,448,1.0,1.0,0,0,0,5
51,449,1.0,1.0,0,0,0,5
51,450,1.0,1.0,0,0,0,5
51,451,1.0,1.0,0,0,0,5
51,452,1.0,1.0,0,0,0,5
51,453,1.0,1.0,0,0,0,5
51,454,1.0,1.0,0,0,0,5
51,455,1.0,1.0,0,0,0,5
51,456,1.0,1.0,0,0,0,5
51,457,1.0,1.0,0,0,0,5
51,458,1.0,1.0,0,0,0,5
51,459,1.0,1.0,0,0,0,5
51,460,1.0,1.0,0,0,0,5
51,461,1.0,1.0,0,0,0,5
51,462,1.0,1.0,0,0,0,5
51,463,1.0,1.0,0,0,0,5
51,464,1.0,1.0,0,0,0,5
51,465,1.0,1.0,0,0,0,5
51,466,1.0,1.0,0,0,0,5
51,467,1.0,1.0,0,0,0,5
51,468,1.0,1.0,0,0,0,5
51,469,1.0,1.0,0,0,0,5
51,470,1.0,1.0,0,0,0,5
51,471,1.0,1.0,0,0,0,5
51,472,1.0,1.0,0,0,0,5
51,473,1.0,1.0,0,0,0,5
51,474,1.0,1.0,0,0,0,5
51,475,1.0,1.0,0,0,0,5
51,476,1.0,1.0,0,0,0,5
51,477,1.0,1.0,0,0,0,5
51,478,1.0,1.0,0,0,0,5
51,479,1.0,1.0,0,0,0,5
51,480,1.0,1.0,0,0,0,5
51,481,1.0,1.0,0,0,0,5
51,482,1.0,1.0,0,0,0,5
51,483,1.0,1.0,0,0,0,5
51,484,1.0,1.0,0,0,0,5
51,485,1.0,1.0,0,0,0,5
51,486,1.0,1.0,0,0,0,5
51,487,1.0,1.0,0,0,0,5
51,488,1.0,1.0,0,0,0,5
51,489,1.0,1.0,0,0,0,5
51,490,1.0,1.0,0,0,0,5
51,491,1.0,1.0,0,0,0,5
51,492,1.0,1.0,0,0,0,5
51,493,1.0,1.0,0,0,0,5
51,494,1.0,1.0,0,0,0,5
51,495,1.0,1.0,0,0,0,5
51,496,1.0,1.0,0,0,0,5
51,497,1.0,1.0,0,0,0,5
51,498,1.0,1.0,0,0,0,5
51,499,1.0,1.0,0,0,0,5
51,500,1.0,1.0,0,0,0,5
51,501,1.0,1.0,0,0,0,5
51,502,1.0,1.0,0,0,0,5
51,503,1.0,1.0,0,0,0,5
51,504,1.0,1.0,0,0,0,5
51,505,1.0,1.0,0,0,0,5
51,506,1.0,1.0,0,0,0,5
51,507,1.0,1.0,0,0,0,5
51,508,1.0,1.0,0,0,0,5
51,509,1.0,1.0,0,0,0,5
51,510,1.0,1.0,0,0,0,5
51,511,1.0,1.0,0,0,0,5
51,512,1.0,1.0,0,0,0,5
51,513,1.0,1.0,0,0,0,5
51,514,1.0,1.0,0,0,0,5
51,515,1.0,1.0,0,0,0,5
51,516,1.0,1.0,0,0,0,5
51,517,1.0,0.0,0,0,0,5
51,518,1.0,0.0,0,0,0,5
51,519,1.0,0.0,0,0,0,5
51,520,1.0,0.0,0,0,0,5
51,521,1.0,0.0,0,0,0,5
51,522,1.0,0.0,0,0,0,5
51,523,1.0,0.0,0,0,0,5
51,524,0.0,0.0,0,0,0,5
51,525,0.0,0.0,0,0,0,5
51,526,0.0,0.0,0,0,0,5
51,527,0.0,0.0,0,0,0,5
51,528,0.0,0.0,0,0,0,5
51,529,0.0,0.0,0,0,0,5
51,530,0.0,0.0,0,0,0,5
51,531,0.0,0.0,0,0,0,5
51,532,0.0,0.0,0,0,0,5
51,533,0.0,0.0,0,0,0,5
51,534,0.0,0.0,0,0,0,5
51,535,0.0,0.0,0,0,0,5
51,536,0.0,0.0,0,0,0,5
51,537,0.0,0.0,0,0,0,5
51,538,0.0,0.0,0,0,0,5
51,539,0.0,0.0,0,0,0,5
51,540,0.0,0.0,0,0,0,5
51,541,0.0,0.0,0,0,0,5
51,542,0.0,0.0,0,0,0,5
51,543,0.0,0.0,0,0,0,5
51,544,0.0,0.0,0,0,0,5
51,545,0.0,0.0,0,0,0,5
51,546,0.0,0.0,0,0,0,5
51,547,0.0,0.0,0,0,0,5
51,548,0.0,0.0,0,0,0,5
51,549,0.0,0.0,0,0,0,5
51,550,0.0,0.0,0,0,0,5
51,551,0.0,0.0,0,0,0,5
51,552,0.0,0.0,0,0,0,5
51,553,0.0,0.0,0,0,0,5
51,554,0.0,0.0,0,0,0,5
51,555,0.0,0.0,0,0,0,5
51,556,0.0,0.0,0,0,0,5
51,557,0.0,0.0,0,0,0,5
51,558,0.0,0.0,0,0,0,5
51,559,0.0,0.0,0,0,0,5
51,560,0.0,0.0,0,0,0,5
51,561,0.0,0.0,0,0,0,5
51,562,0.0,0.0,0,0,0,5
51,563,0.0,0.0,0,0,0,5
51,564,0.0,0.0,0,0,0,5
51,565,0.0,0.0,0,0,0,5
51,566,0.0,0.0,0,0,0,5
51,567,0.0,0.0,0,0,0,5
51,568,0.0,0.0,0,0,0,5
51,569,0.0,0.0,0,0,0,5
51,570,0.0,0.0,0,0,0,5
51,571,0.0,0.0,0,0,0,5
51,572,0.0,0.0,0,0,0,5
51,573,0.0,0.0,0,0,0,5
51,574,0.0,0.0,0,0,0,5
51,575,0.0,0.0,0,0,0,5
51,576,0.0,0.0,0,0,0,5
51,577,0.0,0.0,0,0,0,5
51,578,0.0,0.0,0,0,0,5
51,579,0.0,0.0,0,0,0,5
51,580,0.0,0.0,0,0,0,5
51,581,0.0,0.0,0,0,0,5
51,582,0.0,0.0,0,0,0,5
51,583,0.0,0.0,0,0,0,5
51,584,0.0,0.0,0,0,0,5
51,585,0.0,0.0,0,0,0,5
51,586,0.0,0.0,0,0,0,5
51,587,0.0,0.0,0,0,0,5
51,588,0.0,0.0,0,0,0,5
51,589,0.0,0.0,0,0,0,5
51,590,0.0,0.0,0,0,0,5
51,591,0.0,0.0,0,0,0,5
51,592,0.0,0.0,0,0,0,5
51,593,0.0,0.0,0,0,0,5
51,594,0.0,0.0,0,0,0,5
51,595,0.0,0.0,0,0,0,5
51,596,0.0,0.0,0,0,0,5
51,597,0.0,0.0,0,0,0,5
51,598,0.0,0.0,0,0,0,5
51,599,0.0,0.0,0,0,0,5
51,600,0.0,0.0,0,0,0,5
51,601,0.0,0.0,0,0,0,5
51,602,0.0,0.0,0,0,0,5
51,603,0.0,0.0,0,0,0,5
51,604,0.0,0.0,0,0,0,5
51,605,0.0,0.0,0,0,0,5
51,606,0.0,0.0,0,0,0,5
51,607,0.0,0.0,0,0,0,5
51,608,0.0,0.0,0,0,0,5
51,609,0.0,0.0,0,0,0,5
51,610,0.0,0.0,0,0,0,5
51,611,0.0,0.0,0,0,0,5
51,612,0.0,0.0,0,0,0,5
51,613,0.0,0.0,0,0,0,5
51,614,0.0,0.0,0,0,0,5
51,615,0.0,0.0,0,0,0,5
51,616,0.0,0.0,0,0,0,5
51,617,0.0,0.0,0,0,0,5
51,618,0.0,0.0,0,0,0,5
51,619,0.0,0.0,0,0,0,5
51,620,0.0,0.0,0,0,0,5
51,621,0.0,0.0,0,0,0,5
51,622,0.0,0.0,0,0,0,5
51,623,0.0,0.0,0,0,0,5
51,624,0.0,0.0,0,0,0,5
51,625,0.0,0.0,0,0,0,5
51,626,0.0,0.0,0,0,0,5
51,627,0.0,0.0,0,0,0,5
51,628,0.0,0.0,0,0,0,5
51,629,0.0,0.0,0,0,0,5
51,630,0.0,0.0,0,0,0,5
51,631,0.0,0.0,0,0,0,5
51,632,0.0,0.0,0,0,0,5
51,633,0.0,0.0,0,0,0,5
51,634,0.0,0.0,0,0,0,5
51,635,0.0,0.0,0,0,0,5
51,636,0.0,0.0,0,0,0,5
51,637,0.0,0.0,0,0,0,5
51,638,0.0,0.0,0,0,0,5
51,639,0.0,0.0,0,0,0,5
51,640,0.0,0.0,0,0,0,5
51,641,0.0,0.0,0,0,0,5
51,642,0.0,0.0,0,0,0,5
51,643,0.0,0.0,0,0,0,5
51,644,0.0,0.0,0,0,0,5
51,645,0.0,0.0,0,0,0,5
51,646,0.0,0.0,0,0,0,5
51,647,0.0,0.0,0,0,0,5
51,648,0.0,0.0,0,0,0,5
51,649,0.0,0.0,0,0,0,5
51,650,0.0,0.0,0,0,0,5
51,651,0.0,0.0,0,0,0,5
51,652,0.0,0.0,0,0,0,5
51,653,0.0,0.0,0,0,0,5
51,654,0.0,0.0,0,0,0,5
51,655,0.0,0.0,0,0,0,5
51,656,0.0,0.0,0,0,0,5
51,657,0.0,0.0,0,0,0,5
51,658,0.0,0.0,0,0,0,5
51,659,0.0,0.0,0,0,0,5
51,660,0.0,0.0,0,0,0,5
51,661,0.0,0.0,0,0,0,5
51,662,0.0,0.0,0,0,0,5
51,663,0.0,0.0,0,0,0,5
51,664,0.0,0.0,0,0,0,5
51,665,0.0,0.0,0,0,0,5
51,666,0.0,0.0,0,0,0,5
51,667,0.0,0.0,0,0,0,5
51,668,0.0,0.0,0,0,0,5
51,669,0.0,0.0,0,0,0,5
51,670,0.0,0.0,0,0,0,5
51,671,0.0,0.0,0,0,0,5
51,672,0.0,0.0,0,0,0,5
51,673,0.0,0.0,0,0,0,5
51,674,0.0,0.0,0,0,0,5
51,675,0.0,0.0,0,0,0,5
51,676,0.0,0.0,0,0,0,5
51,677,0.0,0.0,0,0,0,5
51,678,0.0,0.0,0,0,0,5
51,679,0.0,0.0,0,0,0,5
51,680,0.0,0.0,0,0,0,5
51,681,0.0,0.0,0,0,0,5
51,682,0.0,0.0,0,0,0,5
51,683,0.0,0.0,0,0,0,5
51,684,0.0,0.0,0,0,0,5
51,685,0.0,0.0,0,0,0,5
51,686,0.0,0.0,0,0,0,5
51,687,0.0,0.0,0,0,0,5
51,688,0.0,0.0,0,0,0,5
51,689,0.0,0.0,0,0,0,5
51,690,0.0,0.0,0,0,0,5
51,691,0.0,0.0,0,0,0,5
51,692,0.0,0.0,0,0,0,5
51,693,0.0,0.0,0,0,0,5
51,694,0.0,0.0,0,0,0,5
51,695,0.0,0.0,0,0,0,5
51,696,0.0,0.0,0,0,0,5
51,697,0.0,0.0,0,0,0,5
51,698,0.0,0.0,0,0,0,5
51,699,0.0,0.0,0,0,0,5
51,700,0.0,0.0,0,0,0,5
51,701,0.0,0.0,0,0,0,5
51,702,0.0,0.0,0,0,0,5
51,703,0.0,0.0,0,0,0,5
51,704,0.0,0.0,0,0,0,5
51,705,0.0,0.0,0,0,0,5
51,706,0.0,0.0,0,0,0,5
51,707,0.0,0.0,0,0,0,5
51,708,0.0,0.0,0,0,0,5
51,709,0.0,0.0,0,0,0,5
51,710,0.0,0.0,0,0,0,5
51,711,0.0,0.0,0,0,0,5
51,712,0.0,0.0,0,0,0,5
51,713,0.0,0.0,0,0,0,5
51,714,0.0,0.0,0,0,0,5
51,715,0.0,0.0,0,0,0,5
51,716,0.0,0.0,0,0,0,5
51,717,0.0,0.0,0,0,0,5
51,718,0.0,0.0,0,0,0,5
51,719,0.0,0.0,0,0,0,5
51,720,0.0,0.0,0,0,0,5
51,721,0.0,0.0,0,0,0,5
51,722,0.0,0.0,0,0,0,5
51,723,0.0,0.0,0,0,0,5
51,724,0.0,0.0,0,0,0,5
51,725,0.0,0.0,0,0,0,5
51,726,0.0,0.0,0,0,0,5
51,727,0.0,0.0,0,0,0,5
51,728,0.0,0.0,0,0,0,5
51,729,0.0,0.0,0,0,0,5
51,730,0.0,0.0,1,0,0,5
51,731,0.0,0.0,0,0,0,5
51,732,0.0,0.0,0,0,0,5
51,733,0.0,0.0,0,0,0,5
51,734,0.0,0.0,0,0,0,5
51,735,0.0,0.0,0,0,0,5
51,736,0.0,0.0,0,0,0,5
51,737,0.0,0.0,0,0,0,5
51,738,0.0,0.0,0,0,0,5
51,739,0.0,0.0,0,0,0,5
51,740,0.0,0.0,0,0,0,5
51,741,0.0,0.0,0,0,0,5
51,742,0.0,0.0,0,0,0,5
51,743,0.0,0.0,0,0,0,5
51,744,0.0,0.0,0,0,0,5
51,745,0.0,0.0,0,0,0,5
51,746,0.0,0.0,0,0,0,5
51,747,0.0,0.0,0,0,0,5
51,748,0.0,0.0,0,0,0,5
51,749,0.0,0.0,0,0,0,5
51,750,0.0,0.0,0,0,0,5
51,751,0.0,0.0,0,0,0,5
51,752,0.0,0.0,0,0,0,5
51,753,0.0,0.0,0,0,0,5
51,754,0.0,0.0,0,0,0,5
51,755,0.0,0.0,0,0,0,5
51,756,0.0,0.0,0,0,0,5
51,757,0.0,0.0,0,0,0,5
51,758,0.0,0.0,0,0,0,5
51,759,0.0,0.0,0,0,0,5
51,760,0.0,0.0,0,0,0,5
51,761,0.0,0.0,0,0,0,5
51,762,0.0,0.0,0,0,0,5
51,763,0.0,0.0,0,0,0,5
51,764,0.0,0.0,0,0,0,5
51,765,0.0,0.0,0,0,0,5
51,766,0.0,0.0,0,0,0,5
51,767,0.0,0.0,0,0,0,5
51,768,0.0,0.0,0,0,0,5
51,769,0.0,0.0,0,0,0,5
51,770,0.0,0.0,0,0,0,5
51,771,0.0,0.0,0,0,0,5
51,772,0.0,0.0,0,0,0,5
51,773,0.0,0.0,0,0,0,5
51,774,0.0,0.0,0,0,0,5
51,775,0.0,0.0,0,0,0,5
51,776,0.0,0.0,0,0,0,5
51,777,0.0,0.0,0,0,0,5
51,778,0.0,0.0,0,0,0,5
51,779,0.0,0.0,0,0,0,5
51,780,0.0,0.0,0,0,0,5
51,781,0.0,0.0,0,0,0,5
51,782,0.0,0.0,0,0,0,5
51,783,0.0,0.0,0,0,0,5
51,784,0.0,0.0,0,0,0,5
51,785,0.0,0.0,0,0,0,5
51,786,0.0,0.0,0,0,0,5
51,787,0.0,0.0,0,0,0,5
51,788,0.0,0.0,0,0,0,5
51,789,0.0,0.0,0,0,0,5
51,790,0.0,1.0,0,0,0,5
51,791,0.0,1.0,0,0,0,5
51,792,0.0,1.0,0,0,0,5
51,793,0.0,1.0,0,0,0,5
51,794,0.0,1.0,0,0,0,5
51,795,0.0,1.0,0,0,0,5
51,796,0.0,1.0,0,0,0,5
51,797,1.0,1.0,0,0,0,5
51,798,1.0,1.0,0,0,0,5
51,799,1.0,1.0,0,0,0,5
51,800,1.0,1.0,0,0,0,5
51,801,1.0,1.0,0,0,0,5
51,802,1.0,1.0,0,0,0,5
51,803,1.0,1.0,0,0,0,5
51,804,1.0,1.0,0,0,0,5
51,805,1.0,1.0,0,0,0,5
51,806,1.0,1.0,0,0,0,5
51,807,1.0,1.0,0,0,0,5
51,808,1.0,1.0,0,0,0,5
51,809,1.0,1.0,0,0,0,5
51,810,1.0,1.0,0,0,0,5
51,811,1.0,1.0,0,0,0,5
51,812,1.0,1.0,0,0,0,5
51,813,1.0,1.0,0,0,0,5
51,814,1.0,1.0,0,0,0,5
51,815,1.0,1.0,0,0,0,5
51,816,1.0,1.0,0,0,0,5
51,817,1.0,1.0,0,0,0,5
51,818,1.0,1.0,0,0,0,5
51,819,1.0,1.0,0,0,0,5
51,820,1.0,1.0,0,0,0,5
51,821,1.0,1.0,0,0,0,5
51,822,1.0,1.0,0,0,0,5
51,823,1.0,1.0,0,0,0,5
51,824,1.0,1.0,0,0,0,5
51,825,1.0,1.0,0,0,0,5
51,826,1.0,1.0,0,0,0,5
51,827,1.0,1.0,0,0,0,5
51,828,1.0,1.0,0,0,0,5
51,829,1.0,1.0,0,0,0,5
51,830,1.0,1.0,0,0,0,5
51,831,1.0,1.0,0,0,0,5
51,832,1.0,1.0,0,0,0,5
51,833,1.0,1.0,0,0,0,5
51,834,1.0,1.0,0,0,0,5
51,835,1.0,1.0,0,0,0,5
51,836,1.0,1.0,0,0,0,5
51,837,1.0,1.0,0,0,0,5
51,838,1.0,1.0,0,0,0,5
51,839,1.0,1.0,0,0,0,5
51,840,1.0,1.0,0,0,0,5
51,841,1.0,1.0,0,0,0,5
51,842,1.0,1.0,0,0,0,5
51,843,1.0,1.0,0,0,0,5
51,844,1.0,1.0,0,0,0,5
51,845,1.0,1.0,0,0,0,5
51,846,1.0,1.0,0,0,0,5
51,847,1.0,1.0,0,0,0,5
51,848,1.0,1.0,0,0,0,5
51,849,1.0,1.0,0,0,0,5
51,850,1.0,1.0,0,0,0,5
51,851,1.0,1.0,0,0,0,5
51,852,1.0,1.0,0,0,0,5
51,853,1.0,1.0,0,0,0,5
51,854,1.0,1.0,0,0,0,5
51,855,1.0,1.0,0,0,0,5
51,856,1.0,1.0,0,0,0,5
51,857,1.0,1.0,0,0,0,5
51,858,1.0,1.0,0,0,0,5
51,859,1.0,1.0,0,0,0,5
51,860,1.0,1.0,0,0,0,5
51,861,1.0,1.0,0,0,0,5
51,862,1.0,1.0,0,0,0,5
51,863,1.0,1.0,0,0,0,5
51,864,1.0,1.0,0,0,0,5
51,865,1.0,1.0,0,0,0,5
51,866,1.0,1.0,0,0,0,5
51,867,1.0,1.0,0,0,0,5
51,868,1.0,1.0,0,0,0,5
51,869,1.0,1.0,0,0,0,5
51,870,1.0,1.0,0,0,0,5
51,871,1.0,1.0,0,0,0,5
51,872,1.0,1.0,0,0,0,5
51,873,1.0,1.0,0,0,0,5
51,874,1.0,1.0,0,0,0,5
51,875,1.0,1.0,0,0,0,5
51,876,1.0,1.0,0,0,0,5
51,877,1.0,1.0,0,0,0,5
51,878,1.0,1.0,0,0,0,5
51,879,1.0,1.0,0,0,0,5
51,880,1.0,1.0,0,0,0,5
51,881,1.0,1.0,0,0,0,5
51,882,1.0,1.0,0,0,0,5
51,883,1.0,1.0,0,0,0,5
51,884,1.0,1.0,0,0,0,5
51,885,1.0,1.0,0,0,0,5
51,886,1.0,1.0,0,0,0,5
51,887,1.0,1.0,0,0,0,5
51,888,1.0,1.0,0,0,0,5
51,889,1.0,1.0,0,0,0,5
51,890,1.0,1.0,0,0,0,5
51,891,1.0,1.0,0,0,0,5
51,892,1.0,1.0,0,0,0,5
51,893,1.0,1.0,0,0,0,5
51,894,1.0,1.0,0,0,0,5
51,895,1.0,1.0,0,0,0,5
51,896,1.0,1.0,0,0,0,5
51,897,1.0,1.0,0,0,0,5
51,898,1.0,1.0,0,0,0,5
51,899,1.0,1.0,0,0,0,5
51,900,1.0,1.0,0,0,0,5
51,901,1.0,1.0,0,0,0,5
51,902,1.0,1.0,0,0,0,5
51,903,1.0,1.0,0,0,0,5
51,904,1.0,1.0,0,0,0,5
51,905,1.0,1.0,0,0,0,5
51,906,1.0,1.0,0,0,0,5
51,907,1.0,1.0,0,0,0,5
51,908,1.0,1.0,0,0,0,5
51,909,1.0,1.0,0,0,0,5
51,910,1.0,1.0,0,0,0,5
51,911,1.0,1.0,0,0,0,5
51,912,1.0,1.0,0,0,0,5
51,913,1.0,1.0,0,0,0,5
51,914,1.0,1.0,0,0,0,5
51,915,1.0,1.0,0,0,0,5
51,916,1.0,1.0,0,0,0,5
51,917,1.0,1.0,0,0,0,5
51,918,1.0,1.0,0,0,0,5
51,919,1.0,1.0,0,0,0,5
51,920,1.0,1.0,0,0,0,5
51,921,1.0,1.0,0,0,0,5
51,922,1.0,1.0,0,0,0,5
51,923,1.0,1.0,0,0,0,5
51,924,1.0,1.0,0,0,0,5
51,925,1.0,1.0,0,0,0,5
51,926,1.0,1.0,0,0,0,5
51,927,1.0,1.0,0,0,0,5
51,928,1.0,1.0,0,0,0,5
51,929,1.0,1.0,0,0,0,5
51,930,1.0,1.0,0,0,0,5
51,931,1.0,1.0,0,0,0,5
51,932,1.0,1.0,0,0,0,5
51,933,1.0,1.0,0,0,0,5
51,934,1.0,1.0,0,0,0,5
51,935,1.0,1.0,0,0,0,5
51,936,1.0,1.0,0,0,0,5
51,937,1.0,1.0,0,0,0,5
51,938,1.0,1.0,0,0,0,5
51,939,1.0,1.0,0,0,0,5
51,940,1.0,1.0,0,0,0,5
51,941,1.0,1.0,0,0,0,5
51,942,1.0,1.0,0,0,0,5
51,943,1.0,1.0,0,0,0,5
51,944,1.0,1.0,0,0,0,5
51,945,1.0,1.0,0,0,0,5
51,946,1.0,1.0,0,0,0,5
51,947,1.0,1.0,0,0,0,5
51,948,1.0,1.0,0,0,0,5
51,949,1.0,1.0,0,0,0,5
51,950,1.0,1.0,0,0,0,5
51,951,1.0,1.0,0,0,0,5
51,952,1.0,1.0,0,0,0,5
51,953,1.0,1.0,0,0,0,5
51,954,1.0,1.0,0,0,0,5
51,955,1.0,1.0,0,0,0,5
51,956,1.0,1.0,0,0,0,5
51,957,1.0,1.0,0,0,0,5
51,958,1.0,1.0,0,0,0,5
51,959,1.0,1.0,0,0,0,5
51,960,1.0,0.0,0,0,0,5
51,961,1.0,0.0,0,0,0,5
51,962,1.0,0.0,0,0,0,5
51,963,1.0,0.0,0,0,0,5
51,964,1.0,0.0,0,0,0,5
51,965,1.0,0.0,0,0,0,5
51,966,1.0,0.0,0,0,0,5
51,967,0.0,0.0,0,0,0,5
51,968,0.0,0.0,0,0,0,5
51,969,0.0,0.0,0,0,0,5
51,970,0.0,0.0,0,0,0,5
51,971,0.0,0.0,0,0,0,5
51,972,0.0,0.0,0,0,0,5
51,973,0.0,0.0,0,0,0,5
51,974,0.0,0.0,0,0,0,5
51,975,0.0,0.0,0,0,0,5
51,976,0.0,0.0,0,0,0,5
51,977,0.0,0.0,0,0,0,5
51,978,0.0,0.0,0,0,0,5
51,979,0.0,0.0,0,0,0,5
51,980,0.0,0.0,0,0,0,5
51,981,0.0,0.0,0,0,0,5
51,982,0.0,0.0,0,0,0,5
51,983,0.0,0.0,0,0,0,5
51,984,0.0,0.0,0,0,0,5
51,985,0.0,0.0,0,0,0,5
51,986,0.0,0.0,0,0,0,5
51,987,0.0,0.0,0,0,0,5
51,988,0.0,0.0,0,0,0,5
51,989,0.0,0.0,0,0,0,5
51,990,0.0,0.0,0,0,0,5
51,991,0.0,0.0,0,0,0,5
51,992,0.0,0.0,0,0,0,5
51,993,0.0,0.0,0,0,0,5
51,994,0.0,0.0,0,0,0,5
51,995,0.0,0.0,0,0,0,5
51,996,0.0,0.0,0,0,0,5
51,997,0.0,0.0,0,0,0,5
51,998,0.0,0.0,0,0,0,5
51,999,0.0,0.0,0,0,0,5
51,1000,0.0,0.0,0,0,0,5
51,1001,0.0,0.0,0,0,0,5
51,1002,0.0,0.0,0,0,0,5
51,1003,0.0,0.0,0,0,0,5
51,1004,0.0,0.0,0,0,0,5
51,1005,0.0,0.0,0,0,0,5
51,1006,0.0,0.0,0,0,0,5
51,1007,0.0,0.0,0,0,0,5
51,1008,0.0,0.0,0,0,0,5
51,1009,0.0,0.0,0,0,0,5
51,1010,0.0,0.0,0,0,0,5
51,1011,0.0,0.0,0,0,0,5
51,1012,0.0,0.0,0,0,0,5
51,1013,0.0,0.0,0,0,0,5
51,1014,0.0,0.0,0,0,0,5
51,1015,0.0,0.0,0,0,0,5
51,1016,0.0,0.0,0,0,0,5
51,1017,0.0,0.0,0,0,0,5
51,1018,0.0,0.0,0,0,0,5
51,1019,0.0,0.0,0,0,0,5
51,1020,0.0,0.0,0,0,0,5
51,1021,0.0,0.0,0,0,0,5
51,1022,0.0,0.0,0,0,0,5
51,1023,0.0,0.0,0,0,0,5
51,1024,0.0,0.0,0,0,0,5
51,1025,0.0,0.0,0,0,0,5
51,1026,0.0,0.0,0,0,0,5
51,1027,0.0,0.0,0,0,0,5
51,1028,0.0,0.0,0,0,0,5
51,1029,0.0,0.0,0,0,0,5
51,1030,0.0,0.0,0,0,0,5
51,1031,0.0,0.0,0,0,0,5
51,1032,0.0,0.0,0,0,0,5
51,1033,0.0,0.0,0,0,0,5
51,1034,0.0,0.0,0,0,0,5
51,1035,0.0,0.0,0,0,0,5
51,1036,0.0,0.0,0,0,0,5
51,1037,0.0,0.0,0,0,0,5
51,1038,0.0,0.0,0,0,0,5
51,1039,0.0,0.0,0,0,0,5
51,1040,0.0,0.0,0,0,0,5
51,1041,0.0,0.0,0,0,0,5
51,1042,0.0,0.0,0,0,0,5
51,1043,0.0,0.0,0,0,0,5
51,1044,0.0,0.0,0,0,0,5
51,1045,0.0,0.0,0,0,0,5
51,1046,0.0,0.0,0,0,0,5
51,1047,0.0,0.0,0,0,0,5
51,1048,0.0,0.0,0,0,0,5
51,1049,0.0,0.0,0,0,0,5
51,1050,0.0,0.0,0,0,0,5
51,1051,0.0,0.0,0,0,0,5
51,1052,0.0,0.0,0,0,0,5
51,1053,0.0,0.0,0,0,0,5
51,1054,0.0,0.0,0,0,0,5
51,1055,0.0,0.0,0,0,0,5
51,1056,0.0,0.0,0,0,0,5
51,1057,0.0,0.0,0,0,0,5
51,1058,0.0,0.0,0,0,0,5
51,1059,0.0,0.0,0,0,0,5
51,1060,0.0,0.0,0,0,0,5
51,1061,0.0,0.0,0,0,0,5
51,1062,0.0,0.0,0,0,0,5
51,1063,0.0,0.0,0,0,0,5
51,1064,0.0,0.0,0,0,0,5
51,1065,0.0,0.0,0,0,0,5
51,1066,0.0,0.0,0,0,0,5
51,1067,0.0,0.0,0,0,0,5
51,1068,0.0,0.0,0,0,0,5
51,1069,0.0,0.0,0,0,0,5
51,1070,0.0,0.0,0,0,0,5
51,1071,0.0,0.0,0,0,0,5
51,1072,0.0,0.0,0,0,0,5
51,1073,0.0,0.0,0,0,0,5
51,1074,0.0,0.0,0,0,0,5
51,1075,0.0,0.0,0,0,0,5
51,1076,0.0,0.0,0,0,0,5
51,1077,0.0,0.0,0,0,0,5
51,1078,0.0,0.0,0,0,0,5
51,1079,0.0,0.0,0,0,0,5
51,1080,0.0,0.0,0,0,0,5
51,1081,0.0,0.0,0,0,0,5
51,1082,0.0,0.0,0,0,0,5
51,1083,0.0,0.0,0,0,0,5
51,1084,0.0,0.0,0,0,0,5
51,1085,0.0,0.0,0,0,0,5
51,1086,0.0,0.0,0,0,0,5
51,1087,0.0,0.0,0,0,0,5
51,1088,0.0,0.0,0,0,0,5
51,1089,0.0,0.0,0,0,0,5
51,1090,0.0,0.0,0,0,0,5
51,1091,0.0,0.0,0,0,0,5
51,1092,0.0,0.0,0,0,0,5
51,1093,0.0,0.0,0,0,0,5
51,1094,0.0,0.0,0,0,0,5
51,1095,0.0,0.0,0,0,0,5
51,1096,0.0,0.0,0,0,0,5
51,1097,0.0,0.0,0,0,0,5
51,1098,0.0,0.0,0,0,0,5
51,1099,0.0,0.0,0,0,0,5
51,1100,0.0,0.0,0,0,0,5
51,1101,0.0,0.0,0,0,0,5
51,1102,0.0,0.0,0,0,0,5
51,1103,0.0,0.0,0,0,0,5
51,1104,0.0,0.0,0,0,0,5
51,1105,0.0,0.0,0,0,0,5
51,1106,0.0,0.0,0,0,0,5
51,1107,0.0,0.0,0,0,0,5
51,1108,0.0,0.0,0,0,0,5
51,1109,0.0,0.0,0,0,0,5
51,1110,0.0,0.0,0,0,0,5
51,1111,0.0,0.0,0,0,0,5
51,1112,0.0,0.0,0,0,0,5
51,1113,0.0,0.0,0,0,0,5
51,1114,0.0,0.0,0,0,0,5
51,1115,0.0,0.0,0,0,0,5
51,1116,0.0,0.0,0,0,0,5
51,1117,0.0,0.0,0,0,0,5
51,1118,0.0,0.0,0,0,0,5
51,1119,0.0,0.0,0,0,0,5
51,1120,0.0,0.0,0,0,0,5
51,1121,0.0,0.0,0,0,0,5
51,1122,0.0,0.0,0,0,0,5
51,1123,0.0,0.0,0,0,0,5
51,1124,0.0,0.0,0,0,0,5
51,1125,0.0,0.0,0,0,0,5
51,1126,0.0,0.0,0,0,0,5
51,1127,0.0,0.0,0,0,0,5
51,1128,0.0,0.0,0,0,0,5
51,1129,0.0,0.0,0,0,0,5
51,1130,0.0,0.0,0,0,0,5
51,1131,0.0,0.0,0,0,0,5
51,1132,0.0,0.0,0,0,0,5
51,1133,0.0,0.0,0,0,0,5
51,1134,0.0,0.0,0,0,0,5
51,1135,0.0,0.0,0,0,0,5
51,1136,0.0,0.0,0,0,0,5
51,1137,0.0,0.0,0,0,0,5
51,1138,0.0,0.0,0,0,0,5
51,1139,0.0,0.0,0,0,0,5
51,1140,0.0,0.0,0,0,0,5
51,1141,0.0,0.0,0,0,0,5
51,1142,0.0,0.0,0,0,0,5
51,1143,0.0,0.0,0,0,0,5
51,1144,0.0,0.0,0,0,0,5
51,1145,0.0,0.0,0,0,0,5
51,1146,0.0,0.0,0,0,0,5
51,1147,0.0,0.0,0,0,0,5
51,1148,0.0,1.0,0,0,0,5
51,1149,0.0,1.0,0,0,0,5
51,1150,0.0,1.0,0,0,0,5
51,1151,0.0,1.0,0,0,0,5
51,1152,0.0,1.0,0,0,0,5
51,1153,0.0,1.0,0,0,0,5
51,1154,0.0,1.0,0,0,0,5
51,1155,1.0,1.0,0,0,0,5
51,1156,1.0,1.0,0,0,0,5
51,1157,1.0,1.0,0,0,0,5
51,1158,1.0,1.0,0,0,0,5
51,1159,1.0,1.0,0,0,0,5
51,1160,1.0,1.0,0,0,0,5
51,1161,1.0,1.0,0,0,0,5
51,1162,1.0,1.0,0,0,0,5
51,1163,1.0,1.0,0,0,0,5
51,1164,1.0,1.0,0,0,0,5
51,1165,1.0,1.0,0,0,0,5
51,1166,1.0,1.0,0,0,0,5
51,1167,1.0,1.0,0,0,0,5
51,1168,1.0,1.0,0,0,0,5
51,1169,1.0,1.0,0,0,0,5
51,1170,1.0,1.0,0,0,0,5
51,1171,1.0,1.0,0,0,0,5
51,1172,1.0,1.0,0,0,0,5
51,1173,1.0,1.0,0,0,0,5
51,1174,1.0,1.0,0,0,0,5
51,1175,1.0,1.0,0,0,0,5
51,1176,1.0,1.0,0,0,0,5
51,1177,1.0,1.0,0,0,0,5
51,1178,1.0,1.0,0,0,0,5
51,1179,1.0,1.0,0,0,0,5
51,1180,1.0,1.0,0,0,0,5
51,1181,1.0,1.0,0,0,0,5
51,1182,1.0,1.0,0,0,0,5
51,1183,1.0,1.0,0,0,0,5
51,1184,1.0,1.0,0,0,0,5
51,1185,1.0,1.0,0,0,0,5
51,1186,1.0,1.0,0,0,0,5
51,1187,1.0,1.0,0,0,0,5
51,1188,1.0,1.0,0,0,0,5
51,1189,1.0,1.0,0,0,0,5
51,1190,1.0,1.0,0,0,0,5
51,1191,1.0,1.0,0,0,0,5
51,1192,1.0,1.0,0,0,0,5
51,1193,1.0,1.0,0,0,0,5
51,1194,1.0,1.0,0,0,0,5
51,1195,1.0,1.0,0,0,0,5
51,1196,1.0,1.0,0,0,0,5
51,1197,1.0,1.0,0,0,0,5
51,1198,1.0,1.0,0,0,0,5
51,1199,1.0,1.0,0,0,0,5
51,1200,1.0,1.0,0,0,0,5
51,1201,1.0,1.0,0,0,0,5
51,1202,1.0,1.0,0,0,0,5
51,1203,1.0,1.0,0,0,0,5
51,1204,1.0,1.0,0,0,0,5
51,1205,1.0,1.0,0,0,0,5
51,1206,1.0,1.0,0,0,0,5
51,1207,1.0,1.0,0,0,0,5
51,1208,1.0,1.0,0,0,0,5
51,1209,1.0,1.0,0,0,0,5
51,1210,1.0,1.0,0,0,0,5
51,1211,1.0,1.0,0,0,0,5
51,1212,1.0,1.0,0,0,0,5
51,1213,1.0,1.0,0,0,0,5
51,1214,1.0,1.0,0,0,0,5
51,1215,1.0,1.0,0,0,0,5
51,1216,1.0,1.0,0,0,0,5
51,1217,1.0,1.0,0,0,0,5
51,1218,1.0,1.0,0,0,0,5
51,1219,1.0,1.0,0,0,0,5
51,1220,1.0,1.0,0,0,0,5
51,1221,1.0,1.0,0,0,0,5
51,1222,1.0,1.0,0,0,0,5
51,1223,1.0,1.0,0,0,0,5
51,1224,1.0,1.0,0,0,0,5
51,1225,1.0,1.0,0,0,0,5
51,1226,1.0,1.0,0,0,0,5
51,1227,1.0,1.0,0,0,0,5
51,1228,1.0,1.0,0,0,0,5
51,1229,1.0,1.0,0,0,0,5
51,1230,1.0,1.0,0,0,0,5
51,1231,1.0,1.0,0,0,0,5
51,1232,1.0,1.0,0,0,0,5
51,1233,1.0,1.0,0,0,0,5
51,1234,1.0,1.0,0,0,0,5
51,1235,1.0,1.0,0,0,0,5
51,1236,1.0,1.0,0,0,0,5
51,1237,1.0,1.0,0,0,0,5
51,1238,1.0,1.0,0,0,0,5
51,1239,1.0,1.0,0,0,0,5
51,1240,1.0,1.0,0,0,0,5
51,1241,1.0,1.0,0,0,0,5
51,1242,1.0,1.0,0,0,0,5
51,1243,1.0,1.0,0,0,0,5
51,1244,1.0,1.0,0,0,0,5
51,1245,1.0,1.0,0,0,0,5
51,1246,1.0,1.0,0,0,0,5
51,1247,1.0,1.0,0,0,0,5
51,1248,1.0,1.0,0,0,0,5
51,1249,1.0,1.0,0,0,0,5
51,1250,1.0,1.0,0,0,0,5
51,1251,1.0,1.0,0,0,0,5
51,1252,1.0,1.0,0,0,0,5
51,1253,1.0,1.0,0,0,0,5
51,1254,1.0,1.0,0,0,0,5
51,1255,1.0,1.0,0,0,0,5
51,1256,1.0,1.0,0,0,0,5
51,1257,1.0,1.0,0,0,0,5
51,1258,1.0,1.0,0,0,0,5
51,1259,1.0,1.0,0,0,0,5
51,1260,1.0,1.0,0,0,0,5
51,1261,1.0,1.0,0,0,0,5
51,1262,1.0,1.0,0,0,0,5
51,1263,1.0,1.0,0,0,0,5
51,1264,1.0,1.0,0,0,0,5
51,1265,1.0,1.0,0,0,0,5
51,1266,1.0,1.0,0,0,0,5
51,1267,1.0,1.0,0,0,0,5
51,1268,1.0,1.0,0,0,0,5
51,1269,1.0,1.0,0,0,0,5
51,1270,1.0,1.0,0,0,0,5
51,1271,1.0,1.0,0,0,0,5
51,1272,1.0,1.0,0,0,0,5
51,1273,1.0,1.0,0,0,0,5
51,1274,1.0,1.0,0,0,0,5
51,1275,1.0,1.0,0,0,0,5
51,1276,1.0,1.0,0,0,0,5
51,1277,1.0,1.0,0,0,0,5
51,1278,1.0,1.0,0,0,0,5
51,1279,1.0,1.0,0,0,0,5
51,1280,1.0,1.0,0,0,0,5
51,1281,1.0,1.0,0,0,0,5
51,1282,1.0,1.0,0,0,0,5
51,1283,1.0,1.0,0,0,0,5
51,1284,1.0,1.0,0,0,0,5
51,1285,1.0,1.0,0,0,0,5
51,1286,1.0,1.0,0,0,0,5
51,1287,1.0,1.0,0,0,0,5
51,1288,1.0,1.0,0,0,0,5
51,1289,1.0,1.0,0,0,0,5
51,1290,1.0,1.0,0,0,0,5
51,1291,1.0,1.0,0,0,0,5
51,1292,1.0,1.0,0,0,0,5
51,1293,1.0,1.0,0,0,0,5
51,1294,1.0,1.0,0,0,0,5
51,1295,1.0,1.0,0,0,0,5
51,1296,1.0,1.0,0,0,0,5
51,1297,1.0,1.0,0,0,0,5
51,1298,1.0,1.0,0,0,0,5
51,1299,1.0,1.0,0,0,0,5
51,1300,1.0,1.0,0,0,0,5
51,1301,1.0,1.0,0,0,0,5
51,1302,1.0,1.0,0,0,0,5
51,1303,1.0,1.0,0,0,0,5
51,1304,1.0,1.0,0,0,0,5
51,1305,1.0,1.0,0,0,0,5
51,1306,1.0,1.0,0,0,0,5
51,1307,1.0,1.0,0,0,0,5
51,1308,1.0,1.0,0,0,0,5
51,1309,1.0,1.0,0,0,0,5
51,1310,1.0,1.0,0,0,0,5
51,1311,1.0,1.0,0,0,0,5
51,1312,1.0,1.0,0,0,0,5
51,1313,1.0,1.0,0,0,0,5
51,1314,1.0,1.0,0,0,0,5
51,1315,1.0,1.0,0,0,0,5
51,1316,1.0,1.0,0,0,0,5
51,1317,1.0,1.0,0,0,0,5
51,1318,1.0,1.0,0,0,0,5
51,1319,1.0,1.0,0,0,0,5
51,1320,1.0,1.0,0,0,0,5
51,1321,1.0,1.0,0,0,0,5
51,1322,1.0,1.0,0,0,0,5
51,1323,1.0,1.0,0,0,0,5
51,1324,1.0,1.0,0,0,0,5
51,1325,1.0,1.0,0,0,0,5
51,1326,1.0,1.0,0,0,0,5
51,1327,1.0,1.0,0,0,0,5
51,1328,1.0,1.0,0,0,0,5
51,1329,1.0,1.0,0,0,0,5
51,1330,1.0,1.0,0,0,0,5
51,1331,1.0,1.0,0,0,0,5
51,1332,1.0,1.0,0,0,0,5
51,1333,1.0,1.0,0,0,0,5
51,1334,1.0,1.0,0,0,0,5
51,1335,1.0,1.0,0,0,0,5
51,1336,1.0,1.0,0,0,0,5
51,1337,1.0,1.0,0,0,0,5
51,1338,1.0,1.0,0,0,0,5
51,1339,1.0,1.0,0,0,0,5
51,1340,1.0,1.0,0,0,0,5
51,1341,1.0,1.0,0,0,0,5
51,1342,1.0,1.0,0,0,0,5
51,1343,1.0,1.0,0,0,0,5
51,1344,1.0,1.0,0,0,0,5
51,1345,1.0,1.0,0,0,0,5
51,1346,1.0,1.0,0,0,0,5
51,1347,1.0,1.0,0,0,0,5
51,1348,1.0,1.0,0,0,0,5
51,1349,1.0,1.0,0,0,0,5
51,1350,1.0,1.0,0,0,0,5
51,1351,1.0,1.0,0,0,0,5
51,1352,1.0,0.0,0,0,0,5
51,1353,1.0,0.0,0,0,0,5
51,1354,1.0,0.0,0,0,0,5
51,1355,1.0,0.0,0,0,0,5
51,1356,1.0,0.0,0,0,0,5
51,1357,1.0,0.0,0,0,0,5
51,1358,1.0,0.0,0,0,0,5
51,1359,0.0,0.0,0,0,0,5
51,1360,0.0,0.0,0,0,0,5
51,1361,0.0,0.0,0,0,0,5
51,1362,0.0,0.0,0,0,0,5
51,1363,0.0,0.0,0,0,0,5
51,1364,0.0,0.0,0,0,0,5
51,1365,0.0,0.0,0,0,0,5
51,1366,0.0,0.0,0,0,0,5
51,1367,0.0,0.0,0,0,0,5
51,1368,0.0,0.0,0,0,0,5
51,1369,0.0,0.0,0,0,0,5
51,1370,0.0,0.0,0,0,0,5
51,1371,0.0,0.0,0,0,0,5
51,1372,0.0,0.0,0,0,0,5
51,1373,0.0,0.0,0,0,0,5
51,1374,0.0,0.0,0,0,0,5
51,1375,0.0,0.0,0,0,0,5
51,1376,0.0,0.0,0,0,0,5
51,1377,0.0,0.0,0,0,0,5
51,1378,0.0,0.0,0,0,0,5
51,1379,0.0,0.0,0,0,0,5
51,1380,0.0,0.0,0,0,0,5
51,1381,0.0,0.0,0,0,0,5
51,1382,0.0,0.0,0,0,0,5
51,1383,0.0,0.0,0,0,0,5
51,1384,0.0,0.0,0,0,0,5
51,1385,0.0,0.0,0,0,0,5
51,1386,0.0,0.0,0,0,0,5
51,1387,0.0,0.0,0,0,0,5
51,1388,0.0,0.0,0,0,0,5
51,1389,0.0,0.0,0,0,0,5
51,1390,0.0,0.0,0,0,0,5
51,1391,0.0,0.0,0,0,0,5
51,1392,0.0,0.0,0,0,0,5
51,1393,0.0,0.0,0,0,0,5
51,1394,0.0,0.0,0,0,0,5
51,1395,0.0,0.0,0,0,0,5
51,1396,0.0,0.0,0,0,0,5
51,1397,0.0,0.0,0,0,0,5
51,1398,0.0,0.0,0,0,0,5
51,1399,0.0,0.0,0,0,0,5
51,1400,0.0,0.0,0,0,0,5
51,1401,0.0,0.0,0,0,0,5
51,1402,0.0,0.0,0,0,0,5
51,1403,0.0,0.0,0,0,0,5
51,1404,0.0,0.0,1,0,0,5
51,1405,0.0,0.0,1,0,0,5
51,1406,0.0,0.0,1,0,0,5
51,1407,0.0,0.0,1,0,0,5
51,1408,0.0,0.0,1,0,0,5
51,1409,0.0,0.0,1,0,0,5
51,1410,0.0,0.0,1,0,0,5
51,1411,0.0,0.0,1,0,0,5
51,1412,0.0,0.0,1,0,0,5
51,1413,0.0,0.0,1,0,0,5
51,1414,0.0,0.0,1,0,0,5
51,1415,0.0,0.0,1,0,0,5
51,1416,0.0,0.0,1,0,0,5
51,1417,0.0,0.0,1,0,0,5
51,1418,0.0,0.0,1,0,0,5
51,1419,0.0,0.0,1,0,0,5
51,1420,0.0,0.0,1,0,0,5
51,1421,0.0,0.0,1,0,0,5
51,1422,0.0,0.0,1,0,0,5
51,1423,0.0,0.0,1,0,0,5
51,1424,0.0,0.0,1,0,0,5
51,1425,0.0,0.0,1,0,0,5
51,1426,0.0,0.0,1,0,0,5
51,1427,0.0,0.0,1,0,0,5
51,1428,0.0,0.0,1,0,0,5
51,1429,0.0,0.0,1,0,0,5
51,1430,0.0,0.0,1,0,0,5
51,1431,0.0,0.0,1,0,0,5
51,1432,0.0,0.0,1,0,0,5
51,1433,0.0,0.0,1,0,0,5
51,1434,0.0,0.0,1,0,0,5
51,1435,0.0,0.0,1,0,0,5
51,1436,0.0,0.0,1,0,0,5
51,1437,0.0,0.0,1,0,0,5
51,1438,0.0,0.0,1,0,0,5
51,1439,0.0,0.0,1,0,0,5
51,1440,0.0,0.0,1,0,0,5
51,1441,0.0,0.0,1,0,0,5
51,1442,0.0,0.0,1,0,0,5
51,1443,0.0,0.0,1,0,0,5
51,1444,0.0,0.0,1,0,0,5
51,1445,0.0,0.0,1,0,0,5
51,1446,0.0,0.0,1,0,0,5
51,1447,0.0,0.0,1,0,0,5
51,1448,0.0,0.0,1,0,0,5
51,1449,0.0,0.0,1,0,0,5
51,1450,0.0,0.0,1,0,0,5
51,1451,0.0,0.0,1,0,0,5
51,1452,0.0,0.0,1,0,0,5
51,1453,0.0,0.0,1,0,0,5
51,1454,0.0,0.0,1,0,0,5
51,1455,0.0,0.0,1,0,0,5
51,1456,0.0,0.0,1,0,0,5
51,1457,0.0,0.0,1,0,0,5
51,1458,0.0,0.0,1,0,0,5
51,1459,0.0,0.0,1,0,0,5
51,1460,0.0,0.0,1,0,0,5
51,1461,0.0,0.0,1,0,0,5
51,1462,0.0,0.0,1,0,0,5
51,1463,0.0,0.0,1,0,0,5
51,1464,0.0,0.0,1,0,0,5
51,1465,0.0,0.0,1,0,0,5
51,1466,0.0,0.0,1,0,0,5
51,1467,0.0,0.0,1,0,0,5
51,1468,0.0,0.0,1,0,0,5
51,1469,0.0,0.0,1,0,0,5
51,1470,0.0,0.0,1,0,0,5
51,1471,0.0,0.0,1,0,0,5
51,1472,0.0,0.0,1,0,0,5
51,1473,0.0,0.0,1,0,0,5
51,1474,0.0,0.0,1,0,0,5
51,1475,0.0,0.0,1,0,0,5
51,1476,0.0,0.0,1,0,0,5
51,1477,0.0,0.0,1,0,0,5
51,1478,0.0,0.0,1,0,0,5
51,1479,0.0,0.0,1,0,0,5
51,1480,0.0,0.0,1,0,0,5
51,1481,0.0,0.0,1,0,0,5
51,1482,0.0,0.0,1,0,0,5
51,1483,0.0,0.0,1,0,0,5
51,1484,0.0,0.0,1,0,0,5
51,1485,0.0,0.0,1,0,0,5
51,1486,0.0,0.0,1,0,0,5
51,1487,0.0,0.0,1,0,0,5
51,1488,0.0,0.0,1,0,0,5
51,1489,0.0,0.0,1,0,0,5
51,1490,0.0,0.0,1,0,0,5
51,1491,0.0,0.0,1,0,0,5
51,1492,0.0,0.0,1,0,0,5
51,1493,0.0,0.0,1,0,0,5
51,1494,0.0,0.0,1,0,0,5
51,1495,0.0,0.0,1,0,0,5
51,1496,0.0,0.0,1,0,0,5
51,1497,0.0,0.0,1,0,0,5
51,1498,0.0,0.0,1,0,0,5
51,1499,0.0,0.0,1,0,0,5
51,1500,0.0,0.0,1,0,0,5
51,1501,0.0,0.0,1,0,0,5
51,1502,0.0,0.0,1,0,0,5
51,1503,0.0,1.0,1,0,0,5
51,1504,0.0,1.0,1,0,0,5
51,1505,0.0,1.0,1,0,0,5
51,1506,0.0,1.0,1,0,0,5
51,1507,0.0,1.0,1,0,0,5
51,1508,0.0,1.0,1,0,0,5
51,1509,0.0,1.0,1,0,0,5
51,1510,1.0,1.0,1,0,0,5
51,1511,1.0,1.0,1,0,0,5
51,1512,1.0,1.0,1,0,0,5
51,1513,1.0,1.0,1,0,0,5
51,1514,1.0,1.0,1,0,0,5
51,1515,1.0,1.0,1,0,0,5
51,1516,1.0,1.0,1,0,0,5
51,1517,1.0,1.0,1,0,0,5
51,1518,1.0,1.0,1,0,0,5
51,1519,1.0,1.0,1,0,0,5
51,1520,1.0,1.0,1,0,0,5
51,1521,1.0,1.0,1,0,0,5
51,1522,1.0,1.0,1,0,0,5
51,1523,1.0,1.0,1,0,0,5
51,1524,1.0,1.0,1,0,0,5
51,1525,1.0,1.0,1,0,0,5
51,1526,1.0,1.0,1,0,0,5
51,1527,1.0,1.0,1,0,0,5
51,1528,1.0,1.0,1,0,0,5
51,1529,1.0,1.0,1,0,0,5
51,1530,1.0,1.0,1,0,0,5
51,1531,1.0,1.0,1,0,0,5
51,1532,1.0,1.0,1,0,0,5
51,1533,1.0,1.0,1,0,0,5
51,1534,1.0,1.0,1,0,0,5
51,1535,1.0,1.0,1,0,0,5
51,1536,1.0,1.0,1,0,0,5
51,1537,1.0,0.0,1,0,0,5
51,1538,1.0,0.0,1,0,0,5
51,1539,1.0,0.0,1,0,0,5
51,1540,1.0,0.0,1,0,0,5
51,1541,1.0,0.0,1,0,0,5
51,1542,1.0,0.0,1,0,0,5
51,1543,1.0,0.0,1,0,0,5
51,1544,0.0,0.0,1,0,0,5
51,1545,0.0,0.0,1,0,0,5
51,1546,0.0,0.0,1,0,0,5
51,1547,0.0,0.0,1,0,0,5
51,1548,0.0,0.0,1,0,0,5
51,1549,0.0,0.0,1,0,0,5
51,1550,0.0,0.0,1,0,0,5
51,1551,0.0,0.0,1,0,0,5
51,1552,0.0,0.0,1,0,0,5
51,1553,0.0,0.0,1,0,0,5
51,1554,0.0,0.0,1,0,0,5
51,1555,0.0,0.0,1,0,0,5
51,1556,0.0,0.0,1,0,0,5
51,1557,0.0,0.0,1,0,0,5
51,1558,0.0,0.0,1,0,0,5
51,1559,0.0,0.0,1,0,0,5
51,1560,0.0,0.0,1,0,0,5
51,1561,0.0,0.0,1,0,0,5
51,1562,0.0,0.0,1,0,0,5
51,1563,0.0,0.0,1,0,0,5
51,1564,0.0,0.0,1,0,0,5
51,1565,0.0,0.0,1,0,0,5
51,1566,0.0,0.0,1,0,0,5
51,1567,0.0,0.0,1,0,0,5
51,1568,0.0,0.0,1,0,0,5
51,1569,0.0,0.0,1,0,0,5
51,1570,0.0,0.0,1,0,0,5
51,1571,0.0,0.0,1,0,0,5
51,1572,0.0,0.0,1,0,0,5
51,1573,0.0,0.0,1,0,0,5
51,1574,0.0,0.0,1,0,0,5
51,1575,0.0,0.0,1,0,0,5
51,1576,0.0,0.0,1,0,0,5
51,1577,0.0,0.0,1,0,0,5
51,1578,0.0,0.0,1,0,0,5
51,1579,0.0,0.0,1,0,0,5
51,1580,0.0,0.0,1,0,0,5
51,1581,0.0,0.0,1,0,0,5
51,1582,0.0,0.0,1,0,0,5
51,1583,0.0,0.0,1,0,0,5
51,1584,0.0,0.0,1,0,0,5
51,1585,0.0,0.0,1,0,0,5
51,1586,0.0,0.0,1,0,0,5
51,1587,0.0,0.0,1,0,0,5
51,1588,0.0,0.0,1,0,0,5
51,1589,0.0,0.0,1,0,0,5
51,1590,0.0,0.0,1,0,0,5
51,1591,0.0,0.0,1,0,0,5
51,1592,0.0,0.0,1,0,0,5
51,1593,0.0,0.0,1,0,0,5
51,1594,0.0,0.0,1,0,0,5
51,1595,0.0,0.0,1,0,0,5
51,1596,0.0,0.0,1,0,0,5
51,1597,0.0,0.0,1,0,0,5
51,1598,0.0,0.0,1,0,0,5
51,1599,0.0,0.0,1,0,0,5
51,1600,0.0,0.0,1,0,0,5
51,1601,0.0,0.0,1,0,0,5
51,1602,0.0,0.0,1,0,0,5
51,1603,0.0,0.0,1,0,0,5
51,1604,0.0,0.0,1,0,0,5
51,1605,0.0,0.0,1,0,0,5
51,1606,0.0,0.0,1,0,0,5
51,1607,0.0,0.0,1,0,0,5
51,1608,0.0,0.0,1,0,0,5
51,1609,0.0,0.0,1,0,0,5
51,1610,0.0,0.0,1,0,0,5
51,1611,0.0,0.0,1,0,0,5
51,1612,0.0,0.0,1,0,0,5
51,1613,0.0,0.0,1,0,0,5
51,1614,0.0,0.0,1,0,0,5
51,1615,0.0,0.0,1,0,0,5
51,1616,0.0,0.0,1,0,0,5
51,1617,0.0,0.0,1,0,0,5
51,1618,0.0,0.0,1,0,0,5
51,1619,0.0,0.0,1,0,0,5
51,1620,0.0,0.0,1,0,0,5
51,1621,0.0,0.0,1,0,0,5
51,1622,0.0,0.0,1,0,0,5
51,1623,0.0,0.0,1,0,0,5
51,1624,0.0,0.0,1,0,0,5
51,1625,0.0,0.0,1,0,0,5
51,1626,0.0,0.0,1,0,0,5
51,1627,0.0,0.0,1,0,0,5
51,1628,0.0,0.0,1,0,0,5
51,1629,0.0,0.0,1,0,0,5
51,1630,0.0,0.0,1,0,0,5
51,1631,0.0,0.0,1,0,0,5
51,1632,0.0,0.0,1,0,0,5
51,1633,0.0,0.0,1,0,0,5
51,1634,0.0,0.0,1,0,0,5
51,1635,0.0,0.0,1,0,0,5
51,1636,0.0,0.0,1,0,0,5
51,1637,0.0,0.0,1,0,0,5
51,1638,0.0,0.0,1,0,0,5
51,1639,0.0,0.0,1,0,0,5
51,1640,0.0,0.0,1,0,0,5
51,1641,0.0,0.0,1,0,0,5
51,1642,0.0,0.0,1,0,0,5
51,1643,0.0,0.0,1,0,0,5
51,1644,0.0,0.0,1,0,0,5
51,1645,0.0,0.0,1,0,0,5
51,1646,0.0,0.0,1,0,0,5
51,1647,0.0,0.0,1,0,0,5
51,1648,0.0,0.0,1,0,0,5
51,1649,0.0,0.0,1,0,0,5
51,1650,0.0,0.0,1,0,0,5
51,1651,0.0,0.0,1,0,0,5
51,1652,0.0,0.0,1,0,0,5
51,1653,0.0,0.0,1,0,0,5
51,1654,0.0,0.0,1,0,0,5
51,1655,0.0,0.0,1,0,0,5
51,1656,0.0,0.0,1,0,0,5
51,1657,0.0,0.0,1,0,0,5
51,1658,0.0,0.0,1,0,0,5
51,1659,0.0,0.0,1,0,0,5
51,1660,0.0,0.0,1,0,0,5
51,1661,0.0,0.0,1,0,0,5
51,1662,0.0,0.0,1,0,0,5
51,1663,0.0,0.0,1,0,0,5
51,1664,0.0,0.0,1,0,0,5
51,1665,0.0,0.0,1,0,0,5
51,1666,0.0,0.0,1,0,0,5
51,1667,0.0,0.0,1,0,0,5
51,1668,0.0,0.0,1,0,0,5
51,1669,0.0,0.0,1,0,0,5
51,1670,0.0,0.0,1,0,0,5
51,1671,0.0,0.0,1,0,0,5
51,1672,0.0,0.0,1,0,0,5
51,1673,0.0,0.0,1,0,0,5
51,1674,0.0,0.0,1,0,0,5
51,1675,0.0,0.0,1,0,0,5
51,1676,0.0,0.0,1,0,0,5
51,1677,0.0,0.0,1,0,0,5
51,1678,0.0,0.0,1,0,0,5
51,1679,0.0,0.0,1,0,0,5
51,1680,0.0,0.0,1,0,0,5
51,1681,0.0,0.0,1,0,0,5
51,1682,0.0,0.0,1,0,0,5
51,1683,0.0,0.0,1,0,0,5
51,1684,0.0,0.0,1,0,0,5
51,1685,0.0,0.0,1,0,0,5
51,1686,0.0,0.0,1,0,0,5
51,1687,0.0,0.0,1,0,0,5
51,1688,0.0,0.0,1,0,0,5
51,1689,0.0,0.0,1,0,0,5
51,1690,0.0,0.0,1,0,0,5
51,1691,0.0,0.0,1,0,0,5
51,1692,0.0,0.0,1,0,0,5
51,1693,0.0,0.0,1,0,0,5
51,1694,0.0,0.0,1,0,0,5
51,1695,0.0,0.0,1,0,0,5
51,1696,0.0,0.0,1,0,0,5
51,1697,0.0,0.0,1,0,0,5
51,1698,0.0,0.0,1,0,0,5
51,1699,0.0,0.0,1,0,0,5
51,1700,0.0,0.0,1,0,0,5
51,1701,0.0,0.0,1,0,0,5
51,1702,0.0,0.0,1,0,0,5
51,1703,0.0,0.0,1,0,0,5
51,1704,0.0,0.0,1,0,0,5
51,1705,0.0,0.0,1,0,0,5
51,1706,0.0,0.0,1,0,0,5
51,1707,0.0,0.0,1,0,0,5
51,1708,0.0,0.0,1,0,0,5
51,1709,0.0,0.0,1,0,0,5
51,1710,0.0,0.0,1,0,0,5
51,1711,0.0,0.0,1,0,0,5
51,1712,0.0,0.0,1,0,0,5
51,1713,0.0,0.0,1,0,0,5
51,1714,0.0,0.0,1,0,0,5
51,1715,0.0,0.0,1,0,0,5
51,1716,0.0,0.0,1,0,0,5
51,1717,0.0,0.0,1,0,0,5
51,1718,0.0,0.0,1,0,0,5
51,1719,0.0,0.0,1,0,0,5
51,1720,0.0,0.0,1,0,0,5
51,1721,0.0,0.0,1,0,0,5
51,1722,0.0,0.0,1,0,0,5
51,1723,0.0,0.0,1,0,0,5
51,1724,0.0,0.0,1,0,0,5
51,1725,0.0,0.0,1,0,0,5
51,1726,0.0,0.0,1,0,0,5
51,1727,0.0,0.0,1,0,0,5
51,1728,0.0,0.0,1,0,0,5
51,1729,0.0,0.0,1,0,0,5
51,1730,0.0,0.0,1,0,0,5
51,1731,0.0,0.0,1,0,0,5
51,1732,0.0,0.0,1,0,0,5
51,1733,0.0,0.0,1,0,0,5
51,1734,0.0,0.0,1,0,0,5
51,1735,0.0,0.0,1,0,0,5
51,1736,0.0,0.0,1,0,0,5
51,1737,0.0,0.0,1,0,0,5
51,1738,0.0,0.0,1,0,0,5
51,1739,0.0,0.0,1,0,0,5
51,1740,0.0,0.0,1,0,0,5
51,1741,0.0,0.0,1,0,0,5
51,1742,0.0,0.0,1,0,0,5
51,1743,0.0,0.0,1,0,0,5
51,1744,0.0,0.0,1,0,0,5
51,1745,0.0,0.0,1,0,0,5
51,1746,0.0,0.0,1,0,0,5
51,1747,0.0,0.0,1,0,0,5
51,1748,0.0,0.0,1,0,0,5
51,1749,0.0,0.0,1,0,0,5
51,1750,0.0,0.0,1,0,0,5
51,1751,0.0,0.0,1,0,0,5
51,1752,0.0,0.0,1,0,0,5
51,1753,0.0,0.0,1,0,0,5
51,1754,0.0,0.0,1,0,0,5
51,1755,0.0,0.0,1,0,0,5
51,1756,0.0,0.0,1,0,0,5
51,1757,0.0,0.0,1,0,0,5
51,1758,0.0,0.0,1,0,0,5
51,1759,0.0,0.0,1,0,0,5
51,1760,0.0,0.0,1,0,0,5
51,1761,0.0,0.0,1,0,0,5
51,1762,0.0,0.0,1,0,0,5
51,1763,0.0,0.0,1,0,0,5
51,1764,0.0,0.0,1,0,0,5
51,1765,0.0,0.0,1,0,0,5
51,1766,0.0,0.0,1,0,0,5
51,1767,0.0,0.0,1,0,0,5
51,1768,0.0,0.0,1,0,0,5
51,1769,0.0,0.0,1,0,0,5
51,1770,0.0,0.0,1,0,0,5
51,1771,0.0,0.0,1,0,0,5
51,1772,0.0,0.0,1,0,0,5
51,1773,0.0,0.0,1,0,0,5
51,1774,0.0,0.0,1,0,0,5
51,1775,0.0,0.0,1,0,0,5
51,1776,0.0,0.0,1,0,0,5
51,1777,0.0,0.0,1,0,0,5
51,1778,0.0,0.0,1,0,0,5
51,1779,0.0,0.0,1,0,0,5
51,1780,0.0,0.0,1,0,0,5
51,1781,0.0,0.0,1,0,0,5
51,1782,0.0,0.0,1,0,0,5
51,1783,0.0,1.0,1,0,0,5
51,1784,0.0,1.0,1,0,0,5
51,1785,0.0,1.0,1,0,0,5
51,1786,0.0,1.0,1,0,0,5
51,1787,0.0,1.0,1,0,0,5
51,1788,0.0,1.0,1,0,0,5
51,1789,0.0,1.0,1,0,0,5
51,1790,1.0,1.0,1,0,0,5
51,1791,1.0,1.0,1,0,0,5
51,1792,1.0,1.0,1,0,0,5
51,1793,1.0,1.0,1,0,0,5
51,1794,1.0,1.0,1,0,0,5
51,1795,1.0,1.0,1,0,0,5
51,1796,1.0,1.0,1,0,0,5
51,1797,1.0,1.0,1,0,0,5
51,1798,1.0,1.0,1,0,0,5
51,1799,1.0,1.0,1,0,0,5
51,1800,1.0,1.0,1,0,0,5
51,1801,1.0,1.0,1,0,0,5
51,1802,1.0,1.0,1,0,0,5
51,1803,1.0,1.0,1,0,0,5
51,1804,1.0,1.0,1,0,0,5
51,1805,1.0,1.0,1,0,0,5
51,1806,1.0,1.0,1,0,0,5
51,1807,1.0,1.0,1,0,0,5
51,1808,1.0,1.0,1,0,0,5
51,1809,1.0,1.0,1,0,0,5
51,1810,1.0,1.0,1,0,0,5
51,1811,1.0,1.0,1,0,0,5
51,1812,1.0,1.0,1,0,0,5
51,1813,1.0,1.0,1,0,0,5
51,1814,1.0,1.0,1,0,0,5
51,1815,1.0,1.0,1,0,0,5
51,1816,1.0,1.0,1,0,0,5
51,1817,1.0,1.0,1,0,0,5
51,1818,1.0,1.0,1,0,0,5
51,1819,1.0,1.0,1,0,0,5
51,1820,1.0,1.0,1,0,0,5
51,1821,1.0,1.0,1,0,0,5
51,1822,1.0,1.0,1,0,0,5
51,1823,1.0,1.0,1,0,0,5
51,1824,1.0,1.0,1,0,0,5
51,1825,1.0,1.0,1,0,0,5
51,1826,1.0,1.0,1,0,0,5
51,1827,1.0,1.0,1,0,0,5
51,1828,1.0,1.0,1,0,0,5
51,1829,1.0,1.0,1,0,0,5
51,1830,1.0,1.0,1,0,0,5
51,1831,1.0,1.0,1,0,0,5
51,1832,1.0,1.0,1,0,0,5
51,1833,1.0,1.0,1,0,0,5
51,1834,1.0,1.0,1,0,0,5
51,1835,1.0,1.0,1,0,0,5
51,1836,1.0,1.0,1,0,0,5
51,1837,1.0,1.0,1,0,0,5
51,1838,1.0,1.0,1,0,0,5
51,1839,1.0,1.0,1,0,0,5
51,1840,1.0,1.0,1,0,0,5
51,1841,1.0,1.0,1,0,0,5
51,1842,1.0,1.0,1,0,0,5
51,1843,1.0,1.0,1,0,0,5
51,1844,1.0,1.0,1,0,0,5
51,1845,1.0,1.0,1,0,0,5
51,1846,1.0,1.0,1,0,0,5
51,1847,1.0,1.0,1,0,0,5
51,1848,1.0,1.0,1,0,0,5
51,1849,1.0,1.0,1,0,0,5
51,1850,1.0,1.0,1,0,0,5
51,1851,1.0,1.0,1,0,0,5
51,1852,1.0,1.0,1,0,0,5
51,1853,1.0,1.0,1,0,0,5
51,1854,1.0,1.0,1,0,0,5
51,1855,1.0,1.0,1,0,0,5
51,1856,1.0,1.0,1,0,0,5
51,1857,1.0,1.0,1,0,0,5
51,1858,1.0,1.0,1,0,0,5
51,1859,1.0,1.0,1,0,0,5
51,1860,1.0,1.0,1,0,0,5
51,1861,1.0,1.0,1,0,0,5
51,1862,1.0,1.0,1,0,0,5
51,1863,1.0,1.0,1,0,0,5
51,1864,1.0,1.0,1,0,0,5
51,1865,1.0,1.0,1,0,0,5
51,1866,1.0,1.0,1,0,0,5
51,1867,1.0,1.0,1,0,0,5
51,1868,1.0,1.0,1,0,0,5
51,1869,1.0,1.0,1,0,0,5
51,1870,1.0,1.0,1,0,0,5
51,1871,1.0,1.0,1,0,0,5
51,1872,1.0,1.0,1,0,0,5
51,1873,1.0,1.0,1,0,0,5
51,1874,1.0,1.0,1,0,0,5
51,1875,1.0,1.0,1,0,0,5
51,1876,1.0,1.0,1,0,0,5
51,1877,1.0,1.0,1,0,0,5
51,1878,1.0,1.0,1,0,0,5
51,1879,1.0,1.0,1,0,0,5
51,1880,1.0,1.0,1,0,0,5
51,1881,1.0,1.0,1,0,0,5
51,1882,1.0,1.0,1,0,0,5
51,1883,1.0,1.0,1,0,0,5
51,1884,1.0,1.0,1,0,0,5
51,1885,1.0,1.0,1,0,0,5
51,1886,1.0,1.0,1,0,0,5
51,1887,1.0,1.0,1,0,0,5
51,1888,1.0,1.0,1,0,0,5
51,1889,1.0,1.0,1,0,0,5
51,1890,1.0,1.0,1,0,0,5
51,1891,1.0,1.0,1,0,0,5
51,1892,1.0,1.0,1,0,0,5
51,1893,1.0,1.0,1,0,0,5
51,1894,1.0,1.0,1,0,0,5
51,1895,1.0,1.0,1,0,0,5
51,1896,1.0,1.0,1,0,0,5
51,1897,1.0,1.0,1,0,0,5
51,1898,1.0,1.0,1,0,0,5
51,1899,1.0,1.0,1,0,0,5
51,1900,1.0,1.0,1,0,0,5
51,1901,1.0,1.0,1,0,0,5
51,1902,1.0,1.0,1,0,0,5
51,1903,1.0,1.0,1,0,0,5
51,1904,1.0,1.0,1,0,0,5
51,1905,1.0,1.0,1,0,0,5
51,1906,1.0,1.0,1,0,0,5
51,1907,1.0,1.0,1,0,0,5
51,1908,1.0,1.0,1,0,0,5
51,1909,1.0,1.0,1,0,0,5
51,1910,1.0,1.0,1,0,0,5
51,1911,1.0,1.0,1,0,0,5
51,1912,1.0,1.0,1,0,0,5
51,1913,1.0,1.0,1,0,0,5
51,1914,1.0,1.0,1,0,0,5
51,1915,1.0,1.0,1,0,0,5
51,1916,1.0,1.0,1,0,0,5
51,1917,1.0,1.0,1,0,0,5
51,1918,1.0,1.0,1,0,0,5
51,1919,1.0,1.0,1,0,0,5
51,1920,1.0,1.0,1,0,0,5
51,1921,1.0,1.0,1,0,0,5
51,1922,1.0,1.0,1,0,0,5
51,1923,1.0,1.0,1,0,0,5
51,1924,1.0,1.0,1,0,0,5
51,1925,1.0,1.0,1,0,0,5
51,1926,1.0,1.0,1,0,0,5
51,1927,1.0,1.0,1,0,0,5
51,1928,1.0,1.0,1,0,0,5
51,1929,1.0,1.0,1,0,0,5
51,1930,1.0,1.0,1,0,0,5
51,1931,1.0,1.0,1,0,0,5
51,1932,1.0,1.0,1,0,0,5
51,1933,1.0,1.0,1,0,0,5
51,1934,1.0,1.0,1,0,0,5
51,1935,1.0,1.0,1,0,0,5
51,1936,1.0,1.0,1,0,0,5
51,1937,1.0,1.0,1,0,0,5
51,1938,1.0,1.0,1,0,0,5
51,1939,1.0,1.0,1,0,0,5
51,1940,1.0,1.0,1,0,0,5
51,1941,1.0,1.0,1,0,0,5
51,1942,1.0,0.0,1,0,0,5
51,1943,1.0,0.0,1,0,0,5
51,1944,1.0,0.0,1,0,0,5
51,1945,1.0,0.0,1,0,0,5
51,1946,1.0,0.0,1,0,0,5
51,1947,1.0,0.0,1,0,0,5
51,1948,0.0,0.0,1,0,0,5
51,1949,0.0,0.0,1,0,0,5
51,1950,0.0,0.0,1,0,0,5
51,1951,0.0,0.0,1,0,0,5
51,1952,0.0,0.0,1,0,0,5
51,1953,0.0,0.0,1,0,0,5
51,1954,0.0,0.0,1,0,0,5
51,1955,0.0,0.0,1,0,0,5
51,1956,0.0,0.0,1,0,0,5
51,1957,0.0,0.0,1,0,0,5
51,1958,0.0,0.0,1,0,0,5
51,1959,0.0,0.0,1,0,0,5
51,1960,0.0,0.0,1,0,0,5
51,1961,0.0,0.0,1,0,0,5
51,1962,0.0,0.0,1,0,0,5
51,1963,0.0,0.0,1,0,0,5
51,1964,0.0,0.0,1,0,0,5
51,1965,0.0,0.0,1,0,0,5
51,1966,0.0,0.0,1,0,0,5
51,1967,0.0,0.0,1,0,0,5
51,1968,0.0,0.0,1,0,0,5
51,1969,0.0,0.0,1,0,0,5
51,1970,0.0,0.0,1,0,0,5
51,1971,0.0,0.0,1,0,0,5
51,1972,0.0,0.0,1,0,0,5
51,1973,0.0,0.0,1,0,0,5
51,1974,0.0,0.0,1,0,0,5
51,1975,0.0,0.0,1,0,0,5
51,1976,0.0,0.0,1,0,0,5
51,1977,0.0,0.0,1,0,0,5
51,1978,0.0,0.0,1,0,0,5
51,1979,0.0,0.0,1,0,0,5
51,1980,0.0,0.0,1,0,0,5
51,1981,0.0,0.0,1,0,0,5
51,1982,0.0,0.0,1,0,0,5
51,1983,0.0,0.0,1,0,0,5
51,1984,0.0,0.0,1,0,0,5
51,1985,0.0,0.0,1,0,0,5
51,1986,0.0,0.0,1,0,0,5
51,1987,0.0,0.0,1,0,0,5
51,1988,0.0,0.0,1,0,0,5
51,1989,0.0,0.0,1,0,0,5
51,1990,0.0,0.0,1,0,0,5
51,1991,0.0,0.0,1,0,0,5
51,1992,0.0,0.0,1,0,0,5
51,1993,0.0,0.0,1,0,0,5
51,1994,0.0,0.0,1,0,0,5
51,1995,0.0,0.0,1,0,0,5
51,1996,0.0,0.0,1,0,0,5
51,1997,0.0,0.0,1,0,0,5
51,1998,0.0,0.0,1,0,0,5
51,1999,0.0,0.0,1,0,0,5
52,0,0.0,0.0,0,0,0,5
52,1,0.0,0.0,0,0,0,5
52,2,0.0,0.0,0,0,0,5
52,3,0.0,0.0,0,0,0,5
52,4,0.0,0.0,0,0,0,5
52,5,0.0,0.0,0,0,0,5
52,6,0.0,0.0,0,0,0,5
52,7,0.0,0.0,0,0,0,5
52,8,0.0,0.0,0,0,0,5
52,9,0.0,0.0,0,0,0,5
52,10,0.0,0.0,0,0,0,5
52,11,0.0,0.0,0,0,0,5
52,12,0.0,0.0,0,0,0,5
52,13,0.0,0.0,0,0,0,5
52,14,0.0,0.0,0,0,0,5
52,15,0.0,0.0,0,0,0,5
52,16,0.0,0.0,0,0,0,5
52,17,0.0,0.0,0,0,0,5
52,18,0.0,0.0,0,0,0,5
52,19,0.0,0.0,0,0,0,5
52,20,0.0,0.0,0,0,0,5
52,21,0.0,0.0,0,0,0,5
52,22,0.0,0.0,0,0,0,5
52,23,0.0,0.0,0,0,0,5
52,24,0.0,0.0,0,0,0,5
52,25,0.0,0.0,0,0,0,5
52,26,0.0,0.0,0,0,0,5
52,27,0.0,0.0,0,0,0,5
52,28,0.0,0.0,0,0,0,5
52,29,0.0,0.0,0,0,0,5
52,30,0.0,0.0,0,0,0,5
52,31,0.0,0.0,0,0,0,5
52,32,0.0,0.0,0,0,0,5
52,33,0.0,0.0,0,0,0,5
52,34,0.0,0.0,0,0,0,5
52,35,0.0,0.0,0,0,0,5
52,36,0.0,0.0,0,0,0,5
52,37,0.0,0.0,0,0,0,5
52,38,0.0,0.0,0,0,0,5
52,39,0.0,0.0,0,0,0,5
52,40,0.0,0.0,0,0,0,5
52,41,0.0,0.0,0,0,0,5
52,42,0.0,0.0,0,0,0,5
52,43,0.0,0.0,0,0,0,5
52,44,0.0,0.0,0,0,0,5
52,45,0.0,0.0,0,0,0,5
52,46,0.0,0.0,0,0,0,5
52,47,0.0,0.0,0,0,0,5
52,48,0.0,0.0,0,0,0,5
52,49,0.0,0.0,0,0,0,5
52,50,0.0,0.0,0,0,0,5
52,51,0.0,0.0,0,0,0,5
52,52,0.0,0.0,0,0,0,5
52,53,0.0,0.0,0,0,0,5
52,54,0.0,0.0,0,0,0,5
52,55,0.0,0.0,0,0,0,5
52,56,0.0,0.0,0,0,0,5
52,57,0.0,0.0,0,0,0,5
52,58,0.0,0.0,0,0,0,5
52,59,0.0,0.0,0,0,0,5
52,60,0.0,0.0,0,0,0,5
52,61,0.0,0.0,0,0,0,5
52,62,0.0,0.0,0,0,0,5
52,63,0.0,0.0,0,0,0,5
52,64,0.0,0.0,0,0,0,5
52,65,0.0,0.0,0,0,0,5
52,66,0.0,0.0,0,0,0,5
52,67,0.0,0.0,0,0,0,5
52,68,0.0,0.0,0,0,0,5
52,69,0.0,1.0,0,0,0,5
52,70,0.0,1.0,0,0,0,5
52,71,0.0,1.0,0,0,0,5
52,72,0.0,1.0,0,0,0,5
52,73,0.0,1.0,0,0,0,5
52,74,0.0,1.0,0,0,0,5
52,75,0.0,1.0,0,0,0,5
52,76,1.0,1.0,0,0,0,5
52,77,1.0,1.0,0,0,0,5
52,78,1.0,1.0,0,0,0,5
52,79,1.0,1.0,0,0,0,5
52,80,1.0,1.0,0,0,0,5
52,81,1.0,1.0,0,0,0,5
52,82,1.0,1.0,0,0,0,5
52,83,1.0,1.0,0,0,0,5
52,84,1.0,1.0,0,0,0,5
52,85,1.0,1.0,0,0,0,5
52,86,1.0,1.0,0,0,0,5
52,87,1.0,1.0,0,0,0,5
52,88,1.0,1.0,0,0,0,5
52,89,1.0,1.0,0,0,0,5
52,90,1.0,1.0,0,0,0,5
52,91,1.0,1.0,0,0,0,5
52,92,1.0,1.0,0,0,0,5
52,93,1.0,1.0,0,0,0,5
52,94,1.0,1.0,0,0,0,5
52,95,1.0,1.0,0,0,0,5
52,96,1.0,1.0,0,0,0,5
52,97,1.0,1.0,0,0,0,5
52,98,1.0,1.0,0,0,0,5
52,99,1.0,1.0,0,0,0,5
52,100,1.0,1.0,0,0,0,5
52,101,1.0,1.0,0,0,0,5
52,102,1.0,1.0,0,0,0,5
52,103,1.0,1.0,0,0,0,5
52,104,1.0,1.0,0,0,0,5
52,105,1.0,1.0,0,0,0,5
52,106,1.0,1.0,0,0,0,5
52,107,1.0,1.0,0,0,0,5
52,108,1.0,1.0,0,0,0,5
52,109,1.0,1.0,0,0,0,5
52,110,1.0,1.0,0,0,0,5
52,111,1.0,1.0,0,0,0,5
52,112,1.0,1.0,0,0,0,5
52,113,1.0,1.0,0,0,0,5
52,114,1.0,1.0,0,0,0,5
52,115,1.0,1.0,0,0,0,5
52,116,1.0,1.0,0,0,0,5
52,117,1.0,1.0,0,0,0,5
52,118,1.0,1.0,0,0,0,5
52,119,1.0,1.0,0,0,0,5
52,120,1.0,1.0,0,0,0,5
52,121,1.0,1.0,0,0,0,5
52,122,1.0,1.0,0,0,0,5
52,123,1.0,1.0,0,0,0,5
52,124,1.0,1.0,0,0,0,5
52,125,1.0,1.0,0,0,0,5
52,126,1.0,1.0,0,0,0,5
52,127,1.0,1.0,0,0,0,5
52,128,1.0,1.0,0,0,0,5
52,129,1.0,1.0,0,0,0,5
52,130,1.0,1.0,0,0,0,5
52,131,1.0,1.0,0,0,0,5
52,132,1.0,1.0,0,0,0,5
52,133,1.0,1.0,0,0,0,5
52,134,1.0,1.0,0,0,0,5
52,135,1.0,1.0,0,0,0,5
52,136,1.0,1.0,0,0,0,5
52,137,1.0,1.0,0,0,0,5
52,138,1.0,1.0,0,0,0,5
52,139,1.0,1.0,0,0,0,5
52,140,1.0,1.0,0,0,0,5
52,141,1.0,1.0,0,0,0,5
52,142,1.0,1.0,0,0,0,5
52,143,1.0,1.0,0,0,0,5
52,144,1.0,1.0,0,0,0,5
52,145,1.0,1.0,0,0,0,5
52,146,1.0,1.0,0,0,0,5
52,147,1.0,1.0,0,0,0,5
52,148,1.0,1.0,0,0,0,5
52,149,1.0,1.0,0,0,0,5
52,150,1.0,1.0,0,0,0,5
52,151,1.0,1.0,0,0,0,5
52,152,1.0,1.0,0,0,0,5
52,153,1.0,1.0,0,0,0,5
52,154,1.0,1.0,0,0,0,5
52,155,1.0,1.0,0,0,0,5
52,156,1.0,1.0,0,0,0,5
52,157,1.0,1.0,0,0,0,5
52,158,1.0,1.0,0,1,0,5
52,159,1.0,1.0,0,1,0,5
52,160,1.0,1.0,0,1,0,5
52,161,1.0,1.0,0,1,0,5
52,162,1.0,1.0,0,1,0,5
52,163,1.0,1.0,0,1,0,5
52,164,1.0,1.0,0,1,0,5
52,165,1.0,1.0,0,1,0,5
52,166,1.0,1.0,0,1,0,5
52,167,1.0,1.0,0,1,0,5
52,168,1.0,1.0,0,1,0,5
52,169,1.0,1.0,0,1,0,5
52,170,1.0,1.0,0,1,0,5
52,171,1.0,1.0,0,1,0,5
52,172,1.0,1.0,0,1,0,5
52,173,1.0,1.0,0,1,0,5
52,174,1.0,1.0,0,1,0,5
52,175,1.0,1.0,0,1,0,5
52,176,1.0,1.0,0,1,0,5
52,177,1.0,1.0,0,1,0,5
52,178,1.0,1.0,0,1,0,5
52,179,1.0,1.0,0,1,0,5
52,180,1.0,1.0,0,1,0,5
52,181,1.0,1.0,0,1,0,5
52,182,1.0,1.0,0,1,0,5
52,183,1.0,1.0,0,1,0,5
52,184,1.0,1.0,0,1,0,5
52,185,1.0,1.0,0,1,0,5
52,186,1.0,1.0,0,1,0,5
52,187,1.0,1.0,0,1,0,5
52,188,1.0,1.0,0,1,0,5
52,189,1.0,1.0,0,1,0,5
52,190,1.0,1.0,0,1,0,5
52,191,1.0,1.0,0,1,0,5
52,192,1.0,1.0,0,1,0,5
52,193,1.0,1.0,0,1,0,5
52,194,1.0,1.0,0,1,0,5
52,195,1.0,1.0,0,1,0,5
52,196,1.0,1.0,0,1,0,5
52,197,1.0,1.0,0,1,0,5
52,198,1.0,1.0,0,1,0,5
52,199,1.0,1.0,0,1,0,5
52,200,1.0,1.0,0,1,0,5
52,201,1.0,1.0,0,1,0,5
52,202,1.0,1.0,0,1,0,5
52,203,1.0,1.0,0,1,0,5
52,204,1.0,1.0,0,1,0,5
52,205,1.0,1.0,0,1,0,5
52,206,1.0,1.0,0,1,0,5
52,207,1.0,1.0,0,1,0,5
52,208,1.0,1.0,0,1,0,5
52,209,1.0,1.0,0,1,0,5
52,210,1.0,1.0,0,1,0,5
52,211,1.0,1.0,0,1,0,5
52,212,1.0,1.0,0,1,0,5
52,213,1.0,1.0,0,1,0,5
52,214,1.0,1.0,0,1,0,5
52,215,1.0,1.0,0,1,0,5
52,216,1.0,1.0,0,1,0,5
52,217,1.0,1.0,0,1,0,5
52,218,1.0,1.0,0,1,0,5
52,219,1.0,1.0,0,1,0,5
52,220,1.0,1.0,0,1,0,5
52,221,1.0,1.0,0,1,0,5
52,222,1.0,1.0,0,1,0,5
52,223,1.0,1.0,0,1,0,5
52,224,1.0,1.0,0,1,0,5
52,225,1.0,1.0,0,1,0,5
52,226,1.0,1.0,0,1,0,5
52,227,1.0,1.0,0,1,0,5
52,228,1.0,1.0,0,1,0,5
52,229,1.0,1.0,0,1,0,5
52,230,1.0,1.0,0,1,0,5
52,231,1.0,1.0,0,1,0,5
52,232,1.0,1.0,0,1,0,5
52,233,1.0,1.0,0,1,0,5
52,234,1.0,1.0,0,1,0,5
52,235,1.0,1.0,0,1,0,5
52,236,1.0,1.0,0,1,0,5
52,237,1.0,1.0,0,1,0,5
52,238,1.0,1.0,0,1,0,5
52,239,1.0,1.0,0,1,0,5
52,240,1.0,1.0,0,1,0,5
52,241,1.0,1.0,0,1,0,5
52,242,1.0,1.0,0,1,0,5
52,243,1.0,1.0,0,1,0,5
52,244,1.0,1.0,0,1,0,5
52,245,1.0,1.0,0,1,0,5
52,246,1.0,1.0,0,1,0,5
52,247,1.0,1.0,0,1,0,5
52,248,1.0,1.0,0,1,0,5
52,249,1.0,1.0,0,1,0,5
52,250,1.0,1.0,0,1,0,5
52,251,1.0,1.0,0,1,0,5
52,252,1.0,1.0,0,1,0,5
52,253,1.0,1.0,0,1,0,5
52,254,1.0,1.0,0,1,0,5
52,255,1.0,1.0,0,1,0,5
52,256,1.0,1.0,0,1,0,5
52,257,1.0,1.0,0,1,0,5
52,258,1.0,1.0,0,1,0,5
52,259,1.0,1.0,0,1,0,5
52,260,1.0,1.0,0,1,0,5
52,261,1.0,1.0,0,1,0,5
52,262,1.0,1.0,0,1,0,5
52,263,1.0,1.0,0,1,0,5
52,264,1.0,1.0,0,1,0,5
52,265,1.0,1.0,0,1,0,5
52,266,1.0,1.0,0,1,0,5
52,267,1.0,1.0,0,1,0,5
52,268,1.0,1.0,0,1,0,5
52,269,1.0,1.0,0,1,0,5
52,270,1.0,1.0,0,1,0,5
52,271,1.0,1.0,0,1,0,5
52,272,1.0,1.0,0,1,0,5
52,273,1.0,1.0,0,1,0,5
52,274,1.0,1.0,0,1,0,5
52,275,1.0,1.0,0,1,0,5
52,276,1.0,1.0,0,1,0,5
52,277,1.0,1.0,0,1,0,5
52,278,1.0,1.0,0,1,0,5
52,279,1.0,1.0,0,1,0,5
52,280,1.0,1.0,0,1,0,5
52,281,1.0,1.0,0,1,0,5
52,282,1.0,1.0,0,1,0,5
52,283,1.0,1.0,0,1,0,5
52,284,1.0,1.0,0,1,0,5
52,285,1.0,1.0,0,1,0,5
52,286,1.0,1.0,0,1,0,5
52,287,1.0,1.0,0,1,0,5
52,288,1.0,1.0,0,1,0,5
52,289,1.0,1.0,0,1,0,5
52,290,1.0,1.0,0,1,0,5
52,291,1.0,1.0,0,1,0,5
52,292,1.0,1.0,0,1,0,5
52,293,1.0,1.0,0,1,0,5
52,294,1.0,1.0,0,1,0,5
52,295,1.0,1.0,0,1,0,5
52,296,1.0,1.0,0,1,0,5
52,297,1.0,1.0,0,1,0,5
52,298,1.0,1.0,0,1,0,5
52,299,1.0,1.0,0,1,0,5
52,300,1.0,1.0,0,1,0,5
52,301,1.0,1.0,0,1,0,5
52,302,1.0,1.0,0,1,0,5
52,303,1.0,1.0,0,1,0,5
52,304,1.0,1.0,0,1,0,5
52,305,1.0,1.0,0,1,0,5
52,306,1.0,1.0,0,1,0,5
52,307,1.0,1.0,0,1,0,5
52,308,1.0,1.0,0,1,0,5
52,309,1.0,1.0,0,1,0,5
52,310,1.0,1.0,0,1,0,5
52,311,1.0,1.0,0,1,0,5
52,312,1.0,1.0,0,1,0,5
52,313,1.0,1.0,0,1,0,5
52,314,1.0,1.0,0,1,0,5
52,315,1.0,1.0,0,1,0,5
52,316,1.0,1.0,0,1,0,5
52,317,1.0,1.0,0,1,0,5
52,318,1.0,1.0,0,1,0,5
52,319,1.0,1.0,0,1,0,5
52,320,1.0,1.0,0,1,0,5
52,321,1.0,1.0,0,1,0,5
52,322,1.0,1.0,0,1,0,5
52,323,1.0,1.0,0,1,0,5
52,324,1.0,1.0,0,1,0,5
52,325,1.0,0.0,0,1,0,5
52,326,1.0,0.0,0,1,0,5
52,327,1.0,0.0,0,1,0,5
52,328,1.0,0.0,0,1,0,5
52,329,1.0,0.0,0,1,0,5
52,330,1.0,0.0,0,1,0,5
52,331,0.0,0.0,0,1,0,5
52,332,0.0,0.0,0,1,0,5
52,333,0.0,0.0,0,1,0,5
52,334,0.0,0.0,0,1,0,5
52,335,0.0,0.0,0,1,0,5
52,336,0.0,0.0,0,1,0,5
52,337,0.0,0.0,0,1,0,5
52,338,0.0,0.0,0,1,0,5
52,339,0.0,0.0,0,1,0,5
52,340,0.0,0.0,0,1,0,5
52,341,0.0,0.0,0,1,0,5
52,342,0.0,0.0,0,1,0,5
52,343,0.0,0.0,0,1,0,5
52,344,0.0,0.0,0,1,0,5
52,345,0.0,0.0,0,1,0,5
52,346,0.0,0.0,0,1,0,5
52,347,0.0,0.0,0,1,0,5
52,348,0.0,0.0,0,1,0,5
52,349,0.0,0.0,0,1,0,5
52,350,0.0,0.0,0,1,0,5
52,351,0.0,0.0,0,1,0,5
52,352,0.0,0.0,0,1,0,5
52,353,0.0,0.0,0,1,0,5
52,354,0.0,0.0,0,1,0,5
52,355,0.0,0.0,0,1,0,5
52,356,0.0,0.0,0,1,0,5
52,357,0.0,0.0,0,1,0,5
52,358,0.0,0.0,0,1,0,5
52,359,0.0,0.0,0,1,0,5
52,360,0.0,0.0,0,1,0,5
52,361,0.0,0.0,0,1,0,5
52,362,0.0,0.0,0,1,0,5
52,363,0.0,0.0,0,1,0,5
52,364,0.0,0.0,0,1,0,5
52,365,0.0,0.0,0,1,0,5
52,366,0.0,0.0,0,1,0,5
52,367,0.0,0.0,0,1,0,5
52,368,0.0,0.0,0,1,0,5
52,369,0.0,0.0,0,1,0,5
52,370,0.0,0.0,0,1,0,5
52,371,0.0,0.0,0,1,0,5
52,372,0.0,0.0,0,1,0,5
52,373,0.0,0.0,0,1,0,5
52,374,0.0,0.0,0,1,0,5
52,375,0.0,0.0,0,1,0,5
52,376,0.0,0.0,0,1,0,5
52,377,0.0,0.0,0,1,0,5
52,378,0.0,0.0,0,1,0,5
52,379,0.0,0.0,0,1,0,5
52,380,0.0,0.0,0,1,0,5
52,381,0.0,0.0,0,1,0,5
52,382,0.0,0.0,0,1,0,5
52,383,0.0,0.0,0,1,0,5
52,384,0.0,0.0,0,1,0,5
52,385,0.0,0.0,0,1,0,5
52,386,0.0,0.0,0,1,0,5
52,387,0.0,0.0,0,1,0,5
52,388,0.0,0.0,0,1,0,5
52,389,0.0,0.0,0,1,0,5
52,390,0.0,0.0,0,1,0,5
52,391,0.0,0.0,0,1,0,5
52,392,0.0,0.0,0,1,0,5
52,393,0.0,0.0,0,1,0,5
52,394,0.0,0.0,0,1,0,5
52,395,0.0,0.0,0,1,0,5
52,396,0.0,0.0,0,1,0,5
52,397,0.0,0.0,0,1,0,5
52,398,0.0,0.0,0,1,0,5
52,399,0.0,0.0,0,1,0,5
52,400,0.0,0.0,0,1,0,5
52,401,0.0,0.0,0,1,0,5
52,402,0.0,0.0,0,1,0,5
52,403,0.0,0.0,0,1,0,5
52,404,0.0,0.0,0,1,0,5
52,405,0.0,0.0,0,1,0,5
52,406,0.0,0.0,0,1,0,5
52,407,0.0,0.0,0,1,0,5
52,408,0.0,0.0,0,1,0,5
52,409,0.0,0.0,0,1,0,5
52,410,0.0,0.0,0,1,0,5
52,411,0.0,0.0,0,1,0,5
52,412,0.0,0.0,0,1,0,5
52,413,0.0,0.0,0,1,0,5
52,414,0.0,0.0,0,1,0,5
52,415,0.0,0.0,0,1,0,5
52,416,0.0,0.0,0,1,0,5
52,417,0.0,0.0,0,1,0,5
52,418,0.0,0.0,0,1,0,5
52,419,0.0,0.0,0,1,0,5
52,420,0.0,0.0,0,1,0,5
52,421,0.0,0.0,0,1,0,5
52,422,0.0,0.0,0,1,0,5
52,423,0.0,0.0,0,1,0,5
52,424,0.0,0.0,0,1,0,5
52,425,0.0,0.0,0,1,0,5
52,426,0.0,0.0,0,1,0,5
52,427,0.0,0.0,0,1,0,5
52,428,0.0,0.0,0,1,0,5
52,429,0.0,0.0,0,1,0,5
52,430,0.0,0.0,0,1,0,5
52,431,0.0,0.0,0,1,0,5
52,432,0.0,0.0,0,1,0,5
52,433,0.0,0.0,0,1,0,5
52,434,0.0,0.0,0,1,0,5
52,435,0.0,0.0,0,1,0,5
52,436,0.0,0.0,0,1,0,5
52,437,0.0,0.0,0,1,0,5
52,438,0.0,0.0,0,1,0,5
52,439,0.0,0.0,0,1,0,5
52,440,0.0,0.0,0,1,0,5
52,441,0.0,0.0,0,1,0,5
52,442,0.0,0.0,0,1,0,5
52,443,0.0,0.0,0,1,0,5
52,444,0.0,0.0,0,1,0,5
52,445,0.0,0.0,0,1,0,5
52,446,0.0,0.0,0,1,0,5
52,447,0.0,0.0,0,1,0,5
52,448,0.0,0.0,0,1,0,5
52,449,0.0,0.0,0,1,0,5
52,450,0.0,0.0,0,1,0,5
52,451,0.0,0.0,0,1,0,5
52,452,0.0,0.0,0,1,0,5
52,453,0.0,0.0,0,1,0,5
52,454,0.0,0.0,0,1,0,5
52,455,0.0,0.0,0,1,0,5
52,456,0.0,0.0,0,1,0,5
52,457,0.0,0.0,0,1,0,5
52,458,0.0,0.0,0,1,0,5
52,459,0.0,0.0,0,1,0,5
52,460,0.0,0.0,0,1,0,5
52,461,0.0,0.0,0,1,0,5
52,462,0.0,0.0,0,1,0,5
52,463,0.0,0.0,0,1,0,5
52,464,0.0,0.0,0,1,0,5
52,465,0.0,0.0,0,1,0,5
52,466,0.0,0.0,0,1,0,5
52,467,0.0,0.0,0,1,0,5
52,468,0.0,0.0,0,1,0,5
52,469,0.0,0.0,0,1,0,5
52,470,0.0,0.0,0,1,0,5
52,471,0.0,0.0,0,1,0,5
52,472,0.0,0.0,0,1,0,5
52,473,0.0,0.0,0,1,0,5
52,474,0.0,0.0,0,1,0,5
52,475,0.0,0.0,0,1,0,5
52,476,0.0,0.0,0,1,0,5
52,477,0.0,0.0,0,1,0,5
52,478,0.0,0.0,0,1,0,5
52,479,0.0,0.0,0,1,0,5
52,480,0.0,0.0,0,1,0,5
52,481,0.0,0.0,0,1,0,5
52,482,0.0,0.0,0,1,0,5
52,483,0.0,0.0,0,1,0,5
52,484,0.0,0.0,0,1,0,5
52,485,0.0,0.0,0,1,0,5
52,486,0.0,0.0,0,1,0,5
52,487,0.0,0.0,0,1,0,5
52,488,0.0,0.0,0,1,0,5
52,489,0.0,0.0,0,1,0,5
52,490,0.0,0.0,0,1,0,5
52,491,0.0,0.0,0,1,0,5
52,492,0.0,0.0,0,1,0,5
52,493,0.0,0.0,0,1,0,5
52,494,0.0,0.0,0,1,0,5
52,495,0.0,0.0,0,1,0,5
52,496,0.0,0.0,0,1,0,5
52,497,0.0,0.0,0,1,0,5
52,498,0.0,0.0,0,1,0,5
52,499,0.0,0.0,0,1,0,5
52,500,0.0,0.0,0,1,0,5
52,501,0.0,0.0,0,1,0,5
52,502,0.0,0.0,0,1,0,5
52,503,0.0,0.0,0,1,0,5
52,504,0.0,0.0,0,1,0,5
52,505,0.0,0.0,0,1,0,5
52,506,0.0,0.0,0,1,0,5
52,507,0.0,0.0,0,1,0,5
52,508,0.0,0.0,0,1,0,5
52,509,0.0,0.0,0,1,0,5
52,510,0.0,0.0,0,1,0,5
52,511,0.0,0.0,0,1,0,5
52,512,0.0,0.0,0,1,0,5
52,513,0.0,0.0,0,1,0,5
52,514,0.0,0.0,0,1,0,5
52,515,0.0,0.0,0,1,0,5
52,516,0.0,0.0,0,1,0,5
52,517,0.0,0.0,0,1,0,5
52,518,0.0,0.0,0,1,0,5
52,519,0.0,0.0,0,1,0,5
52,520,0.0,0.0,0,1,0,5
52,521,0.0,0.0,0,1,0,5
52,522,0.0,0.0,0,1,0,5
52,523,0.0,0.0,0,1,0,5
52,524,0.0,0.0,0,1,0,5
52,525,0.0,0.0,0,1,0,5
52,526,0.0,0.0,0,1,0,5
52,527,0.0,0.0,0,1,0,5
52,528,0.0,0.0,0,1,0,5
52,529,0.0,0.0,0,1,0,5
52,530,0.0,0.0,0,1,0,5
52,531,0.0,0.0,0,1,0,5
52,532,0.0,0.0,0,1,0,5
52,533,0.0,0.0,0,1,0,5
52,534,0.0,0.0,0,1,0,5
52,535,0.0,0.0,0,1,0,5
52,536,0.0,0.0,0,1,0,5
52,537,0.0,0.0,0,1,0,5
52,538,0.0,0.0,0,1,0,5
52,539,0.0,0.0,0,1,0,5
52,540,0.0,0.0,0,1,0,5
52,541,0.0,0.0,0,1,0,5
52,542,0.0,0.0,0,1,0,5
52,543,0.0,0.0,0,1,0,5
52,544,0.0,0.0,0,1,0,5
52,545,0.0,0.0,0,1,0,5
52,546,0.0,0.0,0,1,0,5
52,547,0.0,0.0,0,1,0,5
52,548,0.0,0.0,0,1,0,5
52,549,0.0,0.0,0,1,0,5
52,550,0.0,0.0,0,1,0,5
52,551,0.0,0.0,0,1,0,5
52,552,0.0,0.0,0,1,0,5
52,553,0.0,0.0,0,1,0,5
52,554,0.0,0.0,0,1,0,5
52,555,0.0,0.0,0,1,0,5
52,556,0.0,0.0,0,1,0,5
52,557,0.0,0.0,0,1,0,5
52,558,0.0,0.0,0,1,0,5
52,559,0.0,0.0,0,1,0,5
52,560,0.0,0.0,0,1,0,5
52,561,0.0,0.0,0,1,0,5
52,562,0.0,0.0,0,1,0,5
52,563,0.0,0.0,0,1,0,5
52,564,0.0,0.0,0,1,0,5
52,565,0.0,0.0,0,1,0,5
52,566,0.0,0.0,0,1,0,5
52,567,0.0,0.0,0,1,0,5
52,568,0.0,0.0,0,1,0,5
52,569,0.0,0.0,0,1,0,5
52,570,0.0,0.0,0,1,0,5
52,571,0.0,0.0,0,1,0,5
52,572,0.0,0.0,0,1,0,5
52,573,0.0,0.0,0,1,0,5
52,574,0.0,0.0,0,1,0,5
52,575,0.0,0.0,0,1,0,5
52,576,0.0,0.0,0,1,0,5
52,577,0.0,0.0,0,1,0,5
52,578,0.0,0.0,0,1,0,5
52,579,0.0,0.0,0,1,0,5
52,580,0.0,0.0,0,1,0,5
52,581,0.0,0.0,0,1,0,5
52,582,0.0,0.0,0,1,0,5
52,583,0.0,0.0,0,1,0,5
52,584,0.0,0.0,0,1,0,5
52,585,0.0,0.0,0,1,0,5
52,586,0.0,0.0,0,1,0,5
52,587,0.0,0.0,0,1,0,5
52,588,0.0,0.0,0,1,0,5
52,589,0.0,0.0,0,1,0,5
52,590,0.0,0.0,0,1,0,5
52,591,0.0,0.0,0,1,0,5
52,592,0.0,0.0,0,1,0,5
52,593,0.0,0.0,0,1,0,5
52,594,0.0,0.0,0,1,0,5
52,595,0.0,0.0,0,1,0,5
52,596,0.0,0.0,0,1,0,5
52,597,0.0,0.0,0,1,0,5
52,598,0.0,0.0,0,1,0,5
52,599,0.0,0.0,0,1,0,5
52,600,0.0,0.0,0,1,0,5
52,601,0.0,0.0,0,1,0,5
52,602,0.0,0.0,0,1,0,5
52,603,0.0,0.0,0,1,0,5
52,604,0.0,0.0,0,1,0,5
52,605,0.0,0.0,0,1,0,5
52,606,0.0,0.0,0,1,0,5
52,607,0.0,0.0,0,1,0,5
52,608,0.0,0.0,0,1,0,5
52,609,0.0,0.0,0,1,0,5
52,610,0.0,0.0,0,1,0,5
52,611,0.0,0.0,0,1,0,5
52,612,0.0,0.0,0,1,0,5
52,613,0.0,0.0,0,1,0,5
52,614,0.0,0.0,0,1,0,5
52,615,0.0,0.0,0,1,0,5
52,616,0.0,0.0,0,1,0,5
52,617,0.0,0.0,0,1,0,5
52,618,0.0,0.0,0,1,0,5
52,619,0.0,0.0,0,1,0,5
52,620,0.0,0.0,0,1,0,5
52,621,0.0,0.0,0,1,0,5
52,622,0.0,0.0,0,1,0,5
52,623,0.0,0.0,0,1,0,5
52,624,0.0,0.0,0,1,0,5
52,625,0.0,0.0,0,1,0,5
52,626,0.0,0.0,0,1,0,5
52,627,0.0,0.0,0,1,0,5
52,628,0.0,0.0,0,1,0,5
52,629,0.0,0.0,0,1,0,5
52,630,0.0,0.0,0,1,0,5
52,631,0.0,0.0,0,1,0,5
52,632,0.0,0.0,0,1,0,5
52,633,0.0,0.0,0,1,0,5
52,634,0.0,0.0,0,1,0,5
52,635,0.0,0.0,0,1,0,5
52,636,0.0,0.0,0,1,0,5
52,637,0.0,0.0,0,1,0,5
52,638,0.0,0.0,0,1,0,5
52,639,0.0,0.0,0,1,0,5
52,640,0.0,0.0,0,1,0,5
52,641,0.0,0.0,0,1,0,5
52,642,0.0,0.0,0,1,0,5
52,643,0.0,0.0,0,1,0,5
52,644,0.0,0.0,0,1,0,5
52,645,0.0,0.0,0,1,0,5
52,646,0.0,0.0,0,1,0,5
52,647,0.0,0.0,0,1,0,5
52,648,0.0,0.0,0,1,0,5
52,649,0.0,0.0,0,1,0,5
52,650,0.0,0.0,0,1,0,5
52,651,0.0,0.0,0,1,0,5
52,652,0.0,0.0,0,1,0,5
52,653,0.0,0.0,0,1,0,5
52,654,0.0,0.0,0,1,0,5
52,655,0.0,0.0,0,1,0,5
52,656,0.0,0.0,0,1,0,5
52,657,0.0,0.0,0,1,0,5
52,658,0.0,0.0,0,1,0,5
52,659,0.0,0.0,0,1,0,5
52,660,0.0,0.0,0,1,0,5
52,661,0.0,0.0,0,1,0,5
52,662,0.0,0.0,0,1,0,5
52,663,0.0,0.0,0,1,0,5
52,664,0.0,0.0,0,1,0,5
52,665,0.0,0.0,0,1,0,5
52,666,0.0,0.0,0,1,0,5
52,667,0.0,0.0,0,1,0,5
52,668,0.0,0.0,0,1,0,5
52,669,0.0,0.0,0,1,0,5
52,670,0.0,0.0,0,1,0,5
52,671,0.0,0.0,0,1,0,5
52,672,0.0,0.0,0,1,0,5
52,673,0.0,0.0,0,1,0,5
52,674,0.0,0.0,0,1,0,5
52,675,0.0,0.0,0,1,0,5
52,676,0.0,0.0,0,1,0,5
52,677,0.0,0.0,0,1,0,5
52,678,0.0,0.0,0,1,0,5
52,679,0.0,0.0,0,1,0,5
52,680,0.0,0.0,0,1,0,5
52,681,0.0,0.0,0,1,0,5
52,682,0.0,0.0,0,1,0,5
52,683,0.0,0.0,0,1,0,5
52,684,0.0,0.0,0,1,0,5
52,685,0.0,0.0,0,1,0,5
52,686,0.0,0.0,0,1,0,5
52,687,0.0,0.0,0,1,0,5
52,688,0.0,0.0,0,1,0,5
52,689,0.0,0.0,0,1,0,5
52,690,0.0,0.0,0,1,0,5
52,691,0.0,0.0,0,1,0,5
52,692,0.0,0.0,0,1,0,5
52,693,0.0,0.0,0,1,0,5
52,694,0.0,0.0,0,1,0,5
52,695,0.0,0.0,0,1,0,5
52,696,0.0,0.0,0,1,0,5
52,697,0.0,0.0,0,1,0,5
52,698,0.0,0.0,0,1,0,5
52,699,0.0,0.0,0,1,0,5
52,700,0.0,0.0,0,1,0,5
52,701,0.0,0.0,0,1,0,5
52,702,0.0,0.0,0,1,0,5
52,703,0.0,0.0,0,1,0,5
52,704,0.0,0.0,0,1,0,5
52,705,0.0,0.0,0,1,0,5
52,706,0.0,0.0,0,1,0,5
52,707,0.0,0.0,0,1,0,5
52,708,0.0,0.0,0,1,0,5
52,709,0.0,0.0,0,1,0,5
52,710,0.0,0.0,0,1,0,5
52,711,0.0,0.0,0,1,0,5
52,712,0.0,0.0,0,1,0,5
52,713,0.0,0.0,0,1,0,5
52,714,0.0,0.0,0,1,0,5
52,715,0.0,0.0,0,1,0,5
52,716,0.0,0.0,0,1,0,5
52,717,0.0,0.0,0,1,0,5
52,718,0.0,0.0,0,1,0,5
52,719,0.0,0.0,0,1,0,5
52,720,0.0,0.0,0,1,0,5
52,721,0.0,0.0,0,1,0,5
52,722,0.0,0.0,0,1,0,5
52,723,0.0,0.0,0,1,0,5
52,724,0.0,0.0,0,1,0,5
52,725,0.0,0.0,0,1,0,5
52,726,0.0,0.0,0,1,0,5
52,727,0.0,0.0,0,1,0,5
52,728,0.0,0.0,0,1,0,5
52,729,0.0,0.0,0,1,0,5
52,730,0.0,0.0,0,1,0,5
52,731,0.0,0.0,0,1,0,5
52,732,0.0,0.0,0,1,0,5
52,733,0.0,0.0,0,1,0,5
52,734,0.0,0.0,0,1,0,5
52,735,0.0,0.0,0,1,0,5
52,736,0.0,0.0,0,1,0,5
52,737,0.0,0.0,0,1,0,5
52,738,0.0,0.0,0,1,0,5
52,739,0.0,0.0,0,1,0,5
52,740,0.0,0.0,0,1,0,5
52,741,0.0,0.0,0,1,0,5
52,742,0.0,0.0,0,1,0,5
52,743,0.0,0.0,0,1,0,5
52,744,0.0,0.0,0,1,0,5
52,745,0.0,0.0,0,1,0,5
52,746,0.0,0.0,0,1,0,5
52,747,0.0,0.0,0,1,0,5
52,748,0.0,0.0,0,1,0,5
52,749,0.0,0.0,0,1,0,5
52,750,0.0,0.0,0,1,0,5
52,751,0.0,0.0,0,1,0,5
52,752,0.0,0.0,0,1,0,5
52,753,0.0,0.0,0,1,0,5
52,754,0.0,0.0,0,1,0,5
52,755,0.0,0.0,0,1,0,5
52,756,0.0,0.0,0,1,0,5
52,757,0.0,0.0,0,1,0,5
52,758,0.0,0.0,0,1,0,5
52,759,0.0,0.0,0,1,0,5
52,760,0.0,0.0,0,1,0,5
52,761,0.0,0.0,0,1,0,5
52,762,0.0,0.0,0,1,0,5
52,763,0.0,0.0,0,1,0,5
52,764,0.0,0.0,0,1,0,5
52,765,0.0,0.0,0,1,0,5
52,766,0.0,0.0,0,1,0,5
52,767,0.0,0.0,0,1,0,5
52,768,0.0,0.0,0,1,0,5
52,769,0.0,0.0,0,1,0,5
52,770,0.0,0.0,0,1,0,5
52,771,0.0,0.0,0,1,0,5
52,772,0.0,0.0,0,1,0,5
52,773,0.0,0.0,0,1,0,5
52,774,0.0,0.0,0,1,0,5
52,775,0.0,0.0,0,1,0,5
52,776,0.0,0.0,0,1,0,5
52,777,0.0,0.0,0,1,0,5
52,778,0.0,0.0,0,1,0,5
52,779,0.0,0.0,0,1,0,5
52,780,0.0,0.0,0,1,0,5
52,781,0.0,0.0,0,1,0,5
52,782,0.0,0.0,0,1,0,5
52,783,0.0,0.0,0,1,0,5
52,784,0.0,0.0,0,1,0,5
52,785,0.0,0.0,0,1,0,5
52,786,0.0,0.0,0,1,0,5
52,787,0.0,0.0,0,1,0,5
52,788,0.0,0.0,0,1,0,5
52,789,0.0,0.0,0,1,0,5
52,790,0.0,0.0,0,1,0,5
52,791,0.0,0.0,0,1,0,5
52,792,0.0,0.0,0,1,0,5
52,793,0.0,0.0,0,1,0,5
52,794,0.0,0.0,0,1,0,5
52,795,0.0,0.0,0,1,0,5
52,796,0.0,0.0,0,1,0,5
52,797,0.0,0.0,0,1,0,5
52,798,0.0,0.0,0,1,0,5
52,799,0.0,0.0,0,1,0,5
52,800,0.0,0.0,0,1,0,5
52,801,0.0,0.0,0,1,0,5
52,802,0.0,0.0,0,1,0,5
52,803,0.0,0.0,0,1,0,5
52,804,0.0,0.0,0,1,0,5
52,805,0.0,0.0,0,1,0,5
52,806,0.0,0.0,0,1,0,5
52,807,0.0,0.0,0,1,0,5
52,808,0.0,0.0,0,1,0,5
52,809,0.0,0.0,0,1,0,5
52,810,0.0,0.0,0,1,0,5
52,811,0.0,0.0,0,1,0,5
52,812,0.0,0.0,0,1,0,5
52,813,0.0,0.0,0,1,0,5
52,814,0.0,0.0,0,1,0,5
52,815,0.0,0.0,0,1,0,5
52,816,0.0,0.0,0,1,0,5
52,817,0.0,0.0,0,1,0,5
52,818,0.0,0.0,0,1,0,5
52,819,0.0,0.0,0,1,0,5
52,820,0.0,0.0,0,1,0,5
52,821,0.0,0.0,0,1,0,5
52,822,0.0,0.0,0,1,0,5
52,823,0.0,0.0,0,1,0,5
52,824,0.0,0.0,0,1,0,5
52,825,0.0,0.0,0,1,0,5
52,826,0.0,0.0,0,1,0,5
52,827,0.0,0.0,0,1,0,5
52,828,0.0,0.0,0,1,0,5
52,829,0.0,0.0,0,1,0,5
52,830,0.0,0.0,0,1,0,5
52,831,0.0,0.0,0,1,0,5
52,832,0.0,0.0,0,1,0,5
52,833,0.0,0.0,0,1,0,5
52,834,0.0,0.0,0,1,0,5
52,835,0.0,0.0,0,1,0,5
52,836,0.0,0.0,0,1,0,5
52,837,0.0,0.0,0,1,0,5
52,838,0.0,0.0,0,1,0,5
52,839,0.0,0.0,0,1,0,5
52,840,0.0,0.0,0,1,0,5
52,841,0.0,0.0,0,1,0,5
52,842,0.0,0.0,0,1,0,5
52,843,0.0,0.0,0,1,0,5
52,844,0.0,0.0,0,1,0,5
52,845,0.0,0.0,0,1,0,5
52,846,0.0,0.0,0,1,0,5
52,847,0.0,0.0,0,1,0,5
52,848,0.0,0.0,0,1,0,5
52,849,0.0,0.0,0,1,0,5
52,850,0.0,0.0,0,1,0,5
52,851,0.0,0.0,0,1,0,5
52,852,0.0,0.0,0,1,0,5
52,853,0.0,0.0,0,1,0,5
52,854,0.0,0.0,0,1,0,5
52,855,0.0,0.0,0,1,0,5
52,856,0.0,0.0,0,1,0,5
52,857,0.0,0.0,0,1,0,5
52,858,0.0,0.0,0,1,0,5
52,859,0.0,0.0,0,1,0,5
52,860,0.0,0.0,0,1,0,5
52,861,0.0,0.0,0,1,0,5
52,862,0.0,0.0,0,1,0,5
52,863,0.0,0.0,0,1,0,5
52,864,0.0,0.0,0,1,0,5
52,865,0.0,0.0,0,1,0,5
52,866,0.0,0.0,0,1,0,5
52,867,0.0,0.0,0,1,0,5
52,868,0.0,0.0,0,1,0,5
52,869,0.0,0.0,0,1,0,5
52,870,0.0,0.0,0,1,0,5
52,871,0.0,0.0,0,1,0,5
52,872,0.0,0.0,0,1,0,5
52,873,0.0,0.0,0,1,0,5
52,874,0.0,0.0,0,1,0,5
52,875,0.0,0.0,0,1,0,5
52,876,0.0,0.0,0,1,0,5
52,877,0.0,0.0,0,1,0,5
52,878,0.0,0.0,0,1,0,5
52,879,0.0,0.0,0,1,0,5
52,880,0.0,0.0,0,1,0,5
52,881,0.0,0.0,0,1,0,5
52,882,0.0,0.0,0,1,0,5
52,883,0.0,0.0,0,1,0,5
52,884,0.0,0.0,0,1,0,5
52,885,0.0,0.0,0,1,0,5
52,886,0.0,0.0,0,1,0,5
52,887,0.0,0.0,0,1,0,5
52,888,0.0,0.0,0,1,0,5
52,889,0.0,0.0,0,1,0,5
52,890,0.0,0.0,0,1,0,5
52,891,0.0,0.0,0,1,0,5
52,892,0.0,0.0,0,1,0,5
52,893,0.0,0.0,0,1,0,5
52,894,0.0,0.0,0,1,0,5
52,895,0.0,0.0,0,1,0,5
52,896,0.0,0.0,0,1,0,5
52,897,0.0,0.0,0,1,0,5
52,898,0.0,0.0,0,1,0,5
52,899,0.0,0.0,0,1,0,5
52,900,0.0,0.0,0,1,0,5
52,901,0.0,0.0,0,1,0,5
52,902,0.0,0.0,0,1,0,5
52,903,0.0,0.0,0,1,0,5
52,904,0.0,0.0,0,1,0,5
52,905,0.0,0.0,0,1,0,5
52,906,0.0,0.0,0,1,0,5
52,907,0.0,0.0,0,1,0,5
52,908,0.0,0.0,0,1,0,5
52,909,0.0,0.0,0,1,0,5
52,910,0.0,0.0,0,1,0,5
52,911,0.0,0.0,0,1,0,5
52,912,0.0,0.0,0,1,0,5
52,913,0.0,0.0,0,1,0,5
52,914,0.0,0.0,0,1,0,5
52,915,0.0,0.0,0,1,0,5
52,916,0.0,0.0,0,1,0,5
52,917,0.0,0.0,0,1,0,5
52,918,0.0,0.0,0,1,0,5
52,919,0.0,0.0,0,1,0,5
52,920,0.0,0.0,0,1,0,5
52,921,0.0,0.0,0,1,0,5
52,922,0.0,0.0,0,1,0,5
52,923,0.0,0.0,0,1,0,5
52,924,0.0,0.0,0,1,0,5
52,925,0.0,0.0,0,1,0,5
52,926,0.0,0.0,0,1,0,5
52,927,0.0,0.0,0,1,0,5
52,928,0.0,0.0,0,1,0,5
52,929,0.0,0.0,0,1,0,5
52,930,0.0,0.0,0,1,0,5
52,931,0.0,0.0,0,1,0,5
52,932,0.0,0.0,0,1,0,5
52,933,0.0,0.0,0,1,0,5
52,934,0.0,0.0,0,1,0,5
52,935,0.0,0.0,0,1,0,5
52,936,0.0,0.0,0,1,0,5
52,937,0.0,0.0,0,1,0,5
52,938,0.0,0.0,0,1,0,5
52,939,0.0,0.0,0,1,0,5
52,940,0.0,0.0,0,1,0,5
52,941,0.0,0.0,0,1,0,5
52,942,0.0,0.0,0,1,0,5
52,943,0.0,0.0,0,1,0,5
52,944,0.0,0.0,0,1,0,5
52,945,0.0,0.0,0,1,0,5
52,946,0.0,0.0,0,1,0,5
52,947,0.0,0.0,0,1,0,5
52,948,0.0,0.0,0,1,0,5
52,949,0.0,0.0,0,1,0,5
52,950,0.0,0.0,0,1,0,5
52,951,0.0,0.0,0,1,0,5
52,952,0.0,0.0,0,1,0,5
52,953,0.0,0.0,0,1,0,5
52,954,0.0,0.0,0,1,0,5
52,955,0.0,0.0,0,1,0,5
52,956,0.0,0.0,0,1,0,5
52,957,0.0,0.0,0,1,0,5
52,958,0.0,0.0,0,1,0,5
52,959,0.0,0.0,0,1,0,5
52,960,0.0,0.0,0,1,0,5
52,961,0.0,0.0,0,1,0,5
52,962,0.0,0.0,0,1,0,5
52,963,0.0,0.0,0,1,0,5
52,964,0.0,0.0,0,1,0,5
52,965,0.0,0.0,0,1,0,5
52,966,0.0,0.0,0,1,0,5
52,967,0.0,0.0,0,1,0,5
52,968,0.0,0.0,0,1,0,5
52,969,0.0,0.0,0,1,0,5
52,970,0.0,0.0,0,1,0,5
52,971,0.0,0.0,0,1,0,5
52,972,0.0,0.0,0,1,0,5
52,973,0.0,0.0,0,1,0,5
52,974,0.0,0.0,0,1,0,5
52,975,0.0,0.0,0,1,0,5
52,976,0.0,0.0,0,1,0,5
52,977,0.0,0.0,0,1,0,5
52,978,0.0,0.0,0,1,0,5
52,979,0.0,0.0,0,1,0,5
52,980,0.0,0.0,0,1,0,5
52,981,0.0,0.0,0,1,0,5
52,982,0.0,0.0,0,1,0,5
52,983,0.0,0.0,0,1,0,5
52,984,0.0,0.0,0,1,0,5
52,985,0.0,0.0,0,1,0,5
52,986,0.0,0.0,0,1,0,5
52,987,0.0,0.0,0,1,0,5
52,988,0.0,0.0,0,1,0,5
52,989,0.0,0.0,0,1,0,5
52,990,0.0,0.0,0,1,0,5
52,991,0.0,0.0,0,1,0,5
52,992,0.0,0.0,0,1,0,5
52,993,0.0,0.0,0,1,0,5
52,994,0.0,0.0,0,1,0,5
52,995,0.0,0.0,0,1,0,5
52,996,0.0,0.0,0,1,0,5
52,997,0.0,0.0,0,1,0,5
52,998,0.0,0.0,0,1,0,5
52,999,0.0,0.0,0,1,0,5
52,1000,0.0,0.0,0,1,0,5
52,1001,0.0,0.0,0,1,0,5
52,1002,0.0,0.0,0,1,0,5
52,1003,0.0,0.0,0,1,0,5
52,1004,0.0,0.0,0,1,0,5
52,1005,0.0,0.0,0,1,0,5
52,1006,0.0,0.0,0,1,0,5
52,1007,0.0,0.0,0,1,0,5
52,1008,0.0,0.0,0,1,0,5
52,1009,0.0,0.0,0,1,0,5
52,1010,0.0,0.0,0,1,0,5
52,1011,0.0,0.0,0,1,0,5
52,1012,0.0,0.0,0,1,0,5
52,1013,0.0,0.0,0,1,0,5
52,1014,0.0,0.0,0,1,0,5
52,1015,0.0,0.0,0,1,0,5
52,1016,0.0,0.0,0,1,0,5
52,1017,0.0,0.0,0,1,0,5
52,1018,0.0,0.0,0,1,0,5
52,1019,0.0,0.0,0,1,0,5
52,1020,0.0,0.0,0,1,0,5
52,1021,0.0,0.0,0,1,0,5
52,1022,0.0,0.0,0,1,0,5
52,1023,0.0,0.0,0,1,0,5
52,1024,0.0,0.0,0,1,0,5
52,1025,0.0,0.0,0,1,0,5
52,1026,0.0,0.0,0,1,0,5
52,1027,0.0,0.0,0,1,0,5
52,1028,0.0,0.0,0,1,0,5
52,1029,0.0,0.0,0,1,0,5
52,1030,0.0,0.0,0,1,0,5
52,1031,0.0,0.0,0,1,0,5
52,1032,0.0,0.0,0,1,0,5
52,1033,0.0,0.0,0,1,0,5
52,1034,0.0,0.0,0,1,0,5
52,1035,0.0,0.0,0,1,0,5
52,1036,0.0,0.0,0,1,0,5
52,1037,0.0,0.0,0,1,0,5
52,1038,0.0,0.0,0,1,0,5
52,1039,0.0,0.0,0,1,0,5
52,1040,0.0,0.0,0,1,0,5
52,1041,0.0,0.0,0,1,0,5
52,1042,0.0,0.0,0,1,0,5
52,1043,0.0,0.0,0,1,0,5
52,1044,0.0,0.0,0,1,0,5
52,1045,0.0,0.0,0,1,0,5
52,1046,0.0,0.0,0,1,0,5
52,1047,0.0,0.0,0,1,0,5
52,1048,0.0,0.0,0,1,0,5
52,1049,0.0,0.0,0,1,0,5
52,1050,0.0,0.0,0,1,0,5
52,1051,0.0,0.0,0,1,0,5
52,1052,0.0,0.0,0,1,0,5
52,1053,0.0,0.0,0,1,0,5
52,1054,0.0,0.0,0,1,0,5
52,1055,0.0,0.0,0,1,0,5
52,1056,0.0,0.0,0,1,0,5
52,1057,0.0,0.0,0,1,0,5
52,1058,0.0,0.0,0,1,0,5
52,1059,0.0,0.0,0,1,0,5
52,1060,0.0,0.0,0,1,0,5
52,1061,0.0,0.0,0,1,0,5
52,1062,0.0,0.0,0,1,0,5
52,1063,0.0,0.0,0,1,0,5
52,1064,0.0,0.0,0,1,0,5
52,1065,0.0,0.0,0,1,0,5
52,1066,0.0,0.0,0,1,0,5
52,1067,0.0,0.0,0,1,0,5
52,1068,0.0,0.0,0,1,0,5
52,1069,0.0,0.0,0,1,0,5
52,1070,0.0,0.0,0,1,0,5
52,1071,0.0,0.0,0,1,0,5
52,1072,0.0,0.0,0,1,0,5
52,1073,0.0,0.0,0,1,0,5
52,1074,0.0,0.0,0,1,0,5
52,1075,0.0,0.0,0,1,0,5
52,1076,0.0,0.0,0,1,0,5
52,1077,0.0,0.0,0,1,0,5
52,1078,0.0,0.0,0,1,0,5
52,1079,0.0,0.0,0,1,0,5
52,1080,0.0,0.0,0,1,0,5
52,1081,0.0,0.0,0,1,0,5
52,1082,0.0,0.0,0,1,0,5
52,1083,0.0,0.0,0,1,0,5
52,1084,0.0,0.0,0,1,0,5
52,1085,0.0,0.0,0,1,0,5
52,1086,0.0,0.0,0,1,0,5
52,1087,0.0,0.0,0,1,0,5
52,1088,0.0,0.0,0,1,0,5
52,1089,0.0,0.0,0,1,0,5
52,1090,0.0,0.0,0,1,0,5
52,1091,0.0,0.0,0,1,0,5
52,1092,0.0,0.0,0,1,0,5
52,1093,0.0,0.0,0,1,0,5
52,1094,0.0,0.0,0,1,0,5
52,1095,0.0,0.0,0,1,0,5
52,1096,0.0,0.0,0,1,0,5
52,1097,0.0,0.0,0,1,0,5
52,1098,0.0,0.0,0,1,0,5
52,1099,0.0,0.0,0,1,0,5
52,1100,0.0,0.0,0,1,0,5
52,1101,0.0,0.0,0,1,0,5
52,1102,0.0,0.0,0,1,0,5
52,1103,0.0,0.0,0,1,0,5
52,1104,0.0,0.0,0,1,0,5
52,1105,0.0,0.0,0,1,0,5
52,1106,0.0,0.0,0,1,0,5
52,1107,0.0,0.0,0,1,0,5
52,1108,0.0,0.0,0,1,0,5
52,1109,0.0,0.0,0,1,0,5
52,1110,0.0,0.0,0,1,0,5
52,1111,0.0,0.0,0,1,0,5
52,1112,0.0,0.0,0,1,0,5
52,1113,0.0,0.0,0,1,0,5
52,1114,0.0,0.0,0,1,0,5
52,1115,0.0,0.0,0,1,0,5
52,1116,0.0,0.0,0,1,0,5
52,1117,0.0,0.0,0,1,0,5
52,1118,0.0,0.0,0,1,0,5
52,1119,0.0,0.0,0,1,0,5
52,1120,0.0,0.0,0,1,0,5
52,1121,0.0,0.0,0,1,0,5
52,1122,0.0,0.0,0,1,0,5
52,1123,0.0,0.0,0,1,0,5
52,1124,0.0,0.0,0,1,0,5
52,1125,0.0,0.0,0,1,0,5
52,1126,0.0,0.0,0,1,0,5
52,1127,0.0,0.0,0,1,0,5
52,1128,0.0,0.0,0,1,0,5
52,1129,0.0,0.0,0,1,0,5
52,1130,0.0,0.0,0,1,0,5
52,1131,0.0,0.0,0,1,0,5
52,1132,0.0,0.0,0,1,0,5
52,1133,0.0,0.0,0,1,0,5
52,1134,0.0,0.0,0,1,0,5
52,1135,0.0,0.0,0,1,0,5
52,1136,0.0,0.0,0,1,0,5
52,1137,0.0,0.0,0,1,0,5
52,1138,0.0,0.0,0,1,0,5
52,1139,0.0,0.0,0,1,0,5
52,1140,0.0,0.0,0,1,0,5
52,1141,0.0,0.0,0,1,0,5
52,1142,0.0,0.0,0,1,0,5
52,1143,0.0,0.0,0,1,0,5
52,1144,0.0,0.0,0,1,0,5
52,1145,0.0,0.0,0,1,0,5
52,1146,0.0,0.0,0,1,0,5
52,1147,0.0,0.0,0,1,0,5
52,1148,0.0,0.0,0,1,0,5
52,1149,0.0,0.0,0,1,0,5
52,1150,0.0,0.0,0,1,0,5
52,1151,0.0,0.0,0,1,0,5
52,1152,0.0,0.0,0,1,0,5
52,1153,0.0,0.0,0,1,0,5
52,1154,0.0,0.0,0,1,0,5
52,1155,0.0,0.0,0,1,0,5
52,1156,0.0,0.0,0,1,0,5
52,1157,0.0,0.0,0,1,0,5
52,1158,0.0,0.0,0,1,0,5
52,1159,0.0,0.0,0,1,0,5
52,1160,0.0,0.0,0,1,0,5
52,1161,0.0,0.0,0,1,0,5
52,1162,0.0,0.0,0,1,0,5
52,1163,0.0,0.0,0,1,0,5
52,1164,0.0,0.0,0,1,0,5
52,1165,0.0,0.0,0,1,0,5
52,1166,0.0,0.0,0,1,0,5
52,1167,0.0,0.0,0,1,0,5
52,1168,0.0,0.0,0,1,0,5
52,1169,0.0,0.0,0,1,0,5
52,1170,0.0,0.0,0,1,0,5
52,1171,0.0,0.0,0,1,0,5
52,1172,0.0,0.0,0,1,0,5
52,1173,0.0,0.0,0,1,0,5
52,1174,0.0,0.0,0,1,0,5
52,1175,0.0,0.0,0,1,0,5
52,1176,0.0,0.0,0,1,0,5
52,1177,0.0,0.0,0,1,0,5
52,1178,0.0,0.0,0,1,0,5
52,1179,0.0,0.0,0,1,0,5
52,1180,0.0,0.0,0,1,0,5
52,1181,0.0,0.0,0,1,0,5
52,1182,0.0,0.0,0,1,0,5
52,1183,0.0,0.0,0,1,0,5
52,1184,0.0,0.0,0,0,0,5
52,1185,0.0,0.0,0,0,0,5
52,1186,0.0,0.0,0,0,0,5
52,1187,0.0,0.0,0,0,0,5
52,1188,0.0,0.0,0,0,0,5
52,1189,0.0,0.0,0,0,0,5
52,1190,0.0,0.0,0,0,0,5
52,1191,0.0,0.0,0,0,0,5
52,1192,0.0,0.0,0,0,0,5
52,1193,0.0,0.0,0,0,0,5
52,1194,0.0,0.0,0,0,0,5
52,1195,0.0,0.0,0,0,0,5
52,1196,0.0,0.0,0,0,0,5
52,1197,0.0,0.0,0,0,0,5
52,1198,0.0,0.0,0,0,0,5
52,1199,0.0,0.0,0,0,0,5
52,1200,0.0,0.0,0,0,0,5
52,1201,0.0,0.0,0,0,0,5
52,1202,0.0,0.0,0,0,0,5
52,1203,0.0,0.0,0,0,0,5
52,1204,0.0,0.0,0,0,0,5
52,1205,0.0,0.0,0,0,0,5
52,1206,0.0,0.0,0,0,0,5
52,1207,0.0,0.0,0,0,0,5
52,1208,0.0,0.0,0,0,0,5
52,1209,0.0,0.0,0,0,0,5
52,1210,0.0,0.0,0,0,0,5
52,1211,0.0,0.0,0,0,0,5
52,1212,0.0,0.0,0,0,0,5
52,1213,0.0,0.0,0,0,0,5
52,1214,0.0,0.0,0,0,0,5
52,1215,0.0,0.0,0,0,0,5
52,1216,0.0,0.0,0,0,0,5
52,1217,0.0,0.0,0,0,0,5
52,1218,0.0,0.0,0,0,0,5
52,1219,0.0,0.0,0,0,0,5
52,1220,0.0,0.0,0,0,0,5
52,1221,0.0,0.0,0,0,0,5
52,1222,0.0,0.0,0,0,0,5
52,1223,0.0,0.0,0,0,0,5
52,1224,0.0,0.0,0,0,0,5
52,1225,0.0,0.0,0,0,0,5
52,1226,0.0,0.0,0,0,0,5
52,1227,0.0,0.0,0,0,0,5
52,1228,0.0,0.0,0,0,0,5
52,1229,0.0,0.0,0,0,0,5
52,1230,0.0,0.0,0,0,0,5
52,1231,0.0,0.0,0,0,0,5
52,1232,0.0,0.0,0,0,0,5
52,1233,0.0,0.0,0,0,0,5
52,1234,0.0,0.0,0,0,0,5
52,1235,0.0,0.0,0,0,0,5
52,1236,0.0,0.0,0,0,0,5
52,1237,0.0,0.0,0,0,0,5
52,1238,0.0,0.0,0,0,0,5
52,1239,0.0,0.0,0,0,0,5
52,1240,0.0,0.0,0,0,0,5
52,1241,0.0,0.0,0,0,0,5
52,1242,0.0,0.0,0,0,0,5
52,1243,0.0,0.0,0,0,0,5
52,1244,0.0,0.0,0,0,0,5
52,1245,0.0,0.0,0,0,0,5
52,1246,0.0,0.0,0,0,0,5
52,1247,0.0,0.0,0,0,0,5
52,1248,0.0,0.0,0,0,0,5
52,1249,0.0,0.0,0,0,0,5
52,1250,0.0,0.0,0,0,0,5
52,1251,0.0,0.0,0,0,0,5
52,1252,0.0,0.0,0,0,0,5
52,1253,0.0,0.0,0,0,0,5
52,1254,0.0,0.0,0,0,0,5
52,1255,0.0,0.0,0,0,0,5
52,1256,0.0,0.0,0,0,0,5
52,1257,0.0,0.0,0,0,0,5
52,1258,0.0,0.0,0,0,0,5
52,1259,0.0,0.0,0,0,0,5
52,1260,0.0,0.0,0,0,0,5
52,1261,0.0,0.0,0,0,0,5
52,1262,0.0,0.0,0,0,0,5
52,1263,0.0,0.0,0,0,0,5
52,1264,0.0,0.0,0,0,0,5
52,1265,0.0,0.0,0,0,0,5
52,1266,0.0,0.0,0,0,0,5
52,1267,0.0,0.0,0,0,0,5
52,1268,0.0,0.0,0,0,0,5
52,1269,0.0,0.0,0,0,0,5
52,1270,0.0,0.0,0,0,0,5
52,1271,0.0,0.0,0,0,0,5
52,1272,0.0,0.0,0,0,0,5
52,1273,0.0,0.0,0,0,0,5
52,1274,0.0,0.0,0,0,0,5
52,1275,0.0,0.0,0,0,0,5
52,1276,0.0,0.0,0,0,0,5
52,1277,0.0,0.0,0,0,0,5
52,1278,0.0,0.0,0,0,0,5
52,1279,0.0,0.0,0,0,0,5
52,1280,0.0,0.0,0,0,0,5
52,1281,0.0,0.0,0,0,0,5
52,1282,0.0,0.0,0,0,0,5
52,1283,0.0,0.0,0,0,0,5
52,1284,0.0,0.0,0,0,0,5
52,1285,0.0,0.0,0,0,0,5
52,1286,0.0,0.0,0,0,0,5
52,1287,0.0,0.0,0,0,0,5
52,1288,0.0,0.0,0,0,0,5
52,1289,0.0,0.0,0,0,0,5
52,1290,0.0,0.0,0,0,0,5
52,1291,0.0,0.0,0,0,0,5
52,1292,0.0,0.0,0,0,0,5
52,1293,0.0,0.0,0,0,0,5
52,1294,0.0,0.0,0,0,0,5
52,1295,0.0,0.0,0,0,0,5
52,1296,0.0,0.0,0,0,0,5
52,1297,0.0,0.0,0,0,0,5
52,1298,0.0,0.0,0,0,0,5
52,1299,0.0,0.0,0,0,0,5
52,1300,0.0,0.0,0,0,0,5
52,1301,0.0,0.0,0,0,0,5
52,1302,0.0,0.0,0,0,0,5
52,1303,0.0,0.0,0,0,0,5
52,1304,0.0,0.0,0,0,0,5
52,1305,0.0,0.0,0,0,0,5
52,1306,0.0,0.0,0,0,0,5
52,1307,0.0,0.0,0,0,0,5
52,1308,0.0,0.0,0,0,0,5
52,1309,0.0,0.0,0,0,0,5
52,1310,0.0,0.0,0,0,0,5
52,1311,0.0,0.0,0,0,0,5
52,1312,0.0,0.0,0,0,0,5
52,1313,0.0,0.0,0,0,0,5
52,1314,0.0,0.0,0,0,0,5
52,1315,0.0,0.0,0,0,0,5
52,1316,0.0,0.0,0,0,0,5
52,1317,0.0,0.0,0,0,0,5
52,1318,0.0,0.0,0,0,0,5
52,1319,0.0,0.0,0,0,0,5
52,1320,0.0,0.0,0,0,0,5
52,1321,0.0,0.0,0,0,0,5
52,1322,0.0,0.0,0,0,0,5
52,1323,0.0,0.0,0,0,0,5
52,1324,0.0,0.0,0,0,0,5
52,1325,0.0,0.0,0,0,0,5
52,1326,0.0,0.0,0,0,0,5
52,1327,0.0,0.0,0,0,0,5
52,1328,0.0,0.0,0,0,0,5
52,1329,0.0,0.0,0,0,0,5
52,1330,0.0,0.0,0,0,0,5
52,1331,0.0,0.0,0,0,0,5
52,1332,0.0,0.0,0,0,0,5
52,1333,0.0,0.0,0,0,0,5
52,1334,0.0,0.0,0,0,0,5
52,1335,0.0,0.0,0,0,0,5
52,1336,0.0,0.0,0,0,0,5
52,1337,0.0,0.0,0,0,0,5
52,1338,0.0,0.0,0,0,0,5
52,1339,0.0,1.0,0,0,0,5
52,1340,0.0,1.0,0,0,0,5
52,1341,0.0,1.0,0,0,0,5
52,1342,0.0,1.0,0,0,0,5
52,1343,0.0,1.0,0,0,0,5
52,1344,0.0,1.0,0,0,0,5
52,1345,0.0,1.0,0,0,0,5
52,1346,1.0,1.0,0,0,0,5
52,1347,1.0,1.0,0,0,0,5
52,1348,1.0,1.0,0,0,0,5
52,1349,1.0,1.0,0,0,0,5
52,1350,1.0,1.0,0,0,0,5
52,1351,1.0,1.0,0,0,0,5
52,1352,1.0,1.0,0,0,0,5
52,1353,1.0,1.0,0,0,0,5
52,1354,1.0,1.0,0,0,0,5
52,1355,1.0,1.0,0,0,0,5
52,1356,1.0,1.0,0,0,0,5
52,1357,1.0,1.0,0,0,0,5
52,1358,1.0,1.0,0,0,0,5
52,1359,1.0,1.0,0,0,0,5
52,1360,1.0,1.0,0,0,0,5
52,1361,1.0,1.0,0,0,0,5
52,1362,1.0,1.0,0,0,0,5
52,1363,1.0,1.0,0,0,0,5
52,1364,1.0,1.0,0,0,0,5
52,1365,1.0,1.0,0,0,0,5
52,1366,1.0,1.0,0,0,0,5
52,1367,1.0,1.0,0,0,0,5
52,1368,1.0,1.0,0,0,0,5
52,1369,1.0,1.0,0,0,0,5
52,1370,1.0,1.0,0,0,0,5
52,1371,1.0,1.0,0,0,0,5
52,1372,1.0,1.0,0,0,0,5
52,1373,1.0,1.0,0,0,0,5
52,1374,1.0,1.0,0,0,0,5
52,1375,1.0,1.0,0,0,0,5
52,1376,1.0,1.0,0,0,0,5
52,1377,1.0,1.0,0,0,0,5
52,1378,1.0,1.0,0,0,0,5
52,1379,1.0,1.0,0,0,0,5
52,1380,1.0,1.0,0,0,0,5
52,1381,1.0,1.0,0,0,0,5
52,1382,1.0,1.0,0,0,0,5
52,1383,1.0,1.0,0,0,0,5
52,1384,1.0,1.0,0,0,0,5
52,1385,1.0,1.0,0,0,0,5
52,1386,1.0,1.0,0,0,0,5
52,1387,1.0,1.0,0,0,0,5
52,1388,1.0,1.0,0,0,0,5
52,1389,1.0,1.0,0,0,0,5
52,1390,1.0,1.0,0,0,0,5
52,1391,1.0,1.0,0,0,0,5
52,1392,1.0,1.0,0,0,0,5
52,1393,1.0,1.0,0,0,0,5
52,1394,1.0,1.0,0,0,0,5
52,1395,1.0,1.0,0,0,0,5
52,1396,1.0,1.0,0,0,0,5
52,1397,1.0,1.0,0,0,0,5
52,1398,1.0,1.0,0,0,0,5
52,1399,1.0,1.0,0,0,0,5
52,1400,1.0,1.0,0,0,0,5
52,1401,1.0,1.0,0,0,0,5
52,1402,1.0,1.0,0,0,0,5
52,1403,1.0,1.0,0,0,0,5
52,1404,1.0,1.0,0,0,0,5
52,1405,1.0,1.0,0,0,0,5
52,1406,1.0,1.0,0,0,0,5
52,1407,1.0,1.0,0,0,0,5
52,1408,1.0,1.0,0,0,0,5
52,1409,1.0,1.0,0,0,0,5
52,1410,1.0,1.0,0,0,0,5
52,1411,1.0,1.0,0,0,0,5
52,1412,1.0,1.0,0,0,0,5
52,1413,1.0,1.0,0,0,0,5
52,1414,1.0,1.0,0,0,0,5
52,1415,1.0,1.0,0,0,0,5
52,1416,1.0,1.0,0,0,0,5
52,1417,1.0,1.0,0,0,0,5
52,1418,1.0,1.0,0,0,0,5
52,1419,1.0,1.0,0,0,0,5
52,1420,1.0,1.0,0,0,0,5
52,1421,1.0,1.0,0,0,0,5
52,1422,1.0,1.0,0,0,0,5
52,1423,1.0,1.0,0,0,0,5
52,1424,1.0,1.0,0,0,0,5
52,1425,1.0,1.0,0,0,0,5
52,1426,1.0,1.0,0,0,0,5
52,1427,1.0,1.0,0,0,0,5
52,1428,1.0,1.0,0,0,0,5
52,1429,1.0,1.0,0,0,0,5
52,1430,1.0,1.0,0,0,0,5
52,1431,1.0,1.0,0,0,0,5
52,1432,1.0,1.0,0,0,0,5
52,1433,1.0,1.0,0,0,0,5
52,1434,1.0,1.0,0,0,0,5
52,1435,1.0,1.0,0,0,0,5
52,1436,1.0,1.0,0,0,0,5
52,1437,1.0,1.0,0,0,0,5
52,1438,1.0,1.0,0,0,0,5
52,1439,1.0,1.0,0,0,0,5
52,1440,1.0,1.0,0,0,0,5
52,1441,1.0,1.0,0,0,0,5
52,1442,1.0,1.0,0,0,0,5
52,1443,1.0,1.0,0,0,0,5
52,1444,1.0,1.0,0,0,0,5
52,1445,1.0,1.0,0,0,0,5
52,1446,1.0,1.0,0,0,0,5
52,1447,1.0,1.0,0,0,0,5
52,1448,1.0,1.0,0,0,0,5
52,1449,1.0,1.0,0,0,0,5
52,1450,1.0,1.0,0,0,0,5
52,1451,1.0,1.0,0,0,0,5
52,1452,1.0,1.0,0,0,0,5
52,1453,1.0,1.0,0,0,0,5
52,1454,1.0,1.0,0,0,0,5
52,1455,1.0,1.0,0,0,0,5
52,1456,1.0,1.0,0,0,0,5
52,1457,1.0,1.0,0,0,0,5
52,1458,1.0,1.0,0,0,0,5
52,1459,1.0,1.0,0,0,0,5
52,1460,1.0,1.0,0,0,0,5
52,1461,1.0,1.0,0,0,0,5
52,1462,1.0,1.0,0,0,0,5
52,1463,1.0,1.0,0,0,0,5
52,1464,1.0,1.0,0,0,0,5
52,1465,1.0,1.0,0,0,0,5
52,1466,1.0,1.0,0,0,0,5
52,1467,1.0,1.0,0,0,0,5
52,1468,1.0,1.0,0,0,0,5
52,1469,1.0,1.0,0,0,0,5
52,1470,1.0,1.0,0,0,0,5
52,1471,1.0,1.0,0,0,0,5
52,1472,1.0,1.0,0,0,0,5
52,1473,1.0,1.0,0,0,0,5
52,1474,1.0,1.0,0,0,0,5
52,1475,1.0,1.0,0,0,0,5
52,1476,1.0,1.0,0,0,0,5
52,1477,1.0,1.0,0,0,0,5
52,1478,1.0,1.0,0,0,0,5
52,1479,1.0,1.0,0,0,0,5
52,1480,1.0,1.0,0,0,0,5
52,1481,1.0,1.0,0,0,0,5
52,1482,1.0,1.0,0,0,0,5
52,1483,1.0,1.0,0,0,0,5
52,1484,1.0,1.0,0,0,0,5
52,1485,1.0,1.0,0,0,0,5
52,1486,1.0,1.0,0,0,0,5
52,1487,1.0,1.0,0,0,0,5
52,1488,1.0,1.0,0,1,0,5
52,1489,1.0,1.0,0,1,0,5
52,1490,1.0,1.0,0,1,0,5
52,1491,1.0,1.0,0,1,0,5
52,1492,1.0,1.0,0,1,0,5
52,1493,1.0,1.0,0,1,0,5
52,1494,1.0,1.0,0,1,0,5
52,1495,1.0,1.0,0,1,0,5
52,1496,1.0,1.0,0,1,0,5
52,1497,1.0,1.0,0,1,0,5
52,1498,1.0,1.0,0,1,0,5
52,1499,1.0,1.0,0,1,0,5
52,1500,1.0,1.0,0,1,0,5
52,1501,1.0,1.0,0,1,0,5
52,1502,1.0,1.0,0,1,0,5
52,1503,1.0,1.0,0,1,0,5
52,1504,1.0,1.0,0,1,0,5
52,1505,1.0,1.0,0,1,0,5
52,1506,1.0,1.0,0,1,0,5
52,1507,1.0,1.0,0,1,0,5
52,1508,1.0,1.0,0,1,0,5
52,1509,1.0,1.0,0,1,0,5
52,1510,1.0,1.0,0,1,0,5
52,1511,1.0,1.0,0,1,0,5
52,1512,1.0,1.0,0,1,0,5
52,1513,1.0,1.0,0,1,0,5
52,1514,1.0,1.0,0,1,0,5
52,1515,1.0,1.0,0,1,0,5
52,1516,1.0,1.0,0,1,0,5
52,1517,1.0,1.0,0,1,0,5
52,1518,1.0,1.0,0,1,0,5
52,1519,1.0,1.0,0,1,0,5
52,1520,1.0,1.0,0,1,0,5
52,1521,1.0,1.0,0,1,0,5
52,1522,1.0,1.0,0,1,0,5
52,1523,1.0,1.0,0,1,0,5
52,1524,1.0,1.0,0,1,0,5
52,1525,1.0,1.0,0,1,0,5
52,1526,1.0,1.0,0,1,0,5
52,1527,1.0,1.0,0,1,0,5
52,1528,1.0,0.0,0,1,0,5
52,1529,1.0,0.0,0,1,0,5
52,1530,1.0,0.0,0,1,0,5
52,1531,1.0,0.0,0,1,0,5
52,1532,1.0,0.0,0,1,0,5
52,1533,1.0,0.0,0,1,0,5
52,1534,0.0,0.0,0,1,0,5
52,1535,0.0,0.0,0,1,0,5
52,1536,0.0,0.0,0,1,0,5
52,1537,0.0,0.0,0,1,0,5
52,1538,0.0,0.0,0,1,0,5
52,1539,0.0,0.0,0,1,0,5
52,1540,0.0,0.0,0,1,0,5
52,1541,0.0,0.0,0,1,0,5
52,1542,0.0,0.0,0,1,0,5
52,1543,0.0,0.0,0,1,0,5
52,1544,0.0,0.0,0,1,0,5
52,1545,0.0,0.0,0,1,0,5
52,1546,0.0,0.0,0,1,0,5
52,1547,0.0,0.0,0,0,0,5
52,1548,0.0,0.0,0,0,0,5
52,1549,0.0,0.0,0,0,0,5
52,1550,0.0,0.0,0,0,0,5
52,1551,0.0,0.0,0,0,0,5
52,1552,0.0,0.0,0,0,0,5
52,1553,0.0,0.0,0,0,0,5
52,1554,0.0,0.0,0,0,0,5
52,1555,0.0,0.0,0,0,0,5
52,1556,0.0,0.0,0,0,0,5
52,1557,0.0,0.0,0,0,0,5
52,1558,0.0,0.0,0,0,0,5
52,1559,0.0,0.0,0,0,0,5
52,1560,0.0,0.0,0,0,0,5
52,1561,0.0,0.0,0,0,0,5
52,1562,0.0,0.0,0,0,0,5
52,1563,0.0,0.0,0,0,0,5
52,1564,0.0,0.0,0,0,0,5
52,1565,0.0,0.0,0,0,0,5
52,1566,0.0,0.0,0,0,0,5
52,1567,0.0,0.0,0,0,0,5
52,1568,0.0,0.0,0,0,0,5
52,1569,0.0,0.0,0,0,0,5
52,1570,0.0,0.0,0,0,0,5
52,1571,0.0,0.0,0,0,0,5
52,1572,0.0,0.0,0,0,0,5
52,1573,0.0,0.0,0,0,0,5
52,1574,0.0,0.0,0,0,0,5
52,1575,0.0,0.0,0,0,0,5
52,1576,0.0,0.0,0,0,0,5
52,1577,0.0,0.0,0,0,0,5
52,1578,0.0,0.0,0,0,0,5
52,1579,0.0,0.0,0,0,0,5
52,1580,0.0,0.0,0,0,0,5
52,1581,0.0,0.0,0,0,0,5
52,1582,0.0,0.0,0,0,0,5
52,1583,0.0,0.0,0,0,0,5
52,1584,0.0,0.0,0,0,0,5
52,1585,0.0,0.0,0,0,0,5
52,1586,0.0,0.0,0,0,0,5
52,1587,0.0,0.0,0,0,0,5
52,1588,0.0,0.0,0,0,0,5
52,1589,0.0,0.0,0,0,0,5
52,1590,0.0,0.0,0,0,0,5
52,1591,0.0,0.0,0,0,0,5
52,1592,0.0,0.0,0,0,0,5
52,1593,0.0,0.0,0,0,0,5
52,1594,0.0,0.0,0,0,0,5
52,1595,0.0,0.0,0,0,0,5
52,1596,0.0,0.0,0,0,0,5
52,1597,0.0,0.0,0,0,0,5
52,1598,0.0,0.0,0,0,0,5
52,1599,0.0,0.0,0,0,0,5
52,1600,0.0,0.0,0,0,0,5
52,1601,0.0,0.0,0,0,0,5
52,1602,0.0,0.0,0,0,0,5
52,1603,0.0,0.0,0,0,0,5
52,1604,0.0,0.0,0,0,0,5
52,1605,0.0,0.0,0,0,0,5
52,1606,0.0,0.0,0,0,0,5
52,1607,0.0,0.0,0,0,0,5
52,1608,0.0,0.0,0,0,0,5
52,1609,0.0,0.0,0,0,0,5
52,1610,0.0,0.0,0,0,0,5
52,1611,0.0,0.0,0,0,0,5
52,1612,0.0,0.0,0,0,0,5
52,1613,0.0,0.0,0,0,0,5
52,1614,0.0,0.0,0,0,0,5
52,1615,0.0,0.0,0,0,0,5
52,1616,0.0,0.0,0,0,0,5
52,1617,0.0,0.0,0,0,0,5
52,1618,0.0,0.0,0,0,0,5
52,1619,0.0,0.0,0,0,0,5
52,1620,0.0,0.0,0,0,0,5
52,1621,0.0,0.0,0,0,0,5
52,1622,0.0,0.0,0,0,0,5
52,1623,0.0,0.0,0,0,0,5
52,1624,0.0,0.0,0,0,0,5
52,1625,0.0,0.0,0,0,0,5
52,1626,0.0,0.0,0,0,0,5
52,1627,0.0,0.0,0,0,0,5
52,1628,0.0,0.0,0,0,0,5
52,1629,0.0,0.0,0,0,0,5
52,1630,0.0,0.0,0,0,0,5
52,1631,0.0,0.0,0,0,0,5
52,1632,0.0,0.0,0,0,0,5
52,1633,0.0,0.0,0,0,0,5
52,1634,0.0,0.0,0,0,0,5
52,1635,0.0,0.0,0,0,0,5
52,1636,0.0,0.0,0,0,0,5
52,1637,0.0,0.0,0,0,0,5
52,1638,0.0,0.0,0,1,0,5
52,1639,0.0,0.0,0,1,0,5
52,1640,0.0,0.0,0,1,0,5
52,1641,0.0,0.0,0,1,0,5
52,1642,0.0,0.0,0,1,0,5
52,1643,0.0,0.0,0,1,0,5
52,1644,0.0,0.0,0,1,0,5
52,1645,0.0,0.0,0,1,0,5
52,1646,0.0,0.0,0,1,0,5
52,1647,0.0,0.0,0,1,0,5
52,1648,0.0,0.0,0,1,0,5
52,1649,0.0,0.0,0,1,0,5
52,1650,0.0,0.0,0,1,0,5
52,1651,0.0,0.0,0,1,0,5
52,1652,0.0,0.0,0,1,0,5
52,1653,0.0,0.0,0,1,0,5
52,1654,0.0,0.0,0,1,0,5
52,1655,0.0,0.0,0,1,0,5
52,1656,0.0,0.0,0,1,0,5
52,1657,0.0,0.0,0,1,0,5
52,1658,0.0,0.0,0,1,0,5
52,1659,0.0,0.0,0,1,0,5
52,1660,0.0,0.0,0,0,0,5
52,1661,0.0,0.0,0,0,0,5
52,1662,0.0,0.0,0,0,0,5
52,1663,0.0,0.0,0,0,0,5
52,1664,0.0,0.0,0,0,0,5
52,1665,0.0,0.0,0,0,0,5
52,1666,0.0,0.0,0,0,0,5
52,1667,0.0,0.0,0,0,0,5
52,1668,0.0,0.0,0,0,0,5
52,1669,0.0,0.0,0,0,0,5
52,1670,0.0,0.0,0,0,0,5
52,1671,0.0,0.0,0,0,0,5
52,1672,0.0,0.0,0,0,0,5
52,1673,0.0,0.0,0,0,0,5
52,1674,0.0,0.0,0,0,0,5
52,1675,0.0,0.0,0,0,0,5
52,1676,0.0,0.0,0,0,0,5
52,1677,0.0,0.0,0,0,0,5
52,1678,0.0,0.0,0,0,0,5
52,1679,0.0,0.0,0,0,0,5
52,1680,0.0,0.0,0,0,0,5
52,1681,0.0,0.0,0,0,0,5
52,1682,0.0,0.0,0,0,0,5
52,1683,0.0,0.0,0,0,0,5
52,1684,0.0,0.0,0,0,0,5
52,1685,0.0,0.0,0,0,0,5
52,1686,0.0,0.0,0,0,0,5
52,1687,0.0,0.0,0,0,0,5
52,1688,0.0,0.0,0,0,0,5
52,1689,0.0,0.0,0,0,0,5
52,1690,0.0,0.0,0,0,0,5
52,1691,0.0,0.0,0,0,0,5
52,1692,0.0,0.0,0,0,0,5
52,1693,0.0,0.0,0,0,0,5
52,1694,0.0,0.0,0,0,0,5
52,1695,0.0,0.0,0,0,0,5
52,1696,0.0,0.0,0,0,0,5
52,1697,0.0,0.0,0,0,0,5
52,1698,0.0,0.0,0,0,0,5
52,1699,0.0,0.0,0,0,0,5
52,1700,0.0,0.0,0,0,0,5
52,1701,0.0,0.0,0,0,0,5
52,1702,0.0,0.0,0,0,0,5
52,1703,0.0,0.0,0,0,0,5
52,1704,0.0,0.0,0,0,0,5
52,1705,0.0,0.0,0,0,0,5
52,1706,0.0,0.0,0,0,0,5
52,1707,0.0,0.0,0,0,0,5
52,1708,0.0,0.0,0,0,0,5
52,1709,0.0,0.0,0,0,0,5
52,1710,0.0,0.0,0,0,0,5
52,1711,0.0,0.0,0,0,0,5
52,1712,0.0,0.0,0,0,0,5
52,1713,0.0,0.0,0,0,0,5
52,1714,0.0,0.0,0,0,0,5
52,1715,0.0,1.0,0,0,0,5
52,1716,0.0,1.0,0,0,0,5
52,1717,0.0,1.0,0,0,0,5
52,1718,0.0,1.0,0,0,0,5
52,1719,0.0,1.0,0,0,0,5
52,1720,0.0,1.0,0,0,0,5
52,1721,1.0,1.0,0,0,0,5
52,1722,1.0,1.0,0,0,0,5
52,1723,1.0,1.0,0,0,0,5
52,1724,1.0,1.0,0,0,0,5
52,1725,1.0,1.0,0,0,0,5
52,1726,1.0,1.0,0,0,0,5
52,1727,1.0,1.0,0,0,0,5
52,1728,1.0,1.0,0,0,0,5
52,1729,1.0,1.0,0,0,0,5
52,1730,1.0,1.0,0,0,0,5
52,1731,1.0,1.0,0,0,0,5
52,1732,1.0,1.0,0,0,0,5
52,1733,1.0,1.0,0,0,0,5
52,1734,1.0,1.0,0,0,0,5
52,1735,1.0,1.0,0,0,0,5
52,1736,1.0,1.0,0,0,0,5
52,1737,1.0,1.0,0,0,0,5
52,1738,1.0,1.0,0,0,0,5
52,1739,1.0,1.0,0,0,0,5
52,1740,1.0,1.0,0,0,0,5
52,1741,1.0,1.0,0,0,0,5
52,1742,1.0,1.0,0,0,0,5
52,1743,1.0,1.0,0,0,0,5
52,1744,1.0,1.0,0,0,0,5
52,1745,1.0,1.0,0,0,0,5
52,1746,1.0,1.0,0,0,0,5
52,1747,1.0,1.0,0,0,0,5
52,1748,1.0,1.0,0,0,0,5
52,1749,1.0,1.0,0,0,0,5
52,1750,1.0,1.0,0,0,0,5
52,1751,1.0,1.0,0,0,0,5
52,1752,1.0,1.0,0,0,0,5
52,1753,1.0,1.0,0,0,0,5
52,1754,1.0,1.0,0,0,0,5
52,1755,1.0,1.0,0,0,0,5
52,1756,1.0,1.0,0,0,0,5
52,1757,1.0,1.0,0,0,0,5
52,1758,1.0,1.0,0,0,0,5
52,1759,1.0,1.0,0,0,0,5
52,1760,1.0,1.0,0,0,0,5
52,1761,1.0,1.0,0,0,0,5
52,1762,1.0,1.0,0,0,0,5
52,1763,1.0,1.0,0,0,0,5
52,1764,1.0,1.0,0,0,0,5
52,1765,1.0,1.0,0,0,0,5
52,1766,1.0,1.0,0,0,0,5
52,1767,1.0,1.0,0,0,0,5
52,1768,1.0,0.0,0,0,0,5
52,1769,1.0,0.0,0,0,0,5
52,1770,1.0,0.0,0,0,0,5
52,1771,1.0,0.0,0,0,0,5
52,1772,1.0,0.0,0,0,0,5
52,1773,1.0,0.0,0,0,0,5
52,1774,1.0,0.0,0,0,0,5
52,1775,0.0,0.0,0,0,0,5
52,1776,0.0,0.0,0,0,0,5
52,1777,0.0,0.0,0,0,0,5
52,1778,0.0,0.0,0,0,0,5
52,1779,0.0,0.0,0,0,0,5
52,1780,0.0,0.0,0,0,0,5
52,1781,0.0,0.0,0,0,0,5
52,1782,0.0,0.0,0,0,0,5
52,1783,0.0,0.0,0,0,0,5
52,1784,0.0,0.0,0,0,0,5
52,1785,0.0,0.0,0,0,0,5
52,1786,0.0,0.0,0,0,0,5
52,1787,0.0,0.0,0,0,0,5
52,1788,0.0,0.0,0,0,0,5
52,1789,0.0,0.0,0,0,0,5
52,1790,0.0,0.0,0,0,0,5
52,1791,0.0,0.0,0,0,0,5
52,1792,0.0,0.0,0,0,0,5
52,1793,0.0,0.0,0,0,0,5
52,1794,0.0,0.0,0,0,0,5
52,1795,0.0,0.0,0,0,0,5
52,1796,0.0,0.0,0,0,0,5
52,1797,0.0,0.0,0,0,0,5
52,1798,0.0,0.0,0,0,0,5
52,1799,0.0,0.0,0,0,0,5
52,1800,0.0,0.0,0,0,0,5
52,1801,0.0,0.0,0,0,0,5
52,1802,0.0,0.0,0,0,0,5
52,1803,0.0,0.0,0,0,0,5
52,1804,0.0,0.0,0,0,0,5
52,1805,0.0,0.0,0,0,0,5
52,1806,0.0,0.0,0,0,0,5
52,1807,0.0,0.0,0,0,0,5
52,1808,0.0,0.0,0,0,0,5
52,1809,0.0,0.0,0,0,0,5
52,1810,0.0,0.0,0,0,0,5
52,1811,0.0,0.0,0,0,0,5
52,1812,0.0,0.0,0,0,0,5
52,1813,0.0,0.0,0,0,0,5
52,1814,0.0,0.0,0,0,0,5
52,1815,0.0,0.0,0,0,0,5
52,1816,0.0,0.0,0,0,0,5
52,1817,0.0,0.0,0,0,0,5
52,1818,0.0,0.0,0,0,0,5
52,1819,0.0,0.0,0,0,0,5
52,1820,0.0,0.0,0,0,0,5
52,1821,0.0,0.0,0,0,0,5
52,1822,0.0,0.0,0,0,0,5
52,1823,0.0,0.0,0,0,0,5
52,1824,0.0,0.0,0,0,0,5
52,1825,0.0,0.0,0,0,0,5
52,1826,0.0,0.0,0,0,0,5
52,1827,0.0,0.0,0,0,0,5
52,1828,0.0,0.0,0,0,0,5
52,1829,0.0,0.0,0,0,0,5
52,1830,0.0,0.0,0,0,0,5
52,1831,0.0,0.0,0,0,0,5
52,1832,0.0,0.0,0,0,0,5
52,1833,0.0,0.0,0,0,0,5
52,1834,0.0,0.0,0,0,0,5
52,1835,0.0,0.0,0,0,0,5
52,1836,0.0,0.0,0,0,0,5
52,1837,0.0,0.0,0,0,0,5
52,1838,0.0,0.0,0,0,0,5
52,1839,0.0,0.0,0,0,0,5
52,1840,0.0,0.0,0,0,0,5
52,1841,0.0,0.0,0,0,0,5
52,1842,0.0,0.0,0,0,0,5
52,1843,0.0,0.0,0,0,0,5
52,1844,0.0,0.0,0,0,0,5
52,1845,0.0,0.0,0,0,0,5
52,1846,0.0,0.0,0,0,0,5
52,1847,0.0,0.0,0,0,0,5
52,1848,0.0,0.0,0,0,0,5
52,1849,0.0,0.0,0,0,0,5
52,1850,0.0,0.0,0,0,0,5
52,1851,0.0,0.0,0,0,0,5
52,1852,0.0,0.0,0,0,0,5
52,1853,0.0,0.0,0,0,0,5
52,1854,0.0,0.0,0,0,0,5
52,1855,0.0,0.0,0,0,0,5
52,1856,0.0,0.0,0,0,0,5
52,1857,0.0,0.0,0,0,0,5
52,1858,0.0,0.0,0,0,0,5
52,1859,0.0,0.0,0,0,0,5
52,1860,0.0,0.0,0,0,0,5
52,1861,0.0,0.0,0,0,0,5
52,1862,0.0,0.0,0,0,0,5
52,1863,0.0,0.0,0,0,0,5
52,1864,0.0,0.0,0,0,0,5
52,1865,0.0,0.0,0,0,0,5
52,1866,0.0,0.0,0,0,0,5
52,1867,0.0,0.0,0,0,0,5
52,1868,0.0,0.0,0,0,0,5
52,1869,0.0,0.0,0,0,0,5
52,1870,0.0,0.0,0,0,0,5
52,1871,0.0,0.0,0,0,0,5
52,1872,0.0,0.0,0,0,0,5
52,1873,0.0,0.0,0,0,0,5
52,1874,0.0,0.0,0,0,0,5
52,1875,0.0,0.0,0,0,0,5
52,1876,0.0,0.0,0,0,0,5
52,1877,0.0,0.0,0,0,0,5
52,1878,0.0,0.0,0,0,0,5
52,1879,0.0,0.0,0,0,0,5
52,1880,0.0,0.0,0,0,0,5
52,1881,0.0,0.0,0,0,0,5
52,1882,0.0,0.0,0,0,0,5
52,1883,0.0,0.0,0,0,0,5
52,1884,0.0,0.0,0,0,0,5
52,1885,0.0,0.0,0,0,0,5
52,1886,0.0,0.0,0,0,0,5
52,1887,0.0,0.0,0,0,0,5
52,1888,0.0,0.0,0,0,0,5
52,1889,0.0,0.0,0,0,0,5
52,1890,0.0,0.0,0,0,0,5
52,1891,0.0,0.0,0,0,0,5
52,1892,0.0,0.0,0,0,0,5
52,1893,0.0,0.0,0,0,0,5
52,1894,0.0,0.0,0,0,0,5
52,1895,0.0,0.0,0,0,0,5
52,1896,0.0,0.0,0,0,0,5
52,1897,0.0,0.0,0,0,0,5
52,1898,0.0,0.0,0,0,0,5
52,1899,0.0,0.0,0,0,0,5
52,1900,0.0,0.0,0,0,0,5
52,1901,0.0,0.0,0,0,0,5
52,1902,0.0,0.0,0,0,0,5
52,1903,0.0,0.0,0,0,0,5
52,1904,0.0,0.0,0,0,0,5
52,1905,0.0,0.0,0,0,0,5
52,1906,0.0,0.0,0,0,0,5
52,1907,0.0,0.0,0,0,0,5
52,1908,0.0,0.0,0,0,0,5
52,1909,0.0,0.0,0,0,0,5
52,1910,0.0,0.0,0,0,0,5
52,1911,0.0,0.0,0,0,0,5
52,1912,0.0,0.0,0,0,0,5
52,1913,0.0,0.0,0,0,0,5
52,1914,0.0,0.0,0,0,0,5
52,1915,0.0,0.0,0,0,0,5
52,1916,0.0,0.0,0,0,0,5
52,1917,0.0,0.0,0,0,0,5
52,1918,0.0,0.0,0,0,0,5
52,1919,0.0,0.0,0,0,0,5
52,1920,0.0,0.0,0,0,0,5
52,1921,0.0,0.0,0,0,0,5
52,1922,0.0,0.0,0,0,0,5
52,1923,0.0,0.0,0,0,0,5
52,1924,0.0,0.0,0,0,0,5
52,1925,0.0,0.0,0,0,0,5
52,1926,0.0,0.0,0,0,0,5
52,1927,0.0,0.0,0,0,0,5
52,1928,0.0,0.0,0,0,0,5
52,1929,0.0,0.0,0,0,0,5
52,1930,0.0,0.0,0,0,0,5
52,1931,0.0,0.0,0,0,0,5
52,1932,0.0,0.0,0,0,0,5
52,1933,0.0,0.0,0,0,0,5
52,1934,0.0,0.0,0,0,0,5
52,1935,0.0,0.0,0,0,0,5
52,1936,0.0,0.0,0,0,0,5
52,1937,0.0,0.0,0,0,0,5
52,1938,0.0,0.0,0,0,0,5
52,1939,0.0,0.0,0,0,0,5
52,1940,0.0,0.0,0,0,0,5
52,1941,0.0,0.0,0,0,0,5
52,1942,0.0,0.0,0,0,0,5
52,1943,0.0,0.0,0,0,0,5
52,1944,0.0,0.0,0,0,0,5
52,1945,0.0,0.0,0,0,0,5
52,1946,0.0,0.0,0,0,0,5
52,1947,0.0,0.0,0,0,0,5
52,1948,0.0,0.0,0,0,0,5
52,1949,0.0,0.0,0,0,0,5
52,1950,0.0,0.0,0,0,0,5
52,1951,0.0,0.0,0,0,0,5
52,1952,0.0,0.0,0,0,0,5
52,1953,0.0,0.0,0,0,0,5
52,1954,0.0,0.0,0,0,0,5
52,1955,0.0,0.0,0,0,0,5
52,1956,0.0,0.0,0,0,0,5
52,1957,0.0,0.0,0,0,0,5
52,1958,0.0,0.0,0,0,0,5
52,1959,0.0,0.0,0,0,0,5
52,1960,0.0,0.0,0,0,0,5
52,1961,0.0,0.0,0,0,0,5
52,1962,0.0,0.0,0,0,0,5
52,1963,0.0,0.0,0,0,0,5
52,1964,0.0,0.0,0,0,0,5
52,1965,0.0,0.0,0,0,0,5
52,1966,0.0,0.0,0,0,0,5
52,1967,0.0,0.0,0,0,0,5
52,1968,0.0,0.0,0,0,0,5
52,1969,0.0,0.0,0,0,0,5
52,1970,0.0,0.0,0,0,0,5
52,1971,0.0,0.0,0,0,0,5
52,1972,0.0,0.0,0,0,0,5
52,1973,0.0,0.0,0,0,0,5
52,1974,0.0,0.0,0,0,0,5
52,1975,0.0,0.0,0,0,0,5
52,1976,0.0,0.0,0,0,0,5
52,1977,0.0,0.0,0,0,0,5
52,1978,0.0,0.0,0,0,0,5
52,1979,0.0,0.0,0,0,0,5
52,1980,0.0,0.0,0,0,0,5
52,1981,0.0,0.0,0,0,0,5
52,1982,0.0,0.0,0,0,0,5
52,1983,0.0,0.0,0,0,0,5
52,1984,0.0,0.0,0,0,0,5
52,1985,0.0,0.0,0,0,0,5
52,1986,0.0,0.0,0,0,0,5
52,1987,0.0,0.0,0,0,0,5
52,1988,0.0,0.0,0,0,0,5
52,1989,0.0,0.0,0,0,0,5
52,1990,0.0,0.0,0,0,0,5
52,1991,0.0,0.0,0,0,0,5
52,1992,0.0,0.0,0,0,0,5
52,1993,0.0,0.0,0,0,0,5
52,1994,0.0,0.0,0,0,0,5
52,1995,0.0,0.0,0,0,0,5
52,1996,0.0,0.0,0,0,0,5
52,1997,0.0,0.0,0,0,0,5
52,1998,0.0,0.0,0,0,0,5
52,1999,0.0,0.0,0,0,0,5
53,0,0.0,0.0,0,0,0,5
53,1,0.0,0.0,0,0,0,5
53,2,0.0,0.0,0,0,0,5
53,3,0.0,0.0,0,0,0,5
53,4,0.0,0.0,0,0,0,5
53,5,0.0,0.0,0,0,0,5
53,6,0.0,0.0,0,0,0,5
53,7,0.0,0.0,0,0,0,5
53,8,0.0,0.0,0,0,0,5
53,9,0.0,0.0,0,0,0,5
53,10,0.0,0.0,0,0,0,5
53,11,0.0,0.0,0,0,0,5
53,12,0.0,0.0,0,0,0,5
53,13,0.0,0.0,0,0,0,5
53,14,0.0,0.0,0,0,0,5
53,15,0.0,0.0,0,0,0,5
53,16,0.0,0.0,0,0,0,5
53,17,0.0,0.0,0,0,0,5
53,18,0.0,0.0,0,0,0,5
53,19,0.0,0.0,0,0,0,5
53,20,0.0,0.0,0,0,0,5
53,21,0.0,0.0,0,0,0,5
53,22,0.0,0.0,0,0,0,5
53,23,0.0,0.0,0,0,0,5
53,24,0.0,0.0,0,0,0,5
53,25,0.0,0.0,0,0,0,5
53,26,0.0,0.0,0,0,0,5
53,27,0.0,0.0,0,0,0,5
53,28,0.0,0.0,0,0,0,5
53,29,0.0,0.0,0,0,0,5
53,30,0.0,0.0,0,0,0,5
53,31,0.0,0.0,0,0,0,5
53,32,0.0,0.0,0,0,0,5
53,33,0.0,0.0,0,0,0,5
53,34,0.0,0.0,0,0,0,5
53,35,0.0,0.0,0,0,0,5
53,36,0.0,0.0,0,0,0,5
53,37,0.0,0.0,0,0,0,5
53,38,0.0,0.0,0,0,0,5
53,39,0.0,0.0,0,0,0,5
53,40,0.0,0.0,0,0,0,5
53,41,0.0,0.0,0,0,0,5
53,42,0.0,0.0,0,0,0,5
53,43,0.0,0.0,0,0,0,5
53,44,0.0,0.0,0,0,0,5
53,45,0.0,0.0,0,0,0,5
53,46,0.0,0.0,0,0,0,5
53,47,0.0,0.0,0,0,0,5
53,48,0.0,0.0,0,0,0,5
53,49,0.0,0.0,0,0,0,5
53,50,0.0,0.0,0,0,0,5
53,51,0.0,0.0,0,0,0,5
53,52,0.0,0.0,0,0,0,5
53,53,0.0,0.0,0,0,0,5
53,54,0.0,0.0,0,0,0,5
53,55,0.0,0.0,0,0,0,5
53,56,0.0,0.0,0,0,0,5
53,57,0.0,0.0,0,0,0,5
53,58,0.0,0.0,0,0,0,5
53,59,0.0,0.0,0,0,0,5
53,60,0.0,0.0,0,0,0,5
53,61,0.0,0.0,0,0,0,5
53,62,0.0,0.0,0,0,0,5
53,63,0.0,0.0,0,0,0,5
53,64,0.0,0.0,0,0,0,5
53,65,0.0,0.0,0,0,0,5
53,66,0.0,0.0,0,0,0,5
53,67,0.0,0.0,0,0,0,5
53,68,0.0,0.0,0,0,0,5
53,69,0.0,0.0,0,0,0,5
53,70,0.0,0.0,0,0,0,5
53,71,0.0,0.0,0,0,0,5
53,72,0.0,0.0,0,0,0,5
53,73,0.0,0.0,0,0,0,5
53,74,0.0,0.0,0,0,0,5
53,75,0.0,0.0,0,0,0,5
53,76,0.0,0.0,0,0,0,5
53,77,0.0,0.0,0,0,0,5
53,78,0.0,0.0,0,0,0,5
53,79,0.0,0.0,0,0,0,5
53,80,0.0,0.0,0,0,0,5
53,81,0.0,0.0,0,0,0,5
53,82,0.0,0.0,0,0,0,5
53,83,0.0,0.0,0,0,0,5
53,84,0.0,0.0,0,0,0,5
53,85,0.0,0.0,0,0,0,5
53,86,0.0,0.0,0,0,0,5
53,87,0.0,0.0,0,0,0,5
53,88,0.0,0.0,0,0,0,5
53,89,0.0,0.0,0,0,0,5
53,90,0.0,0.0,0,0,0,5
53,91,0.0,0.0,0,0,0,5
53,92,0.0,0.0,0,0,0,5
53,93,0.0,0.0,0,0,0,5
53,94,0.0,0.0,0,0,0,5
53,95,0.0,0.0,0,0,0,5
53,96,0.0,0.0,0,0,0,5
53,97,0.0,0.0,0,0,0,5
53,98,0.0,0.0,0,0,0,5
53,99,0.0,0.0,0,0,0,5
53,100,0.0,0.0,0,0,0,5
53,101,0.0,0.0,0,0,0,5
53,102,0.0,0.0,0,0,0,5
53,103,0.0,0.0,0,0,0,5
53,104,0.0,0.0,0,0,0,5
53,105,0.0,0.0,0,0,0,5
53,106,0.0,0.0,0,0,0,5
53,107,0.0,0.0,0,0,0,5
53,108,0.0,0.0,0,0,0,5
53,109,0.0,0.0,0,0,0,5
53,110,0.0,0.0,0,0,0,5
53,111,0.0,0.0,0,0,0,5
53,112,0.0,0.0,0,0,0,5
53,113,0.0,0.0,0,0,0,5
53,114,0.0,0.0,0,0,0,5
53,115,0.0,0.0,0,0,0,5
53,116,0.0,0.0,0,0,0,5
53,117,0.0,0.0,0,0,0,5
53,118,0.0,0.0,0,0,0,5
53,119,0.0,0.0,0,0,0,5
53,120,0.0,0.0,0,0,0,5
53,121,0.0,0.0,0,0,0,5
53,122,0.0,0.0,0,0,0,5
53,123,0.0,0.0,0,0,0,5
53,124,0.0,0.0,0,0,0,5
53,125,0.0,0.0,0,0,0,5
53,126,0.0,0.0,0,0,0,5
53,127,0.0,0.0,0,0,0,5
53,128,0.0,0.0,0,0,0,5
53,129,0.0,0.0,0,0,0,5
53,130,0.0,0.0,0,0,0,5
53,131,0.0,0.0,0,0,0,5
53,132,0.0,0.0,0,0,0,5
53,133,0.0,0.0,0,0,0,5
53,134,0.0,0.0,0,0,0,5
53,135,0.0,0.0,0,0,0,5
53,136,0.0,0.0,0,0,0,5
53,137,0.0,0.0,0,0,0,5
53,138,0.0,0.0,0,0,0,5
53,139,0.0,0.0,0,0,0,5
53,140,0.0,0.0,0,0,0,5
53,141,0.0,0.0,0,0,0,5
53,142,0.0,0.0,0,0,0,5
53,143,0.0,0.0,0,0,0,5
53,144,0.0,0.0,0,0,0,5
53,145,0.0,0.0,0,0,0,5
53,146,0.0,0.0,0,0,0,5
53,147,0.0,0.0,0,0,0,5
53,148,0.0,0.0,0,0,0,5
53,149,0.0,0.0,0,0,0,5
53,150,0.0,0.0,0,0,0,5
53,151,0.0,0.0,0,0,0,5
53,152,0.0,0.0,0,0,0,5
53,153,0.0,0.0,0,0,0,5
53,154,0.0,0.0,0,0,0,5
53,155,0.0,0.0,0,0,0,5
53,156,0.0,0.0,0,0,0,5
53,157,0.0,0.0,0,0,0,5
53,158,0.0,0.0,0,0,0,5
53,159,0.0,0.0,0,0,0,5
53,160,0.0,0.0,0,0,0,5
53,161,0.0,0.0,0,0,0,5
53,162,0.0,0.0,0,0,0,5
53,163,0.0,0.0,0,0,0,5
53,164,0.0,0.0,0,0,0,5
53,165,0.0,0.0,0,0,0,5
53,166,0.0,0.0,0,0,0,5
53,167,0.0,0.0,0,0,0,5
53,168,0.0,0.0,0,0,0,5
53,169,0.0,0.0,0,0,0,5
53,170,0.0,0.0,0,0,0,5
53,171,0.0,0.0,0,0,0,5
53,172,0.0,0.0,0,0,0,5
53,173,0.0,0.0,0,0,0,5
53,174,0.0,0.0,0,0,0,5
53,175,0.0,0.0,0,0,0,5
53,176,0.0,0.0,0,0,0,5
53,177,0.0,0.0,0,0,0,5
53,178,0.0,0.0,0,0,0,5
53,179,0.0,0.0,0,0,0,5
53,180,0.0,0.0,0,0,0,5
53,181,0.0,0.0,0,0,0,5
53,182,0.0,0.0,0,0,0,5
53,183,0.0,0.0,0,0,0,5
53,184,0.0,0.0,0,0,0,5
53,185,0.0,0.0,0,0,0,5
53,186,0.0,0.0,0,0,0,5
53,187,0.0,0.0,0,0,0,5
53,188,0.0,0.0,0,0,0,5
53,189,0.0,1.0,0,0,0,5
53,190,0.0,1.0,0,0,0,5
53,191,0.0,1.0,0,0,0,5
53,192,0.0,1.0,0,0,0,5
53,193,0.0,1.0,0,0,0,5
53,194,0.0,1.0,0,0,0,5
53,195,1.0,1.0,0,0,0,5
53,196,1.0,1.0,0,0,0,5
53,197,1.0,1.0,0,0,0,5
53,198,1.0,1.0,0,0,0,5
53,199,1.0,1.0,0,0,0,5
53,200,1.0,1.0,0,0,0,5
53,201,1.0,1.0,0,0,0,5
53,202,1.0,1.0,0,0,0,5
53,203,1.0,1.0,0,0,0,5
53,204,1.0,1.0,0,0,0,5
53,205,1.0,1.0,0,0,0,5
53,206,1.0,1.0,0,0,0,5
53,207,1.0,1.0,0,0,0,5
53,208,1.0,1.0,0,0,0,5
53,209,1.0,1.0,0,0,0,5
53,210,1.0,1.0,0,0,0,5
53,211,1.0,1.0,0,0,0,5
53,212,1.0,1.0,0,0,0,5
53,213,1.0,1.0,0,0,0,5
53,214,1.0,1.0,0,0,0,5
53,215,1.0,1.0,0,0,0,5
53,216,1.0,1.0,0,0,0,5
53,217,1.0,1.0,0,0,0,5
53,218,1.0,1.0,0,0,0,5
53,219,1.0,1.0,0,0,0,5
53,220,1.0,1.0,0,0,0,5
53,221,1.0,1.0,0,0,0,5
53,222,1.0,1.0,0,0,0,5
53,223,1.0,1.0,0,0,0,5
53,224,1.0,1.0,0,0,0,5
53,225,1.0,1.0,0,0,0,5
53,226,1.0,1.0,0,0,0,5
53,227,1.0,1.0,0,0,0,5
53,228,1.0,1.0,0,0,0,5
53,229,1.0,1.0,0,0,0,5
53,230,1.0,1.0,0,0,0,5
53,231,1.0,1.0,0,0,0,5
53,232,1.0,1.0,0,0,0,5
53,233,1.0,1.0,0,0,0,5
53,234,1.0,1.0,0,0,0,5
53,235,1.0,1.0,0,0,0,5
53,236,1.0,1.0,0,0,0,5
53,237,1.0,1.0,0,0,0,5
53,238,1.0,1.0,0,0,0,5
53,239,1.0,1.0,0,0,0,5
53,240,1.0,1.0,0,0,0,5
53,241,1.0,1.0,0,0,0,5
53,242,1.0,1.0,0,0,0,5
53,243,1.0,1.0,0,0,0,5
53,244,1.0,1.0,0,0,0,5
53,245,1.0,1.0,0,0,0,5
53,246,1.0,1.0,0,0,0,5
53,247,1.0,1.0,0,0,0,5
53,248,1.0,1.0,0,0,0,5
53,249,1.0,1.0,0,0,0,5
53,250,1.0,1.0,0,0,0,5
53,251,1.0,1.0,0,0,0,5
53,252,1.0,1.0,0,0,0,5
53,253,1.0,1.0,0,0,0,5
53,254,1.0,1.0,0,0,0,5
53,255,1.0,1.0,0,0,0,5
53,256,1.0,1.0,0,0,0,5
53,257,1.0,1.0,0,0,0,5
53,258,1.0,1.0,0,0,0,5
53,259,1.0,1.0,0,0,0,5
53,260,1.0,1.0,0,0,0,5
53,261,1.0,1.0,0,0,0,5
53,262,1.0,1.0,0,0,0,5
53,263,1.0,1.0,0,0,0,5
53,264,1.0,1.0,0,0,0,5
53,265,1.0,1.0,0,0,0,5
53,266,1.0,1.0,0,0,0,5
53,267,1.0,1.0,0,0,0,5
53,268,1.0,1.0,0,0,0,5
53,269,1.0,1.0,0,0,0,5
53,270,1.0,1.0,0,0,0,5
53,271,1.0,1.0,0,1,0,5
53,272,1.0,1.0,0,1,0,5
53,273,1.0,1.0,0,1,0,5
53,274,1.0,1.0,0,1,0,5
53,275,1.0,1.0,0,1,0,5
53,276,1.0,1.0,0,1,0,5
53,277,1.0,1.0,0,1,0,5
53,278,1.0,1.0,0,1,0,5
53,279,1.0,1.0,0,1,0,5
53,280,1.0,1.0,0,1,0,5
53,281,1.0,1.0,0,1,0,5
53,282,1.0,1.0,0,1,0,5
53,283,1.0,1.0,0,1,0,5
53,284,1.0,1.0,0,1,0,5
53,285,1.0,1.0,0,1,0,5
53,286,1.0,1.0,0,1,0,5
53,287,1.0,1.0,0,1,0,5
53,288,1.0,1.0,0,1,0,5
53,289,1.0,1.0,0,1,0,5
53,290,1.0,1.0,0,1,0,5
53,291,1.0,1.0,0,1,0,5
53,292,1.0,1.0,0,1,0,5
53,293,1.0,1.0,0,1,0,5
53,294,1.0,1.0,0,1,0,5
53,295,1.0,1.0,0,1,0,5
53,296,1.0,1.0,0,1,0,5
53,297,1.0,1.0,0,1,0,5
53,298,1.0,1.0,0,1,0,5
53,299,1.0,1.0,0,1,0,5
53,300,1.0,1.0,0,1,0,5
53,301,1.0,1.0,0,1,0,5
53,302,1.0,1.0,0,1,0,5
53,303,1.0,1.0,0,1,0,5
53,304,1.0,1.0,0,1,0,5
53,305,1.0,1.0,0,1,0,5
53,306,1.0,1.0,0,1,0,5
53,307,1.0,1.0,0,1,0,5
53,308,1.0,1.0,0,1,0,5
53,309,1.0,1.0,0,1,0,5
53,310,1.0,1.0,0,1,0,5
53,311,1.0,1.0,0,1,0,5
53,312,1.0,1.0,0,1,0,5
53,313,1.0,1.0,0,1,0,5
53,314,1.0,1.0,0,1,0,5
53,315,1.0,1.0,0,1,0,5
53,316,1.0,1.0,0,1,0,5
53,317,1.0,1.0,0,1,0,5
53,318,1.0,1.0,0,1,0,5
53,319,1.0,1.0,0,1,0,5
53,320,1.0,1.0,0,1,0,5
53,321,1.0,1.0,0,1,0,5
53,322,1.0,1.0,0,1,0,5
53,323,1.0,1.0,0,1,0,5
53,324,1.0,1.0,0,1,0,5
53,325,1.0,1.0,0,1,0,5
53,326,1.0,1.0,0,1,0,5
53,327,1.0,1.0,0,1,0,5
53,328,1.0,1.0,0,1,0,5
53,329,1.0,1.0,0,1,0,5
53,330,1.0,1.0,0,1,0,5
53,331,1.0,1.0,0,1,0,5
53,332,1.0,1.0,0,1,0,5
53,333,1.0,1.0,0,1,0,5
53,334,1.0,1.0,0,1,0,5
53,335,1.0,1.0,0,1,0,5
53,336,1.0,1.0,0,1,0,5
53,337,1.0,1.0,0,1,0,5
53,338,1.0,1.0,0,1,0,5
53,339,1.0,1.0,0,1,0,5
53,340,1.0,1.0,0,1,0,5
53,341,1.0,1.0,0,1,0,5
53,342,1.0,1.0,0,1,0,5
53,343,1.0,1.0,0,1,0,5
53,344,1.0,1.0,0,1,0,5
53,345,1.0,1.0,0,1,0,5
53,346,1.0,1.0,0,1,0,5
53,347,1.0,1.0,0,1,0,5
53,348,1.0,1.0,0,1,0,5
53,349,1.0,1.0,0,1,0,5
53,350,1.0,1.0,0,1,0,5
53,351,1.0,1.0,0,1,0,5
53,352,1.0,1.0,0,1,0,5
53,353,1.0,1.0,0,1,0,5
53,354,1.0,1.0,0,1,0,5
53,355,1.0,1.0,0,1,0,5
53,356,1.0,1.0,0,1,0,5
53,357,1.0,1.0,0,1,0,5
53,358,1.0,1.0,0,1,0,5
53,359,1.0,1.0,0,1,0,5
53,360,1.0,1.0,0,1,0,5
53,361,1.0,1.0,0,1,0,5
53,362,1.0,1.0,0,1,0,5
53,363,1.0,1.0,0,1,0,5
53,364,1.0,1.0,0,1,0,5
53,365,1.0,1.0,0,1,0,5
53,366,1.0,1.0,0,1,0,5
53,367,1.0,1.0,0,1,0,5
53,368,1.0,1.0,0,1,0,5
53,369,1.0,1.0,0,1,0,5
53,370,1.0,1.0,0,1,0,5
53,371,1.0,1.0,0,1,0,5
53,372,1.0,1.0,0,1,0,5
53,373,1.0,1.0,0,1,0,5
53,374,1.0,1.0,0,1,0,5
53,375,1.0,1.0,0,1,0,5
53,376,1.0,1.0,0,1,0,5
53,377,1.0,1.0,0,1,0,5
53,378,1.0,1.0,0,1,0,5
53,379,1.0,1.0,0,1,0,5
53,380,1.0,1.0,0,1,0,5
53,381,1.0,1.0,0,1,0,5
53,382,1.0,1.0,0,1,0,5
53,383,1.0,1.0,0,1,0,5
53,384,1.0,1.0,0,1,0,5
53,385,1.0,1.0,0,1,0,5
53,386,1.0,1.0,0,1,0,5
53,387,1.0,1.0,0,1,0,5
53,388,1.0,1.0,0,1,0,5
53,389,1.0,1.0,0,1,0,5
53,390,1.0,1.0,0,1,0,5
53,391,1.0,1.0,0,1,0,5
53,392,1.0,1.0,0,1,0,5
53,393,1.0,1.0,0,1,0,5
53,394,1.0,1.0,0,1,0,5
53,395,1.0,1.0,0,1,0,5
53,396,1.0,1.0,0,1,0,5
53,397,1.0,1.0,0,1,0,5
53,398,1.0,1.0,0,1,0,5
53,399,1.0,1.0,0,1,0,5
53,400,1.0,1.0,0,1,0,5
53,401,1.0,1.0,0,1,0,5
53,402,1.0,1.0,0,1,0,5
53,403,1.0,1.0,0,1,0,5
53,404,1.0,1.0,0,1,0,5
53,405,1.0,1.0,0,1,0,5
53,406,1.0,1.0,0,1,0,5
53,407,1.0,1.0,0,1,0,5
53,408,1.0,1.0,0,1,0,5
53,409,1.0,1.0,0,1,0,5
53,410,1.0,1.0,0,1,0,5
53,411,1.0,1.0,0,1,0,5
53,412,1.0,1.0,0,1,0,5
53,413,1.0,1.0,0,1,0,5
53,414,1.0,1.0,0,1,0,5
53,415,1.0,1.0,0,1,0,5
53,416,1.0,1.0,0,1,0,5
53,417,1.0,1.0,0,1,0,5
53,418,1.0,1.0,0,1,0,5
53,419,1.0,1.0,0,1,0,5
53,420,1.0,1.0,0,1,0,5
53,421,1.0,1.0,0,1,0,5
53,422,1.0,0.0,0,0,0,5
53,423,1.0,0.0,0,0,0,5
53,424,1.0,0.0,0,0,0,5
53,425,1.0,0.0,0,0,0,5
53,426,1.0,0.0,0,0,0,5
53,427,1.0,0.0,0,0,0,5
53,428,1.0,0.0,0,0,0,5
53,429,0.0,0.0,0,0,0,5
53,430,0.0,0.0,0,0,0,5
53,431,0.0,0.0,0,0,0,5
53,432,0.0,0.0,0,0,0,5
53,433,0.0,0.0,0,0,0,5
53,434,0.0,0.0,0,0,0,5
53,435,0.0,0.0,0,0,0,5
53,436,0.0,0.0,0,0,0,5
53,437,0.0,0.0,0,0,0,5
53,438,0.0,0.0,0,0,0,5
53,439,0.0,0.0,0,0,0,5
53,440,0.0,0.0,0,0,0,5
53,441,0.0,0.0,0,0,0,5
53,442,0.0,0.0,0,0,0,5
53,443,0.0,0.0,0,0,0,5
53,444,0.0,0.0,0,0,0,5
53,445,0.0,0.0,0,0,0,5
53,446,0.0,0.0,0,0,0,5
53,447,0.0,0.0,0,0,0,5
53,448,0.0,0.0,0,0,0,5
53,449,0.0,0.0,0,0,0,5
53,450,0.0,0.0,0,0,0,5
53,451,0.0,0.0,0,0,0,5
53,452,0.0,0.0,0,0,0,5
53,453,0.0,0.0,0,0,0,5
53,454,0.0,0.0,0,0,0,5
53,455,0.0,0.0,0,0,0,5
53,456,0.0,0.0,0,0,0,5
53,457,0.0,0.0,0,0,0,5
53,458,0.0,0.0,0,0,0,5
53,459,0.0,0.0,0,0,0,5
53,460,0.0,0.0,0,0,0,5
53,461,0.0,0.0,0,0,0,5
53,462,0.0,0.0,0,0,0,5
53,463,0.0,0.0,0,0,0,5
53,464,0.0,0.0,0,0,0,5
53,465,0.0,0.0,0,0,0,5
53,466,0.0,0.0,0,0,0,5
53,467,0.0,0.0,0,0,0,5
53,468,0.0,0.0,0,0,0,5
53,469,0.0,0.0,0,0,0,5
53,470,0.0,0.0,0,0,0,5
53,471,0.0,0.0,0,0,0,5
53,472,0.0,0.0,0,0,0,5
53,473,0.0,0.0,0,0,0,5
53,474,0.0,0.0,0,0,0,5
53,475,0.0,0.0,0,0,0,5
53,476,0.0,0.0,0,0,0,5
53,477,0.0,0.0,0,0,0,5
53,478,0.0,0.0,0,0,0,5
53,479,0.0,0.0,0,0,0,5
53,480,0.0,0.0,0,0,0,5
53,481,0.0,0.0,0,0,0,5
53,482,0.0,0.0,0,0,0,5
53,483,0.0,0.0,0,0,0,5
53,484,0.0,0.0,0,0,0,5
53,485,0.0,0.0,0,0,0,5
53,486,0.0,0.0,0,0,0,5
53,487,0.0,0.0,0,0,0,5
53,488,0.0,0.0,0,0,0,5
53,489,0.0,0.0,0,0,0,5
53,490,0.0,0.0,0,0,0,5
53,491,0.0,0.0,0,0,0,5
53,492,0.0,0.0,0,0,0,5
53,493,0.0,0.0,0,0,0,5
53,494,0.0,0.0,0,0,0,5
53,495,0.0,0.0,0,0,0,5
53,496,0.0,0.0,0,0,0,5
53,497,0.0,0.0,0,0,0,5
53,498,0.0,0.0,0,0,0,5
53,499,0.0,0.0,0,0,0,5
53,500,0.0,0.0,0,0,0,5
53,501,0.0,0.0,0,0,0,5
53,502,0.0,0.0,0,0,0,5
53,503,0.0,0.0,0,0,0,5
53,504,0.0,0.0,0,0,0,5
53,505,0.0,0.0,0,0,0,5
53,506,0.0,0.0,0,0,0,5
53,507,0.0,0.0,0,0,0,5
53,508,0.0,0.0,0,0,0,5
53,509,0.0,0.0,0,0,0,5
53,510,0.0,0.0,0,0,0,5
53,511,0.0,0.0,0,0,0,5
53,512,0.0,0.0,0,0,0,5
53,513,0.0,0.0,0,0,0,5
53,514,0.0,0.0,0,0,0,5
53,515,0.0,0.0,0,0,0,5
53,516,0.0,0.0,0,0,0,5
53,517,0.0,0.0,0,0,0,5
53,518,0.0,0.0,0,0,0,5
53,519,0.0,0.0,0,0,0,5
53,520,0.0,0.0,0,0,0,5
53,521,0.0,0.0,0,0,0,5
53,522,0.0,0.0,0,0,0,5
53,523,0.0,0.0,0,0,0,5
53,524,0.0,0.0,0,0,0,5
53,525,0.0,0.0,0,0,0,5
53,526,0.0,0.0,0,0,0,5
53,527,0.0,0.0,0,0,0,5
53,528,0.0,0.0,0,0,0,5
53,529,0.0,0.0,0,0,0,5
53,530,0.0,0.0,0,0,0,5
53,531,0.0,0.0,0,0,0,5
53,532,0.0,0.0,0,0,0,5
53,533,0.0,0.0,0,0,0,5
53,534,0.0,0.0,0,0,0,5
53,535,0.0,0.0,0,0,0,5
53,536,0.0,0.0,0,0,0,5
53,537,0.0,0.0,0,0,0,5
53,538,0.0,0.0,0,0,0,5
53,539,0.0,0.0,0,0,0,5
53,540,0.0,0.0,0,0,0,5
53,541,0.0,0.0,0,0,0,5
53,542,0.0,0.0,0,0,0,5
53,543,0.0,0.0,0,0,0,5
53,544,0.0,0.0,0,0,0,5
53,545,0.0,0.0,0,0,0,5
53,546,0.0,0.0,0,0,0,5
53,547,0.0,0.0,0,0,0,5
53,548,0.0,0.0,0,0,0,5
53,549,0.0,0.0,0,0,0,5
53,550,0.0,0.0,0,0,0,5
53,551,0.0,0.0,0,0,0,5
53,552,0.0,0.0,0,0,0,5
53,553,0.0,0.0,0,0,0,5
53,554,0.0,0.0,0,0,0,5
53,555,0.0,0.0,0,0,0,5
53,556,0.0,0.0,0,0,0,5
53,557,0.0,0.0,0,0,0,5
53,558,0.0,0.0,0,0,0,5
53,559,0.0,0.0,0,0,0,5
53,560,0.0,0.0,0,0,0,5
53,561,0.0,0.0,0,0,0,5
53,562,0.0,0.0,0,0,0,5
53,563,0.0,0.0,0,0,0,5
53,564,0.0,0.0,0,0,0,5
53,565,0.0,0.0,0,0,0,5
53,566,0.0,0.0,0,0,0,5
53,567,0.0,0.0,0,0,0,5
53,568,0.0,0.0,0,0,0,5
53,569,0.0,0.0,0,0,0,5
53,570,0.0,0.0,0,0,0,5
53,571,0.0,0.0,0,0,0,5
53,572,0.0,0.0,0,0,0,5
53,573,0.0,0.0,0,0,0,5
53,574,0.0,0.0,0,0,0,5
53,575,0.0,0.0,0,0,0,5
53,576,0.0,0.0,0,0,0,5
53,577,0.0,0.0,0,0,0,5
53,578,0.0,0.0,0,0,0,5
53,579,0.0,0.0,0,0,0,5
53,580,0.0,0.0,0,0,0,5
53,581,0.0,0.0,0,0,0,5
53,582,0.0,0.0,0,0,0,5
53,583,0.0,1.0,0,0,0,5
53,584,0.0,1.0,0,0,0,5
53,585,0.0,1.0,0,0,0,5
53,586,0.0,1.0,0,0,0,5
53,587,0.0,1.0,0,0,0,5
53,588,0.0,1.0,0,0,0,5
53,589,0.0,1.0,0,0,0,5
53,590,1.0,1.0,0,0,0,5
53,591,1.0,1.0,0,0,0,5
53,592,1.0,1.0,0,0,0,5
53,593,1.0,1.0,0,0,0,5
53,594,1.0,1.0,0,0,0,5
53,595,1.0,1.0,0,0,0,5
53,596,1.0,1.0,0,0,0,5
53,597,1.0,1.0,0,0,0,5
53,598,1.0,1.0,0,0,0,5
53,599,1.0,1.0,0,0,0,5
53,600,1.0,1.0,0,0,0,5
53,601,1.0,1.0,0,0,0,5
53,602,1.0,1.0,0,0,0,5
53,603,1.0,1.0,0,0,0,5
53,604,1.0,1.0,0,0,0,5
53,605,1.0,1.0,0,0,0,5
53,606,1.0,1.0,0,0,0,5
53,607,1.0,1.0,0,0,0,5
53,608,1.0,1.0,0,0,0,5
53,609,1.0,1.0,0,0,0,5
53,610,1.0,1.0,0,0,0,5
53,611,1.0,1.0,0,0,0,5
53,612,1.0,1.0,0,0,0,5
53,613,1.0,1.0,0,0,0,5
53,614,1.0,1.0,0,0,0,5
53,615,1.0,1.0,0,0,0,5
53,616,1.0,1.0,0,0,0,5
53,617,1.0,1.0,0,0,0,5
53,618,1.0,1.0,0,0,0,5
53,619,1.0,1.0,0,0,0,5
53,620,1.0,1.0,0,0,0,5
53,621,1.0,1.0,0,0,0,5
53,622,1.0,1.0,0,0,0,5
53,623,1.0,1.0,0,0,0,5
53,624,1.0,1.0,0,0,0,5
53,625,1.0,1.0,0,0,0,5
53,626,1.0,1.0,0,0,0,5
53,627,1.0,1.0,0,0,0,5
53,628,1.0,1.0,0,0,0,5
53,629,1.0,1.0,0,0,0,5
53,630,1.0,1.0,0,0,0,5
53,631,1.0,1.0,0,0,0,5
53,632,1.0,1.0,0,0,0,5
53,633,1.0,1.0,0,0,0,5
53,634,1.0,1.0,0,0,0,5
53,635,1.0,1.0,0,0,0,5
53,636,1.0,1.0,0,0,0,5
53,637,1.0,1.0,0,0,0,5
53,638,1.0,1.0,0,0,0,5
53,639,1.0,1.0,0,0,0,5
53,640,1.0,1.0,0,0,0,5
53,641,1.0,1.0,0,0,0,5
53,642,1.0,1.0,0,0,0,5
53,643,1.0,1.0,0,0,0,5
53,644,1.0,1.0,0,0,0,5
53,645,1.0,1.0,0,0,0,5
53,646,1.0,1.0,0,0,0,5
53,647,1.0,1.0,0,0,0,5
53,648,1.0,1.0,0,0,0,5
53,649,1.0,1.0,0,0,0,5
53,650,1.0,1.0,0,0,0,5
53,651,1.0,1.0,0,0,0,5
53,652,1.0,1.0,0,0,0,5
53,653,1.0,1.0,0,0,0,5
53,654,1.0,1.0,0,0,0,5
53,655,1.0,1.0,0,0,0,5
53,656,1.0,1.0,0,0,0,5
53,657,1.0,1.0,0,0,0,5
53,658,1.0,1.0,0,0,0,5
53,659,1.0,1.0,0,0,0,5
53,660,1.0,1.0,0,0,0,5
53,661,1.0,1.0,0,0,0,5
53,662,1.0,1.0,0,0,0,5
53,663,1.0,1.0,0,0,0,5
53,664,1.0,1.0,0,0,0,5
53,665,1.0,1.0,0,0,0,5
53,666,1.0,1.0,0,0,0,5
53,667,1.0,1.0,0,0,0,5
53,668,1.0,1.0,0,0,0,5
53,669,1.0,1.0,0,0,0,5
53,670,1.0,1.0,0,0,0,5
53,671,1.0,1.0,0,0,0,5
53,672,1.0,1.0,0,0,0,5
53,673,1.0,1.0,0,0,0,5
53,674,1.0,1.0,0,0,0,5
53,675,1.0,1.0,0,0,0,5
53,676,1.0,1.0,0,0,0,5
53,677,1.0,1.0,0,0,0,5
53,678,1.0,1.0,0,0,0,5
53,679,1.0,1.0,0,0,0,5
53,680,1.0,1.0,0,0,0,5
53,681,1.0,1.0,0,0,0,5
53,682,1.0,1.0,0,0,0,5
53,683,1.0,1.0,0,0,0,5
53,684,1.0,1.0,0,0,0,5
53,685,1.0,1.0,0,0,0,5
53,686,1.0,1.0,0,0,0,5
53,687,1.0,1.0,0,0,0,5
53,688,1.0,1.0,0,0,0,5
53,689,1.0,1.0,0,0,0,5
53,690,1.0,1.0,0,0,0,5
53,691,1.0,1.0,0,0,0,5
53,692,1.0,1.0,0,0,0,5
53,693,1.0,1.0,0,0,0,5
53,694,1.0,1.0,0,0,0,5
53,695,1.0,1.0,0,0,0,5
53,696,1.0,1.0,0,0,0,5
53,697,1.0,1.0,0,0,0,5
53,698,1.0,1.0,0,0,0,5
53,699,1.0,1.0,0,0,0,5
53,700,1.0,1.0,0,0,0,5
53,701,1.0,1.0,0,0,0,5
53,702,1.0,1.0,0,0,0,5
53,703,1.0,1.0,0,0,0,5
53,704,1.0,1.0,0,0,0,5
53,705,1.0,1.0,0,0,0,5
53,706,1.0,1.0,0,0,0,5
53,707,1.0,1.0,0,0,0,5
53,708,1.0,1.0,0,0,0,5
53,709,1.0,1.0,0,0,0,5
53,710,1.0,1.0,0,0,0,5
53,711,1.0,1.0,0,0,0,5
53,712,1.0,1.0,0,0,0,5
53,713,1.0,1.0,0,0,0,5
53,714,1.0,1.0,0,0,0,5
53,715,1.0,1.0,0,0,0,5
53,716,1.0,1.0,0,0,0,5
53,717,1.0,1.0,0,0,0,5
53,718,1.0,1.0,0,0,0,5
53,719,1.0,1.0,0,0,0,5
53,720,1.0,1.0,0,0,0,5
53,721,1.0,1.0,0,0,0,5
53,722,1.0,1.0,0,0,0,5
53,723,1.0,1.0,0,0,0,5
53,724,1.0,1.0,0,0,0,5
53,725,1.0,1.0,0,0,0,5
53,726,1.0,1.0,0,0,0,5
53,727,1.0,1.0,0,0,0,5
53,728,1.0,1.0,0,0,0,5
53,729,1.0,1.0,0,0,0,5
53,730,1.0,1.0,0,0,0,5
53,731,1.0,1.0,0,0,0,5
53,732,1.0,1.0,0,0,0,5
53,733,1.0,1.0,0,0,0,5
53,734,1.0,1.0,0,0,0,5
53,735,1.0,1.0,0,0,0,5
53,736,1.0,1.0,0,0,0,5
53,737,1.0,1.0,0,0,0,5
53,738,1.0,1.0,0,0,0,5
53,739,1.0,1.0,0,0,0,5
53,740,1.0,1.0,0,0,0,5
53,741,1.0,1.0,0,0,0,5
53,742,1.0,1.0,0,0,0,5
53,743,1.0,1.0,0,0,0,5
53,744,1.0,1.0,0,0,0,5
53,745,1.0,1.0,0,0,0,5
53,746,1.0,1.0,0,0,0,5
53,747,1.0,1.0,0,0,0,5
53,748,1.0,1.0,0,0,0,5
53,749,1.0,1.0,0,0,0,5
53,750,1.0,1.0,0,0,0,5
53,751,1.0,1.0,0,0,0,5
53,752,1.0,1.0,0,0,0,5
53,753,1.0,1.0,0,0,0,5
53,754,1.0,1.0,0,0,0,5
53,755,1.0,1.0,0,0,0,5
53,756,1.0,1.0,0,0,0,5
53,757,1.0,0.0,0,0,0,5
53,758,1.0,0.0,0,0,0,5
53,759,1.0,0.0,0,0,0,5
53,760,1.0,0.0,0,0,0,5
53,761,1.0,0.0,0,0,0,5
53,762,1.0,0.0,0,0,0,5
53,763,0.0,0.0,0,0,0,5
53,764,0.0,0.0,0,0,0,5
53,765,0.0,0.0,0,0,0,5
53,766,0.0,0.0,0,0,0,5
53,767,0.0,0.0,0,0,0,5
53,768,0.0,0.0,0,0,0,5
53,769,0.0,0.0,0,0,0,5
53,770,0.0,0.0,0,0,0,5
53,771,0.0,0.0,0,0,0,5
53,772,0.0,0.0,0,0,0,5
53,773,0.0,0.0,0,0,0,5
53,774,0.0,0.0,0,0,0,5
53,775,0.0,0.0,0,0,0,5
53,776,0.0,0.0,0,0,0,5
53,777,0.0,0.0,0,0,0,5
53,778,0.0,0.0,0,0,0,5
53,779,0.0,0.0,0,0,0,5
53,780,0.0,0.0,0,0,0,5
53,781,0.0,0.0,0,0,0,5
53,782,0.0,0.0,0,0,0,5
53,783,0.0,0.0,0,0,0,5
53,784,0.0,0.0,0,0,0,5
53,785,0.0,0.0,0,0,0,5
53,786,0.0,0.0,0,0,0,5
53,787,0.0,0.0,0,0,0,5
53,788,0.0,0.0,0,0,0,5
53,789,0.0,0.0,0,0,0,5
53,790,0.0,0.0,0,0,0,5
53,791,0.0,0.0,0,0,0,5
53,792,0.0,0.0,0,0,0,5
53,793,0.0,0.0,0,0,0,5
53,794,0.0,0.0,0,0,0,5
53,795,0.0,0.0,0,0,0,5
53,796,0.0,0.0,0,0,0,5
53,797,0.0,0.0,0,0,0,5
53,798,0.0,0.0,0,0,0,5
53,799,0.0,0.0,0,0,0,5
53,800,0.0,0.0,0,0,0,5
53,801,0.0,0.0,0,0,0,5
53,802,0.0,0.0,0,0,0,5
53,803,0.0,0.0,0,0,0,5
53,804,0.0,0.0,0,0,0,5
53,805,0.0,0.0,0,0,0,5
53,806,0.0,0.0,0,0,0,5
53,807,0.0,0.0,0,0,0,5
53,808,0.0,0.0,0,0,0,5
53,809,0.0,0.0,0,0,0,5
53,810,0.0,0.0,0,0,0,5
53,811,0.0,0.0,0,0,0,5
53,812,0.0,0.0,0,0,0,5
53,813,0.0,0.0,0,0,0,5
53,814,0.0,0.0,0,0,0,5
53,815,0.0,0.0,0,0,0,5
53,816,0.0,0.0,0,0,0,5
53,817,0.0,0.0,0,0,0,5
53,818,0.0,0.0,0,0,0,5
53,819,0.0,0.0,0,0,0,5
53,820,0.0,0.0,0,0,0,5
53,821,0.0,0.0,0,0,0,5
53,822,0.0,0.0,0,0,0,5
53,823,0.0,0.0,0,0,0,5
53,824,0.0,0.0,0,0,0,5
53,825,0.0,0.0,0,0,0,5
53,826,0.0,0.0,0,0,0,5
53,827,0.0,0.0,0,0,0,5
53,828,0.0,0.0,0,0,0,5
53,829,0.0,0.0,0,0,0,5
53,830,0.0,0.0,0,0,0,5
53,831,0.0,0.0,0,0,0,5
53,832,0.0,0.0,0,0,0,5
53,833,0.0,0.0,0,0,0,5
53,834,0.0,0.0,1,0,0,5
53,835,0.0,0.0,1,0,0,5
53,836,0.0,0.0,1,0,0,5
53,837,0.0,0.0,1,0,0,5
53,838,0.0,0.0,1,0,0,5
53,839,0.0,0.0,1,0,0,5
53,840,0.0,0.0,1,0,0,5
53,841,0.0,0.0,1,0,0,5
53,842,0.0,0.0,1,0,0,5
53,843,0.0,0.0,1,0,0,5
53,844,0.0,0.0,1,0,0,5
53,845,0.0,0.0,1,0,0,5
53,846,0.0,0.0,1,0,0,5
53,847,0.0,0.0,1,0,0,5
53,848,0.0,0.0,1,0,0,5
53,849,0.0,0.0,1,0,0,5
53,850,0.0,0.0,1,0,0,5
53,851,0.0,0.0,1,0,0,5
53,852,0.0,0.0,1,0,0,5
53,853,0.0,0.0,1,0,0,5
53,854,0.0,0.0,1,0,0,5
53,855,0.0,0.0,1,0,0,5
53,856,0.0,0.0,1,0,0,5
53,857,0.0,0.0,1,0,0,5
53,858,0.0,0.0,1,0,0,5
53,859,0.0,0.0,1,0,0,5
53,860,0.0,0.0,1,0,0,5
53,861,0.0,0.0,1,0,0,5
53,862,0.0,0.0,1,0,0,5
53,863,0.0,0.0,1,0,0,5
53,864,0.0,0.0,1,0,0,5
53,865,0.0,0.0,1,0,0,5
53,866,0.0,0.0,1,0,0,5
53,867,0.0,0.0,1,0,0,5
53,868,0.0,0.0,1,0,0,5
53,869,0.0,0.0,1,0,0,5
53,870,0.0,0.0,1,0,0,5
53,871,0.0,0.0,1,0,0,5
53,872,0.0,0.0,1,0,0,5
53,873,0.0,0.0,1,0,0,5
53,874,0.0,0.0,1,0,0,5
53,875,0.0,0.0,1,0,0,5
53,876,0.0,0.0,1,0,0,5
53,877,0.0,0.0,1,0,0,5
53,878,0.0,0.0,1,0,0,5
53,879,0.0,0.0,1,0,0,5
53,880,0.0,0.0,1,0,0,5
53,881,0.0,0.0,1,0,0,5
53,882,0.0,0.0,1,0,0,5
53,883,0.0,0.0,1,0,0,5
53,884,0.0,0.0,1,0,0,5
53,885,0.0,0.0,1,0,0,5
53,886,0.0,0.0,1,0,0,5
53,887,0.0,0.0,1,0,0,5
53,888,0.0,0.0,1,0,0,5
53,889,0.0,0.0,1,0,0,5
53,890,0.0,0.0,1,0,0,5
53,891,0.0,0.0,1,0,0,5
53,892,0.0,0.0,1,0,0,5
53,893,0.0,0.0,1,0,0,5
53,894,0.0,0.0,1,0,0,5
53,895,0.0,0.0,1,0,0,5
53,896,0.0,0.0,1,0,0,5
53,897,0.0,0.0,1,0,0,5
53,898,0.0,0.0,1,0,0,5
53,899,0.0,0.0,1,0,0,5
53,900,0.0,0.0,1,0,0,5
53,901,0.0,0.0,1,0,0,5
53,902,0.0,0.0,1,0,0,5
53,903,0.0,0.0,1,0,0,5
53,904,0.0,0.0,1,0,0,5
53,905,0.0,0.0,1,0,0,5
53,906,0.0,0.0,1,0,0,5
53,907,0.0,0.0,1,0,0,5
53,908,0.0,0.0,1,0,0,5
53,909,0.0,0.0,1,0,0,5
53,910,0.0,0.0,1,0,0,5
53,911,0.0,0.0,1,0,0,5
53,912,0.0,0.0,1,0,0,5
53,913,0.0,0.0,1,0,0,5
53,914,0.0,0.0,1,0,0,5
53,915,0.0,0.0,1,0,0,5
53,916,0.0,0.0,1,0,0,5
53,917,0.0,0.0,1,0,0,5
53,918,0.0,0.0,1,0,0,5
53,919,0.0,0.0,1,0,0,5
53,920,0.0,0.0,1,0,0,5
53,921,0.0,0.0,1,0,0,5
53,922,0.0,0.0,1,0,0,5
53,923,0.0,0.0,1,0,0,5
53,924,0.0,0.0,1,0,0,5
53,925,0.0,0.0,1,0,0,5
53,926,0.0,0.0,1,0,0,5
53,927,0.0,0.0,1,0,0,5
53,928,0.0,0.0,1,0,0,5
53,929,0.0,0.0,1,0,0,5
53,930,0.0,0.0,1,0,0,5
53,931,0.0,0.0,1,0,0,5
53,932,0.0,0.0,1,0,0,5
53,933,0.0,0.0,1,0,0,5
53,934,0.0,0.0,1,0,0,5
53,935,0.0,0.0,1,0,0,5
53,936,0.0,0.0,1,0,0,5
53,937,0.0,0.0,1,0,0,5
53,938,0.0,0.0,1,0,0,5
53,939,0.0,1.0,1,0,0,5
53,940,0.0,1.0,1,0,0,5
53,941,0.0,1.0,1,0,0,5
53,942,0.0,1.0,1,0,0,5
53,943,0.0,1.0,1,0,0,5
53,944,0.0,1.0,1,0,0,5
53,945,1.0,1.0,1,0,0,5
53,946,1.0,1.0,1,0,0,5
53,947,1.0,1.0,1,0,0,5
53,948,1.0,1.0,1,0,0,5
53,949,1.0,1.0,1,0,0,5
53,950,1.0,1.0,1,0,0,5
53,951,1.0,1.0,1,0,0,5
53,952,1.0,1.0,1,0,0,5
53,953,1.0,1.0,1,0,0,5
53,954,1.0,1.0,1,0,0,5
53,955,1.0,1.0,1,0,0,5
53,956,1.0,1.0,1,0,0,5
53,957,1.0,1.0,1,0,0,5
53,958,1.0,1.0,1,0,0,5
53,959,1.0,1.0,1,0,0,5
53,960,1.0,1.0,1,0,0,5
53,961,1.0,1.0,1,0,0,5
53,962,1.0,1.0,1,0,0,5
53,963,1.0,1.0,1,0,0,5
53,964,1.0,1.0,1,0,0,5
53,965,1.0,1.0,1,0,0,5
53,966,1.0,1.0,1,0,0,5
53,967,1.0,1.0,1,0,0,5
53,968,1.0,1.0,1,0,0,5
53,969,1.0,1.0,1,0,0,5
53,970,1.0,1.0,1,0,0,5
53,971,1.0,1.0,1,0,0,5
53,972,1.0,1.0,1,0,0,5
53,973,1.0,1.0,1,0,0,5
53,974,1.0,1.0,1,0,0,5
53,975,1.0,1.0,1,0,0,5
53,976,1.0,1.0,1,0,0,5
53,977,1.0,1.0,1,0,0,5
53,978,1.0,1.0,1,0,0,5
53,979,1.0,1.0,1,0,0,5
53,980,1.0,1.0,1,0,0,5
53,981,1.0,1.0,1,0,0,5
53,982,1.0,1.0,1,0,0,5
53,983,1.0,1.0,1,0,0,5
53,984,1.0,1.0,1,0,0,5
53,985,1.0,1.0,1,0,0,5
53,986,1.0,1.0,1,0,0,5
53,987,1.0,1.0,1,0,0,5
53,988,1.0,1.0,1,0,0,5
53,989,1.0,1.0,1,0,0,5
53,990,1.0,1.0,1,1,0,5
53,991,1.0,1.0,1,1,0,5
53,992,1.0,1.0,1,1,0,5
53,993,1.0,1.0,1,1,0,5
53,994,1.0,1.0,1,1,0,5
53,995,1.0,1.0,1,1,0,5
53,996,1.0,1.0,1,1,0,5
53,997,1.0,1.0,1,1,0,5
53,998,1.0,1.0,1,1,0,5
53,999,1.0,1.0,1,1,0,5
53,1000,1.0,1.0,1,1,0,5
53,1001,1.0,1.0,1,1,0,5
53,1002,1.0,1.0,1,1,0,5
53,1003,1.0,1.0,1,1,0,5
53,1004,1.0,1.0,1,1,0,5
53,1005,1.0,1.0,1,1,0,5
53,1006,1.0,1.0,1,1,0,5
53,1007,1.0,1.0,1,1,0,5
53,1008,1.0,1.0,1,1,0,5
53,1009,1.0,1.0,1,1,0,5
53,1010,1.0,1.0,1,1,0,5
53,1011,1.0,1.0,1,1,0,5
53,1012,1.0,1.0,1,1,0,5
53,1013,1.0,1.0,1,1,0,5
53,1014,1.0,1.0,1,1,0,5
53,1015,1.0,1.0,1,1,0,5
53,1016,1.0,1.0,1,1,0,5
53,1017,1.0,1.0,1,1,0,5
53,1018,1.0,1.0,1,1,0,5
53,1019,1.0,1.0,1,1,0,5
53,1020,1.0,1.0,1,1,0,5
53,1021,1.0,1.0,1,1,0,5
53,1022,1.0,1.0,1,1,0,5
53,1023,1.0,1.0,1,1,0,5
53,1024,1.0,1.0,1,1,0,5
53,1025,1.0,1.0,1,1,0,5
53,1026,1.0,1.0,1,1,0,5
53,1027,1.0,1.0,1,1,0,5
53,1028,1.0,1.0,1,1,0,5
53,1029,1.0,1.0,1,1,0,5
53,1030,1.0,1.0,1,1,0,5
53,1031,1.0,1.0,1,1,0,5
53,1032,1.0,1.0,1,1,0,5
53,1033,1.0,1.0,1,1,0,5
53,1034,1.0,1.0,1,1,0,5
53,1035,1.0,1.0,1,1,0,5
53,1036,1.0,1.0,1,1,0,5
53,1037,1.0,1.0,1,1,0,5
53,1038,1.0,1.0,1,1,0,5
53,1039,1.0,1.0,1,1,0,5
53,1040,1.0,1.0,1,1,0,5
53,1041,1.0,1.0,1,1,0,5
53,1042,1.0,1.0,1,1,0,5
53,1043,1.0,1.0,1,1,0,5
53,1044,1.0,1.0,1,1,0,5
53,1045,1.0,1.0,1,1,0,5
53,1046,1.0,1.0,1,1,0,5
53,1047,1.0,1.0,1,1,0,5
53,1048,1.0,1.0,1,1,0,5
53,1049,1.0,1.0,1,1,0,5
53,1050,1.0,1.0,1,1,0,5
53,1051,1.0,1.0,1,1,0,5
53,1052,1.0,1.0,1,1,0,5
53,1053,1.0,1.0,1,1,0,5
53,1054,1.0,1.0,1,1,0,5
53,1055,1.0,1.0,1,1,0,5
53,1056,1.0,1.0,1,1,0,5
53,1057,1.0,1.0,1,1,0,5
53,1058,1.0,1.0,1,1,0,5
53,1059,1.0,1.0,1,1,0,5
53,1060,1.0,1.0,1,1,0,5
53,1061,1.0,1.0,1,1,0,5
53,1062,1.0,1.0,1,1,0,5
53,1063,1.0,1.0,1,1,0,5
53,1064,1.0,1.0,1,1,0,5
53,1065,1.0,1.0,1,1,0,5
53,1066,1.0,1.0,1,1,0,5
53,1067,1.0,1.0,1,1,0,5
53,1068,1.0,1.0,1,1,0,5
53,1069,1.0,1.0,1,1,0,5
53,1070,1.0,1.0,1,1,0,5
53,1071,1.0,1.0,1,1,0,5
53,1072,1.0,1.0,1,1,0,5
53,1073,1.0,1.0,1,1,0,5
53,1074,1.0,1.0,1,1,0,5
53,1075,1.0,1.0,1,1,0,5
53,1076,1.0,1.0,1,1,0,5
53,1077,1.0,1.0,1,1,0,5
53,1078,1.0,1.0,1,1,0,5
53,1079,1.0,1.0,1,1,0,5
53,1080,1.0,1.0,1,1,0,5
53,1081,1.0,1.0,1,1,0,5
53,1082,1.0,1.0,1,1,0,5
53,1083,1.0,1.0,1,1,0,5
53,1084,1.0,1.0,1,1,0,5
53,1085,1.0,1.0,1,1,0,5
53,1086,1.0,1.0,1,1,0,5
53,1087,1.0,1.0,1,1,0,5
53,1088,1.0,1.0,1,1,0,5
53,1089,1.0,1.0,1,1,0,5
53,1090,1.0,1.0,1,1,0,5
53,1091,1.0,1.0,1,1,0,5
53,1092,1.0,1.0,1,1,0,5
53,1093,1.0,1.0,1,1,0,5
53,1094,1.0,1.0,1,1,0,5
53,1095,1.0,1.0,1,1,0,5
53,1096,1.0,1.0,1,1,0,5
53,1097,1.0,1.0,1,1,0,5
53,1098,1.0,1.0,1,1,0,5
53,1099,1.0,1.0,1,1,0,5
53,1100,1.0,1.0,1,1,0,5
53,1101,1.0,1.0,1,1,0,5
53,1102,1.0,1.0,1,1,0,5
53,1103,1.0,1.0,1,1,0,5
53,1104,1.0,1.0,1,1,0,5
53,1105,1.0,1.0,1,1,0,5
53,1106,1.0,1.0,1,1,0,5
53,1107,1.0,1.0,1,1,0,5
53,1108,1.0,1.0,1,1,0,5
53,1109,1.0,1.0,1,1,0,5
53,1110,1.0,1.0,1,1,0,5
53,1111,1.0,1.0,1,1,0,5
53,1112,1.0,1.0,1,1,0,5
53,1113,1.0,1.0,1,1,0,5
53,1114,1.0,1.0,1,1,0,5
53,1115,1.0,1.0,1,1,0,5
53,1116,1.0,1.0,1,1,0,5
53,1117,1.0,1.0,1,1,0,5
53,1118,1.0,1.0,1,1,0,5
53,1119,1.0,1.0,1,1,0,5
53,1120,1.0,1.0,1,1,0,5
53,1121,1.0,1.0,1,1,0,5
53,1122,1.0,1.0,1,1,0,5
53,1123,1.0,1.0,1,1,0,5
53,1124,1.0,1.0,1,1,0,5
53,1125,1.0,1.0,1,1,0,5
53,1126,1.0,1.0,1,1,0,5
53,1127,1.0,1.0,1,1,0,5
53,1128,1.0,1.0,1,1,0,5
53,1129,1.0,1.0,1,1,0,5
53,1130,1.0,1.0,1,1,0,5
53,1131,1.0,1.0,1,1,0,5
53,1132,1.0,1.0,1,1,0,5
53,1133,1.0,1.0,1,1,0,5
53,1134,1.0,1.0,1,1,0,5
53,1135,1.0,1.0,1,1,0,5
53,1136,1.0,1.0,1,1,0,5
53,1137,1.0,1.0,1,1,0,5
53,1138,1.0,1.0,1,1,0,5
53,1139,1.0,1.0,1,1,0,5
53,1140,1.0,1.0,1,1,0,5
53,1141,1.0,1.0,1,1,0,5
53,1142,1.0,1.0,1,1,0,5
53,1143,1.0,1.0,1,1,0,5
53,1144,1.0,1.0,1,1,0,5
53,1145,1.0,1.0,1,1,0,5
53,1146,1.0,1.0,1,1,0,5
53,1147,1.0,1.0,1,1,0,5
53,1148,1.0,1.0,1,1,0,5
53,1149,1.0,1.0,1,1,0,5
53,1150,1.0,1.0,1,1,0,5
53,1151,1.0,1.0,1,1,0,5
53,1152,1.0,1.0,1,1,0,5
53,1153,1.0,1.0,1,1,0,5
53,1154,1.0,1.0,1,1,0,5
53,1155,1.0,1.0,1,1,0,5
53,1156,1.0,1.0,1,1,0,5
53,1157,1.0,1.0,1,1,0,5
53,1158,1.0,1.0,1,1,0,5
53,1159,1.0,1.0,1,1,0,5
53,1160,1.0,1.0,1,1,0,5
53,1161,1.0,1.0,1,1,0,5
53,1162,1.0,1.0,1,1,0,5
53,1163,1.0,1.0,1,1,0,5
53,1164,1.0,1.0,1,1,0,5
53,1165,1.0,1.0,1,1,0,5
53,1166,1.0,1.0,1,1,0,5
53,1167,1.0,1.0,1,1,0,5
53,1168,1.0,1.0,1,1,0,5
53,1169,1.0,1.0,1,1,0,5
53,1170,1.0,1.0,1,1,0,5
53,1171,1.0,1.0,1,1,0,5
53,1172,1.0,1.0,1,1,0,5
53,1173,1.0,1.0,1,1,0,5
53,1174,1.0,1.0,1,1,0,5
53,1175,1.0,1.0,1,1,0,5
53,1176,1.0,1.0,1,1,0,5
53,1177,1.0,1.0,1,1,0,5
53,1178,1.0,1.0,1,1,0,5
53,1179,1.0,1.0,1,1,0,5
53,1180,1.0,1.0,1,1,0,5
53,1181,1.0,1.0,1,1,0,5
53,1182,1.0,1.0,1,1,0,5
53,1183,1.0,1.0,1,1,0,5
53,1184,1.0,1.0,1,1,0,5
53,1185,1.0,1.0,1,1,0,5
53,1186,1.0,1.0,1,1,0,5
53,1187,1.0,1.0,1,1,0,5
53,1188,1.0,1.0,1,1,0,5
53,1189,1.0,1.0,1,1,0,5
53,1190,1.0,1.0,1,1,0,5
53,1191,1.0,1.0,1,1,0,5
53,1192,1.0,1.0,1,1,0,5
53,1193,1.0,1.0,1,1,0,5
53,1194,1.0,1.0,1,1,0,5
53,1195,1.0,1.0,1,1,0,5
53,1196,1.0,1.0,1,1,0,5
53,1197,1.0,1.0,1,1,0,5
53,1198,1.0,1.0,1,1,0,5
53,1199,1.0,1.0,1,1,0,5
53,1200,1.0,1.0,1,1,0,5
53,1201,1.0,1.0,1,1,0,5
53,1202,1.0,1.0,1,1,0,5
53,1203,1.0,1.0,1,1,0,5
53,1204,1.0,1.0,1,1,0,5
53,1205,1.0,1.0,1,1,0,5
53,1206,1.0,1.0,1,1,0,5
53,1207,1.0,1.0,1,1,0,5
53,1208,1.0,1.0,1,1,0,5
53,1209,1.0,1.0,1,1,0,5
53,1210,1.0,1.0,1,1,0,5
53,1211,1.0,1.0,1,1,0,5
53,1212,1.0,1.0,1,1,0,5
53,1213,1.0,1.0,1,1,0,5
53,1214,1.0,1.0,1,1,0,5
53,1215,1.0,1.0,1,1,0,5
53,1216,1.0,1.0,1,1,0,5
53,1217,1.0,1.0,1,1,0,5
53,1218,1.0,1.0,1,1,0,5
53,1219,1.0,1.0,1,1,0,5
53,1220,1.0,1.0,1,1,0,5
53,1221,1.0,1.0,1,1,0,5
53,1222,1.0,1.0,1,1,0,5
53,1223,1.0,1.0,1,1,0,5
53,1224,1.0,1.0,1,1,0,5
53,1225,1.0,1.0,1,1,0,5
53,1226,1.0,1.0,1,1,0,5
53,1227,1.0,1.0,1,1,0,5
53,1228,1.0,1.0,1,1,0,5
53,1229,1.0,1.0,1,1,0,5
53,1230,1.0,1.0,1,1,0,5
53,1231,1.0,1.0,1,1,0,5
53,1232,1.0,1.0,1,1,0,5
53,1233,1.0,1.0,1,1,0,5
53,1234,1.0,1.0,1,1,0,5
53,1235,1.0,1.0,1,1,0,5
53,1236,1.0,1.0,1,1,0,5
53,1237,1.0,1.0,1,1,0,5
53,1238,1.0,1.0,1,1,0,5
53,1239,1.0,1.0,1,1,0,5
53,1240,1.0,1.0,1,1,0,5
53,1241,1.0,1.0,1,1,0,5
53,1242,1.0,1.0,1,1,0,5
53,1243,1.0,1.0,1,1,0,5
53,1244,1.0,1.0,1,1,0,5
53,1245,1.0,1.0,1,1,0,5
53,1246,1.0,1.0,1,1,0,5
53,1247,1.0,1.0,1,1,0,5
53,1248,1.0,1.0,1,1,0,5
53,1249,1.0,1.0,1,1,0,5
53,1250,1.0,1.0,1,1,0,5
53,1251,1.0,1.0,1,1,0,5
53,1252,1.0,1.0,1,1,0,5
53,1253,1.0,1.0,1,1,0,5
53,1254,1.0,1.0,1,1,0,5
53,1255,1.0,1.0,1,1,0,5
53,1256,1.0,1.0,1,1,0,5
53,1257,1.0,1.0,1,1,0,5
53,1258,1.0,1.0,1,1,0,5
53,1259,1.0,1.0,1,1,0,5
53,1260,1.0,1.0,1,1,0,5
53,1261,1.0,1.0,1,1,0,5
53,1262,1.0,1.0,1,1,0,5
53,1263,1.0,1.0,1,1,0,5
53,1264,1.0,1.0,1,1,0,5
53,1265,1.0,1.0,1,1,0,5
53,1266,1.0,1.0,1,1,0,5
53,1267,1.0,1.0,1,1,0,5
53,1268,1.0,1.0,1,1,0,5
53,1269,1.0,1.0,1,1,0,5
53,1270,1.0,1.0,1,1,0,5
53,1271,1.0,1.0,1,1,0,5
53,1272,1.0,1.0,1,1,0,5
53,1273,1.0,1.0,1,1,0,5
53,1274,1.0,1.0,1,1,0,5
53,1275,1.0,1.0,1,1,0,5
53,1276,1.0,1.0,1,1,0,5
53,1277,1.0,1.0,1,1,0,5
53,1278,1.0,1.0,1,1,0,5
53,1279,1.0,1.0,1,1,0,5
53,1280,1.0,1.0,1,1,0,5
53,1281,1.0,1.0,1,1,0,5
53,1282,1.0,1.0,1,1,0,5
53,1283,1.0,1.0,1,1,0,5
53,1284,1.0,1.0,1,1,0,5
53,1285,1.0,1.0,1,1,0,5
53,1286,1.0,1.0,1,1,0,5
53,1287,1.0,1.0,1,1,0,5
53,1288,1.0,1.0,1,1,0,5
53,1289,1.0,1.0,1,1,0,5
53,1290,1.0,1.0,1,1,0,5
53,1291,1.0,1.0,1,1,0,5
53,1292,1.0,1.0,1,1,0,5
53,1293,1.0,1.0,1,1,0,5
53,1294,1.0,1.0,1,1,0,5
53,1295,1.0,1.0,1,1,0,5
53,1296,1.0,1.0,1,1,0,5
53,1297,1.0,1.0,1,1,0,5
53,1298,1.0,1.0,1,1,0,5
53,1299,1.0,1.0,1,1,0,5
53,1300,1.0,1.0,1,1,0,5
53,1301,1.0,1.0,1,1,0,5
53,1302,1.0,1.0,1,1,0,5
53,1303,1.0,1.0,1,1,0,5
53,1304,1.0,1.0,1,1,0,5
53,1305,1.0,1.0,1,1,0,5
53,1306,1.0,1.0,1,1,0,5
53,1307,1.0,1.0,1,1,0,5
53,1308,1.0,1.0,1,1,0,5
53,1309,1.0,1.0,1,1,0,5
53,1310,1.0,1.0,1,1,0,5
53,1311,1.0,1.0,1,1,0,5
53,1312,1.0,1.0,1,1,0,5
53,1313,1.0,1.0,1,1,0,5
53,1314,1.0,1.0,1,1,0,5
53,1315,1.0,1.0,1,1,0,5
53,1316,1.0,1.0,1,1,0,5
53,1317,1.0,1.0,1,1,0,5
53,1318,1.0,1.0,1,1,0,5
53,1319,1.0,1.0,1,1,0,5
53,1320,1.0,1.0,1,1,0,5
53,1321,1.0,1.0,1,1,0,5
53,1322,1.0,1.0,1,1,0,5
53,1323,1.0,1.0,1,1,0,5
53,1324,1.0,1.0,1,1,0,5
53,1325,1.0,1.0,1,1,0,5
53,1326,1.0,1.0,1,1,0,5
53,1327,1.0,1.0,1,1,0,5
53,1328,1.0,1.0,1,1,0,5
53,1329,1.0,1.0,1,1,0,5
53,1330,1.0,1.0,1,1,0,5
53,1331,1.0,1.0,1,1,0,5
53,1332,1.0,1.0,1,1,0,5
53,1333,1.0,1.0,1,1,0,5
53,1334,1.0,1.0,1,1,0,5
53,1335,1.0,1.0,1,1,0,5
53,1336,1.0,1.0,1,1,0,5
53,1337,1.0,1.0,1,1,0,5
53,1338,1.0,1.0,1,1,0,5
53,1339,1.0,1.0,1,1,0,5
53,1340,1.0,1.0,1,1,0,5
53,1341,1.0,1.0,1,1,0,5
53,1342,1.0,1.0,1,1,0,5
53,1343,1.0,1.0,1,1,0,5
53,1344,1.0,1.0,1,1,0,5
53,1345,1.0,1.0,1,1,0,5
53,1346,1.0,1.0,1,1,0,5
53,1347,1.0,1.0,1,1,0,5
53,1348,1.0,1.0,1,1,0,5
53,1349,1.0,1.0,1,1,0,5
53,1350,1.0,1.0,1,1,0,5
53,1351,1.0,1.0,1,1,0,5
53,1352,1.0,1.0,1,1,0,5
53,1353,1.0,1.0,1,1,0,5
53,1354,1.0,1.0,1,1,0,5
53,1355,1.0,1.0,1,1,0,5
53,1356,1.0,1.0,1,1,0,5
53,1357,1.0,1.0,1,1,0,5
53,1358,1.0,1.0,1,1,0,5
53,1359,1.0,1.0,1,1,0,5
53,1360,1.0,1.0,1,1,0,5
53,1361,1.0,1.0,1,1,0,5
53,1362,1.0,1.0,1,1,0,5
53,1363,1.0,1.0,1,1,0,5
53,1364,1.0,1.0,1,1,0,5
53,1365,1.0,1.0,1,1,0,5
53,1366,1.0,1.0,1,1,0,5
53,1367,1.0,1.0,1,1,0,5
53,1368,1.0,1.0,1,1,0,5
53,1369,1.0,1.0,1,1,0,5
53,1370,1.0,1.0,1,1,0,5
53,1371,1.0,1.0,1,1,0,5
53,1372,1.0,1.0,1,1,0,5
53,1373,1.0,1.0,1,1,0,5
53,1374,1.0,1.0,1,1,0,5
53,1375,1.0,1.0,1,1,0,5
53,1376,1.0,1.0,1,1,0,5
53,1377,1.0,1.0,1,1,0,5
53,1378,1.0,1.0,1,1,0,5
53,1379,1.0,1.0,1,1,0,5
53,1380,1.0,1.0,1,1,0,5
53,1381,1.0,1.0,1,1,0,5
53,1382,1.0,1.0,1,1,0,5
53,1383,1.0,1.0,1,1,0,5
53,1384,1.0,1.0,1,1,0,5
53,1385,1.0,1.0,1,1,0,5
53,1386,1.0,1.0,1,1,0,5
53,1387,1.0,1.0,1,1,0,5
53,1388,1.0,1.0,1,1,0,5
53,1389,1.0,1.0,1,1,0,5
53,1390,1.0,1.0,1,1,0,5
53,1391,1.0,1.0,1,1,0,5
53,1392,1.0,1.0,1,1,0,5
53,1393,1.0,1.0,1,1,0,5
53,1394,1.0,1.0,1,1,0,5
53,1395,1.0,1.0,1,1,0,5
53,1396,1.0,1.0,1,1,0,5
53,1397,1.0,1.0,1,1,0,5
53,1398,1.0,1.0,1,1,0,5
53,1399,1.0,1.0,1,1,0,5
53,1400,1.0,1.0,1,1,0,5
53,1401,1.0,1.0,1,1,0,5
53,1402,1.0,1.0,1,1,0,5
53,1403,1.0,1.0,1,1,0,5
53,1404,1.0,1.0,1,1,0,5
53,1405,1.0,1.0,1,1,0,5
53,1406,1.0,1.0,1,1,0,5
53,1407,1.0,1.0,1,1,0,5
53,1408,1.0,1.0,1,1,0,5
53,1409,1.0,1.0,1,1,0,5
53,1410,1.0,1.0,1,1,0,5
53,1411,1.0,1.0,1,1,0,5
53,1412,1.0,1.0,1,1,0,5
53,1413,1.0,1.0,1,1,0,5
53,1414,1.0,1.0,1,1,0,5
53,1415,1.0,1.0,1,1,0,5
53,1416,1.0,1.0,1,1,0,5
53,1417,1.0,1.0,1,1,0,5
53,1418,1.0,1.0,1,1,0,5
53,1419,1.0,1.0,1,1,0,5
53,1420,1.0,1.0,1,1,0,5
53,1421,1.0,1.0,1,1,0,5
53,1422,1.0,1.0,1,1,0,5
53,1423,1.0,1.0,1,1,0,5
53,1424,1.0,1.0,1,1,0,5
53,1425,1.0,1.0,1,1,0,5
53,1426,1.0,1.0,1,1,0,5
53,1427,1.0,1.0,1,1,0,5
53,1428,1.0,1.0,1,1,0,5
53,1429,1.0,1.0,1,1,0,5
53,1430,1.0,1.0,1,1,0,5
53,1431,1.0,1.0,1,1,0,5
53,1432,1.0,1.0,1,1,0,5
53,1433,1.0,1.0,1,1,0,5
53,1434,1.0,1.0,1,1,0,5
53,1435,1.0,1.0,1,1,0,5
53,1436,1.0,1.0,1,1,0,5
53,1437,1.0,1.0,1,1,0,5
53,1438,1.0,1.0,1,1,0,5
53,1439,1.0,1.0,1,1,0,5
53,1440,1.0,1.0,1,1,0,5
53,1441,1.0,1.0,1,1,0,5
53,1442,1.0,1.0,1,1,0,5
53,1443,1.0,1.0,1,1,0,5
53,1444,1.0,1.0,1,1,0,5
53,1445,1.0,1.0,1,1,0,5
53,1446,1.0,1.0,1,1,0,5
53,1447,1.0,1.0,1,1,0,5
53,1448,1.0,1.0,1,1,0,5
53,1449,1.0,1.0,1,1,0,5
53,1450,1.0,1.0,1,1,0,5
53,1451,1.0,1.0,1,1,0,5
53,1452,1.0,1.0,1,1,0,5
53,1453,1.0,1.0,1,1,0,5
53,1454,1.0,1.0,1,1,0,5
53,1455,1.0,1.0,1,1,0,5
53,1456,1.0,1.0,1,1,0,5
53,1457,1.0,1.0,1,1,0,5
53,1458,1.0,1.0,1,1,0,5
53,1459,1.0,1.0,1,1,0,5
53,1460,1.0,1.0,1,1,0,5
53,1461,1.0,1.0,1,1,0,5
53,1462,1.0,1.0,1,1,0,5
53,1463,1.0,1.0,1,1,0,5
53,1464,1.0,1.0,1,1,0,5
53,1465,1.0,1.0,1,1,0,5
53,1466,1.0,1.0,1,1,0,5
53,1467,1.0,1.0,1,1,0,5
53,1468,1.0,1.0,1,1,0,5
53,1469,1.0,1.0,1,1,0,5
53,1470,1.0,1.0,1,1,0,5
53,1471,1.0,1.0,1,1,0,5
53,1472,1.0,1.0,1,1,0,5
53,1473,1.0,1.0,1,1,0,5
53,1474,1.0,1.0,1,1,0,5
53,1475,1.0,1.0,1,1,0,5
53,1476,1.0,1.0,1,1,0,5
53,1477,1.0,1.0,1,1,0,5
53,1478,1.0,1.0,1,1,0,5
53,1479,1.0,1.0,1,1,0,5
53,1480,1.0,1.0,1,1,0,5
53,1481,1.0,1.0,1,1,0,5
53,1482,1.0,1.0,1,1,0,5
53,1483,1.0,1.0,1,1,0,5
53,1484,1.0,1.0,1,1,0,5
53,1485,1.0,1.0,1,1,0,5
53,1486,1.0,1.0,1,1,0,5
53,1487,1.0,1.0,1,1,0,5
53,1488,1.0,1.0,1,1,0,5
53,1489,1.0,1.0,1,1,0,5
53,1490,1.0,1.0,1,1,0,5
53,1491,1.0,1.0,1,1,0,5
53,1492,1.0,1.0,1,1,0,5
53,1493,1.0,1.0,1,1,0,5
53,1494,1.0,1.0,1,1,0,5
53,1495,1.0,1.0,1,1,0,5
53,1496,1.0,1.0,1,1,0,5
53,1497,1.0,1.0,1,1,0,5
53,1498,1.0,1.0,1,1,0,5
53,1499,1.0,1.0,1,1,0,5
53,1500,1.0,1.0,1,1,0,5
53,1501,1.0,1.0,1,1,0,5
53,1502,1.0,1.0,1,1,0,5
53,1503,1.0,1.0,1,1,0,5
53,1504,1.0,1.0,1,1,0,5
53,1505,1.0,1.0,1,1,0,5
53,1506,1.0,1.0,1,1,0,5
53,1507,1.0,1.0,1,1,0,5
53,1508,1.0,1.0,1,1,0,5
53,1509,1.0,1.0,1,1,0,5
53,1510,1.0,1.0,1,1,0,5
53,1511,1.0,1.0,1,1,0,5
53,1512,1.0,1.0,1,1,0,5
53,1513,1.0,1.0,1,1,0,5
53,1514,1.0,1.0,1,1,0,5
53,1515,1.0,1.0,1,1,0,5
53,1516,1.0,1.0,1,1,0,5
53,1517,1.0,1.0,1,1,0,5
53,1518,1.0,1.0,1,1,0,5
53,1519,1.0,1.0,1,1,0,5
53,1520,1.0,1.0,1,1,0,5
53,1521,1.0,1.0,1,1,0,5
53,1522,1.0,1.0,1,1,0,5
53,1523,1.0,1.0,1,1,0,5
53,1524,1.0,1.0,1,1,0,5
53,1525,1.0,1.0,1,1,0,5
53,1526,1.0,1.0,1,1,0,5
53,1527,1.0,1.0,1,1,0,5
53,1528,1.0,1.0,1,1,0,5
53,1529,1.0,1.0,1,1,0,5
53,1530,1.0,1.0,1,1,0,5
53,1531,1.0,1.0,1,1,0,5
53,1532,1.0,1.0,1,1,0,5
53,1533,1.0,1.0,1,1,0,5
53,1534,1.0,1.0,1,1,0,5
53,1535,1.0,1.0,1,1,0,5
53,1536,1.0,1.0,1,1,0,5
53,1537,1.0,1.0,1,1,0,5
53,1538,1.0,1.0,1,1,0,5
53,1539,1.0,1.0,1,1,0,5
53,1540,1.0,1.0,1,1,0,5
53,1541,1.0,1.0,1,1,0,5
53,1542,1.0,1.0,1,1,0,5
53,1543,1.0,1.0,1,1,0,5
53,1544,1.0,1.0,1,1,0,5
53,1545,1.0,1.0,1,1,0,5
53,1546,1.0,1.0,1,1,0,5
53,1547,1.0,1.0,1,1,0,5
53,1548,1.0,1.0,1,1,0,5
53,1549,1.0,1.0,1,1,0,5
53,1550,1.0,1.0,1,0,0,5
53,1551,1.0,1.0,1,0,0,5
53,1552,1.0,1.0,1,0,0,5
53,1553,1.0,1.0,1,0,0,5
53,1554,1.0,1.0,1,0,0,5
53,1555,1.0,1.0,1,0,0,5
53,1556,1.0,1.0,1,0,0,5
53,1557,1.0,1.0,1,0,0,5
53,1558,1.0,1.0,1,0,0,5
53,1559,1.0,1.0,1,0,0,5
53,1560,1.0,1.0,1,0,0,5
53,1561,1.0,1.0,1,0,0,5
53,1562,1.0,1.0,1,0,0,5
53,1563,1.0,1.0,1,0,0,5
53,1564,1.0,1.0,1,0,0,5
53,1565,1.0,1.0,1,0,0,5
53,1566,1.0,1.0,1,0,0,5
53,1567,1.0,1.0,1,0,0,5
53,1568,1.0,1.0,1,0,0,5
53,1569,1.0,1.0,1,0,0,5
53,1570,1.0,1.0,1,0,0,5
53,1571,1.0,1.0,1,0,0,5
53,1572,1.0,1.0,1,0,0,5
53,1573,1.0,1.0,1,0,0,5
53,1574,1.0,1.0,1,0,0,5
53,1575,1.0,1.0,1,0,0,5
53,1576,1.0,1.0,1,0,0,5
53,1577,1.0,1.0,1,0,0,5
53,1578,1.0,1.0,1,0,0,5
53,1579,1.0,1.0,1,0,0,5
53,1580,1.0,1.0,1,0,0,5
53,1581,1.0,1.0,1,0,0,5
53,1582,1.0,1.0,1,0,0,5
53,1583,1.0,1.0,1,0,0,5
53,1584,1.0,1.0,1,0,0,5
53,1585,1.0,1.0,1,0,0,5
53,1586,1.0,1.0,1,0,0,5
53,1587,1.0,1.0,1,0,0,5
53,1588,1.0,1.0,1,0,0,5
53,1589,1.0,1.0,1,0,0,5
53,1590,1.0,1.0,1,0,0,5
53,1591,1.0,1.0,1,0,0,5
53,1592,1.0,1.0,1,0,0,5
53,1593,1.0,1.0,1,0,0,5
53,1594,1.0,1.0,1,0,0,5
53,1595,1.0,1.0,1,0,0,5
53,1596,1.0,1.0,1,0,0,5
53,1597,1.0,1.0,1,0,0,5
53,1598,1.0,1.0,1,0,0,5
53,1599,1.0,1.0,1,0,0,5
53,1600,1.0,1.0,1,0,0,5
53,1601,1.0,1.0,1,0,0,5
53,1602,1.0,1.0,1,0,0,5
53,1603,1.0,1.0,1,0,0,5
53,1604,1.0,1.0,1,0,0,5
53,1605,1.0,1.0,1,0,0,5
53,1606,1.0,1.0,1,0,0,5
53,1607,1.0,1.0,1,0,0,5
53,1608,1.0,1.0,1,0,0,5
53,1609,1.0,1.0,1,0,0,5
53,1610,1.0,1.0,1,0,0,5
53,1611,1.0,1.0,1,0,0,5
53,1612,1.0,1.0,1,0,0,5
53,1613,1.0,1.0,1,0,0,5
53,1614,1.0,1.0,1,0,0,5
53,1615,1.0,1.0,1,0,0,5
53,1616,1.0,1.0,1,0,0,5
53,1617,1.0,1.0,1,0,0,5
53,1618,1.0,1.0,1,0,0,5
53,1619,1.0,1.0,1,0,0,5
53,1620,1.0,1.0,1,0,0,5
53,1621,1.0,1.0,1,0,0,5
53,1622,1.0,1.0,1,0,0,5
53,1623,1.0,1.0,1,0,0,5
53,1624,1.0,1.0,1,0,0,5
53,1625,1.0,1.0,1,0,0,5
53,1626,1.0,1.0,1,0,0,5
53,1627,1.0,1.0,1,0,0,5
53,1628,1.0,1.0,1,0,0,5
53,1629,1.0,1.0,1,0,0,5
53,1630,1.0,1.0,1,0,0,5
53,1631,1.0,1.0,1,0,0,5
53,1632,1.0,1.0,1,0,0,5
53,1633,1.0,1.0,1,0,0,5
53,1634,1.0,1.0,1,0,0,5
53,1635,1.0,1.0,1,0,0,5
53,1636,1.0,1.0,1,0,0,5
53,1637,1.0,1.0,1,0,0,5
53,1638,1.0,1.0,1,0,0,5
53,1639,1.0,1.0,1,0,0,5
53,1640,1.0,1.0,1,0,0,5
53,1641,1.0,0.0,1,0,0,5
53,1642,1.0,0.0,1,0,0,5
53,1643,1.0,0.0,1,0,0,5
53,1644,1.0,0.0,1,0,0,5
53,1645,1.0,0.0,1,0,0,5
53,1646,1.0,0.0,1,0,0,5
53,1647,1.0,0.0,1,0,0,5
53,1648,0.0,0.0,1,0,0,5
53,1649,0.0,0.0,1,0,0,5
53,1650,0.0,0.0,1,0,0,5
53,1651,0.0,0.0,1,0,0,5
53,1652,0.0,0.0,1,0,0,5
53,1653,0.0,0.0,1,0,0,5
53,1654,0.0,0.0,1,0,0,5
53,1655,0.0,0.0,1,0,0,5
53,1656,0.0,0.0,1,0,0,5
53,1657,0.0,0.0,1,0,0,5
53,1658,0.0,0.0,1,0,0,5
53,1659,0.0,0.0,1,0,0,5
53,1660,0.0,0.0,1,0,0,5
53,1661,0.0,0.0,1,0,0,5
53,1662,0.0,0.0,1,0,0,5
53,1663,0.0,0.0,1,0,0,5
53,1664,0.0,0.0,1,0,0,5
53,1665,0.0,0.0,1,0,0,5
53,1666,0.0,0.0,1,0,0,5
53,1667,0.0,0.0,1,0,0,5
53,1668,0.0,0.0,1,0,0,5
53,1669,0.0,0.0,1,0,0,5
53,1670,0.0,0.0,1,0,0,5
53,1671,0.0,0.0,1,0,0,5
53,1672,0.0,0.0,1,0,0,5
53,1673,0.0,0.0,1,0,0,5
53,1674,0.0,0.0,1,0,0,5
53,1675,0.0,0.0,1,0,0,5
53,1676,0.0,0.0,1,0,0,5
53,1677,0.0,0.0,1,0,0,5
53,1678,0.0,0.0,1,0,0,5
53,1679,0.0,0.0,1,0,0,5
53,1680,0.0,0.0,1,0,0,5
53,1681,0.0,0.0,1,0,0,5
53,1682,0.0,0.0,1,0,0,5
53,1683,0.0,0.0,1,0,0,5
53,1684,0.0,0.0,1,0,0,5
53,1685,0.0,0.0,1,0,0,5
53,1686,0.0,0.0,1,0,0,5
53,1687,0.0,0.0,1,0,0,5
53,1688,0.0,0.0,1,0,0,5
53,1689,0.0,0.0,1,0,0,5
53,1690,0.0,0.0,1,0,0,5
53,1691,0.0,0.0,1,0,0,5
53,1692,0.0,0.0,1,0,0,5
53,1693,0.0,0.0,1,0,0,5
53,1694,0.0,0.0,1,0,0,5
53,1695,0.0,0.0,1,0,0,5
53,1696,0.0,0.0,1,0,0,5
53,1697,0.0,0.0,1,0,0,5
53,1698,0.0,0.0,1,0,0,5
53,1699,0.0,0.0,1,0,0,5
53,1700,0.0,0.0,1,0,0,5
53,1701,0.0,0.0,1,0,0,5
53,1702,0.0,0.0,1,0,0,5
53,1703,0.0,0.0,1,0,0,5
53,1704,0.0,0.0,1,0,0,5
53,1705,0.0,0.0,1,0,0,5
53,1706,0.0,0.0,1,0,0,5
53,1707,0.0,0.0,1,0,0,5
53,1708,0.0,0.0,1,0,0,5
53,1709,0.0,0.0,1,0,0,5
53,1710,0.0,0.0,1,0,0,5
53,1711,0.0,0.0,1,0,0,5
53,1712,0.0,0.0,1,0,0,5
53,1713,0.0,0.0,1,0,0,5
53,1714,0.0,0.0,1,0,0,5
53,1715,0.0,0.0,1,0,0,5
53,1716,0.0,0.0,1,0,0,5
53,1717,0.0,0.0,1,0,0,5
53,1718,0.0,0.0,1,0,0,5
53,1719,0.0,0.0,1,0,0,5
53,1720,0.0,0.0,1,0,0,5
53,1721,0.0,0.0,1,0,0,5
53,1722,0.0,0.0,1,0,0,5
53,1723,0.0,0.0,1,0,0,5
53,1724,0.0,0.0,1,0,0,5
53,1725,0.0,0.0,1,0,0,5
53,1726,0.0,0.0,1,0,0,5
53,1727,0.0,0.0,1,0,0,5
53,1728,0.0,0.0,1,0,0,5
53,1729,0.0,0.0,1,0,0,5
53,1730,0.0,0.0,1,0,0,5
53,1731,0.0,0.0,1,0,0,5
53,1732,0.0,0.0,1,0,0,5
53,1733,0.0,0.0,1,0,0,5
53,1734,0.0,0.0,1,0,0,5
53,1735,0.0,0.0,1,0,0,5
53,1736,0.0,0.0,1,0,0,5
53,1737,0.0,0.0,1,0,0,5
53,1738,0.0,0.0,1,0,0,5
53,1739,0.0,0.0,1,0,0,5
53,1740,0.0,0.0,1,0,0,5
53,1741,0.0,0.0,1,0,0,5
53,1742,0.0,0.0,1,0,0,5
53,1743,0.0,0.0,1,0,0,5
53,1744,0.0,0.0,1,0,0,5
53,1745,0.0,0.0,1,0,0,5
53,1746,0.0,0.0,1,0,0,5
53,1747,0.0,0.0,1,0,0,5
53,1748,0.0,0.0,1,0,0,5
53,1749,0.0,0.0,1,0,0,5
53,1750,0.0,0.0,1,0,0,5
53,1751,0.0,0.0,1,0,0,5
53,1752,0.0,0.0,1,0,0,5
53,1753,0.0,0.0,1,0,0,5
53,1754,0.0,0.0,1,0,0,5
53,1755,0.0,0.0,1,0,0,5
53,1756,0.0,0.0,1,0,0,5
53,1757,0.0,0.0,1,0,0,5
53,1758,0.0,0.0,1,0,0,5
53,1759,0.0,0.0,1,0,0,5
53,1760,0.0,0.0,1,0,0,5
53,1761,0.0,0.0,1,0,0,5
53,1762,0.0,0.0,1,0,0,5
53,1763,0.0,0.0,1,0,0,5
53,1764,0.0,0.0,1,0,0,5
53,1765,0.0,0.0,1,0,0,5
53,1766,0.0,0.0,1,0,0,5
53,1767,0.0,0.0,1,0,0,5
53,1768,0.0,0.0,1,0,0,5
53,1769,0.0,0.0,1,0,0,5
53,1770,0.0,0.0,1,0,0,5
53,1771,0.0,0.0,1,0,0,5
53,1772,0.0,0.0,1,0,0,5
53,1773,0.0,0.0,1,0,0,5
53,1774,0.0,0.0,1,0,0,5
53,1775,0.0,0.0,1,0,0,5
53,1776,0.0,0.0,1,0,0,5
53,1777,0.0,0.0,1,0,0,5
53,1778,0.0,0.0,1,0,0,5
53,1779,0.0,0.0,1,0,0,5
53,1780,0.0,0.0,1,0,0,5
53,1781,0.0,0.0,1,0,0,5
53,1782,0.0,0.0,1,0,0,5
53,1783,0.0,0.0,1,0,0,5
53,1784,0.0,0.0,1,0,0,5
53,1785,0.0,0.0,1,0,0,5
53,1786,0.0,0.0,1,0,0,5
53,1787,0.0,0.0,1,0,0,5
53,1788,0.0,0.0,1,0,0,5
53,1789,0.0,0.0,1,0,0,5
53,1790,0.0,0.0,1,0,0,5
53,1791,0.0,0.0,1,0,0,5
53,1792,0.0,0.0,1,0,0,5
53,1793,0.0,0.0,1,0,0,5
53,1794,0.0,0.0,1,0,0,5
53,1795,0.0,0.0,1,0,0,5
53,1796,0.0,0.0,1,0,0,5
53,1797,0.0,0.0,1,0,0,5
53,1798,0.0,0.0,1,0,0,5
53,1799,0.0,0.0,1,0,0,5
53,1800,0.0,0.0,1,0,0,5
53,1801,0.0,0.0,1,0,0,5
53,1802,0.0,0.0,1,0,0,5
53,1803,0.0,0.0,1,0,0,5
53,1804,0.0,0.0,1,0,0,5
53,1805,0.0,0.0,1,0,0,5
53,1806,0.0,0.0,1,0,0,5
53,1807,0.0,0.0,1,0,0,5
53,1808,0.0,0.0,1,0,0,5
53,1809,0.0,0.0,1,0,0,5
53,1810,0.0,0.0,1,0,0,5
53,1811,0.0,0.0,1,0,0,5
53,1812,0.0,0.0,1,0,0,5
53,1813,0.0,0.0,1,0,0,5
53,1814,0.0,0.0,1,0,0,5
53,1815,0.0,0.0,1,0,0,5
53,1816,0.0,0.0,1,0,0,5
53,1817,0.0,0.0,1,0,0,5
53,1818,0.0,0.0,1,0,0,5
53,1819,0.0,0.0,1,0,0,5
53,1820,0.0,0.0,1,0,0,5
53,1821,0.0,0.0,1,0,0,5
53,1822,0.0,0.0,1,0,0,5
53,1823,0.0,0.0,1,0,0,5
53,1824,0.0,0.0,1,0,0,5
53,1825,0.0,0.0,1,0,0,5
53,1826,0.0,0.0,1,0,0,5
53,1827,0.0,0.0,1,0,0,5
53,1828,0.0,0.0,1,0,0,5
53,1829,0.0,0.0,1,0,0,5
53,1830,0.0,1.0,1,0,0,5
53,1831,0.0,1.0,1,0,0,5
53,1832,0.0,1.0,1,0,0,5
53,1833,0.0,1.0,1,0,0,5
53,1834,0.0,1.0,1,0,0,5
53,1835,0.0,1.0,1,0,0,5
53,1836,1.0,1.0,1,0,0,5
53,1837,1.0,1.0,1,0,0,5
53,1838,1.0,1.0,1,0,0,5
53,1839,1.0,1.0,1,0,0,5
53,1840,1.0,1.0,1,0,0,5
53,1841,1.0,1.0,1,0,0,5
53,1842,1.0,1.0,1,0,0,5
53,1843,1.0,1.0,1,0,0,5
53,1844,1.0,1.0,1,0,0,5
53,1845,1.0,1.0,1,0,0,5
53,1846,1.0,1.0,1,0,0,5
53,1847,1.0,1.0,1,0,0,5
53,1848,1.0,1.0,1,0,0,5
53,1849,1.0,1.0,1,0,0,5
53,1850,1.0,1.0,1,0,0,5
53,1851,1.0,1.0,1,0,0,5
53,1852,1.0,1.0,1,0,0,5
53,1853,1.0,1.0,1,0,0,5
53,1854,1.0,1.0,1,0,0,5
53,1855,1.0,1.0,1,0,0,5
53,1856,1.0,1.0,1,0,0,5
53,1857,1.0,1.0,1,0,0,5
53,1858,1.0,1.0,1,0,0,5
53,1859,1.0,1.0,1,0,0,5
53,1860,1.0,1.0,1,0,0,5
53,1861,1.0,1.0,1,0,0,5
53,1862,1.0,1.0,1,0,0,5
53,1863,1.0,1.0,1,0,0,5
53,1864,1.0,1.0,1,0,0,5
53,1865,1.0,1.0,1,0,0,5
53,1866,1.0,1.0,1,0,0,5
53,1867,1.0,1.0,1,0,0,5
53,1868,1.0,1.0,1,0,0,5
53,1869,1.0,1.0,1,0,0,5
53,1870,1.0,1.0,1,0,0,5
53,1871,1.0,1.0,1,0,0,5
53,1872,1.0,1.0,1,0,0,5
53,1873,1.0,1.0,1,0,0,5
53,1874,1.0,1.0,1,0,0,5
53,1875,1.0,1.0,1,0,0,5
53,1876,1.0,1.0,1,0,0,5
53,1877,1.0,1.0,1,0,0,5
53,1878,1.0,1.0,1,0,0,5
53,1879,1.0,1.0,1,0,0,5
53,1880,1.0,1.0,1,0,0,5
53,1881,1.0,1.0,1,0,0,5
53,1882,1.0,1.0,1,0,0,5
53,1883,1.0,1.0,1,0,0,5
53,1884,1.0,1.0,1,0,0,5
53,1885,1.0,1.0,1,0,0,5
53,1886,1.0,1.0,1,0,0,5
53,1887,1.0,1.0,1,0,0,5
53,1888,1.0,1.0,1,0,0,5
53,1889,1.0,1.0,1,0,0,5
53,1890,1.0,1.0,1,0,0,5
53,1891,1.0,1.0,1,0,0,5
53,1892,1.0,1.0,1,0,0,5
53,1893,1.0,1.0,1,0,0,5
53,1894,1.0,1.0,1,0,0,5
53,1895,1.0,1.0,1,0,0,5
53,1896,1.0,1.0,1,0,0,5
53,1897,1.0,1.0,1,0,0,5
53,1898,1.0,1.0,1,0,0,5
53,1899,1.0,1.0,1,0,0,5
53,1900,1.0,1.0,1,0,0,5
53,1901,1.0,1.0,1,0,0,5
53,1902,1.0,1.0,1,0,0,5
53,1903,1.0,1.0,1,0,0,5
53,1904,1.0,1.0,1,0,0,5
53,1905,1.0,1.0,1,0,0,5
53,1906,1.0,1.0,1,0,0,5
53,1907,1.0,1.0,1,0,0,5
53,1908,1.0,1.0,1,0,0,5
53,1909,1.0,1.0,1,0,0,5
53,1910,1.0,1.0,1,0,0,5
53,1911,1.0,1.0,1,0,0,5
53,1912,1.0,1.0,1,0,0,5
53,1913,1.0,1.0,1,0,0,5
53,1914,1.0,1.0,1,0,0,5
53,1915,1.0,1.0,1,0,0,5
53,1916,1.0,1.0,1,0,0,5
53,1917,1.0,1.0,1,0,0,5
53,1918,1.0,1.0,1,0,0,5
53,1919,1.0,1.0,1,0,0,5
53,1920,1.0,1.0,1,0,0,5
53,1921,1.0,1.0,1,0,0,5
53,1922,1.0,1.0,1,0,0,5
53,1923,1.0,1.0,1,0,0,5
53,1924,1.0,1.0,1,0,0,5
53,1925,1.0,1.0,1,0,0,5
53,1926,1.0,1.0,1,0,0,5
53,1927,1.0,1.0,1,0,0,5
53,1928,1.0,1.0,1,0,0,5
53,1929,1.0,1.0,1,0,0,5
53,1930,1.0,1.0,1,0,0,5
53,1931,1.0,1.0,1,0,0,5
53,1932,1.0,1.0,1,0,0,5
53,1933,1.0,1.0,1,0,0,5
53,1934,1.0,1.0,1,0,0,5
53,1935,1.0,1.0,1,0,0,5
53,1936,1.0,1.0,1,0,0,5
53,1937,1.0,1.0,1,0,0,5
53,1938,1.0,1.0,1,0,0,5
53,1939,1.0,1.0,1,0,0,5
53,1940,1.0,1.0,1,0,0,5
53,1941,1.0,1.0,1,0,0,5
53,1942,1.0,1.0,1,0,0,5
53,1943,1.0,1.0,1,0,0,5
53,1944,1.0,1.0,1,0,0,5
53,1945,1.0,1.0,1,0,0,5
53,1946,1.0,1.0,1,0,0,5
53,1947,1.0,1.0,1,0,0,5
53,1948,1.0,1.0,1,0,0,5
53,1949,1.0,1.0,1,0,0,5
53,1950,1.0,1.0,1,0,0,5
53,1951,1.0,1.0,1,0,0,5
53,1952,1.0,1.0,1,0,0,5
53,1953,1.0,1.0,1,0,0,5
53,1954,1.0,1.0,1,0,0,5
53,1955,1.0,1.0,1,0,0,5
53,1956,1.0,1.0,1,0,0,5
53,1957,1.0,1.0,1,0,0,5
53,1958,1.0,1.0,1,0,0,5
53,1959,1.0,1.0,1,0,0,5
53,1960,1.0,1.0,1,0,0,5
53,1961,1.0,1.0,1,0,0,5
53,1962,1.0,1.0,1,0,0,5
53,1963,1.0,1.0,1,0,0,5
53,1964,1.0,1.0,1,0,0,5
53,1965,1.0,1.0,1,0,0,5
53,1966,1.0,1.0,1,0,0,5
53,1967,1.0,1.0,1,0,0,5
53,1968,1.0,1.0,1,0,0,5
53,1969,1.0,1.0,1,0,0,5
53,1970,1.0,1.0,1,0,0,5
53,1971,1.0,1.0,1,0,0,5
53,1972,1.0,1.0,1,0,0,5
53,1973,1.0,1.0,1,0,0,5
53,1974,1.0,1.0,1,0,0,5
53,1975,1.0,1.0,1,0,0,5
53,1976,1.0,1.0,1,0,0,5
53,1977,1.0,1.0,1,0,0,5
53,1978,1.0,1.0,1,0,0,5
53,1979,1.0,1.0,1,0,0,5
53,1980,1.0,1.0,1,0,0,5
53,1981,1.0,1.0,1,0,0,5
53,1982,1.0,1.0,1,0,0,5
53,1983,1.0,1.0,1,0,0,5
53,1984,1.0,1.0,1,0,0,5
53,1985,1.0,1.0,1,0,0,5
53,1986,1.0,1.0,1,0,0,5
53,1987,1.0,1.0,1,0,0,5
53,1988,1.0,1.0,1,0,0,5
53,1989,1.0,1.0,1,0,0,5
53,1990,1.0,1.0,1,0,0,5
53,1991,1.0,1.0,1,0,0,5
53,1992,1.0,1.0,1,0,0,5
53,1993,1.0,1.0,1,0,0,5
53,1994,1.0,1.0,1,0,0,5
53,1995,1.0,1.0,1,0,0,5
53,1996,1.0,1.0,1,0,0,5
53,1997,1.0,1.0,1,0,0,5
53,1998,1.0,1.0,1,0,0,5
53,1999,1.0,1.0,1,0,0,5
54,0,1.0,1.0,0,0,0,5
54,1,1.0,1.0,0,0,0,5
54,2,1.0,1.0,0,0,0,5
54,3,1.0,1.0,0,0,0,5
54,4,1.0,1.0,0,0,0,5
54,5,1.0,1.0,0,0,0,5
54,6,1.0,1.0,0,0,0,5
54,7,1.0,1.0,0,0,0,5
54,8,1.0,1.0,0,0,0,5
54,9,1.0,1.0,0,0,0,5
54,10,1.0,1.0,0,0,0,5
54,11,1.0,1.0,0,0,0,5
54,12,1.0,1.0,0,0,0,5
54,13,1.0,1.0,0,0,0,5
54,14,1.0,1.0,0,0,0,5
54,15,1.0,1.0,0,0,0,5
54,16,1.0,1.0,0,0,0,5
54,17,1.0,1.0,0,0,0,5
54,18,1.0,1.0,0,0,0,5
54,19,1.0,1.0,0,0,0,5
54,20,1.0,1.0,0,0,0,5
54,21,1.0,1.0,0,0,0,5
54,22,1.0,1.0,0,0,0,5
54,23,1.0,1.0,0,0,0,5
54,24,1.0,1.0,0,0,0,5
54,25,1.0,1.0,0,0,0,5
54,26,1.0,1.0,0,0,0,5
54,27,1.0,1.0,0,0,0,5
54,28,1.0,1.0,0,0,0,5
54,29,1.0,1.0,0,0,0,5
54,30,1.0,1.0,0,0,0,5
54,31,1.0,1.0,0,0,0,5
54,32,1.0,0.0,0,0,0,5
54,33,1.0,0.0,0,0,0,5
54,34,1.0,0.0,0,0,0,5
54,35,1.0,0.0,0,0,0,5
54,36,1.0,0.0,0,0,0,5
54,37,1.0,0.0,0,0,0,5
54,38,1.0,0.0,0,0,0,5
54,39,0.0,0.0,0,0,0,5
54,40,0.0,0.0,0,0,0,5
54,41,0.0,0.0,0,0,0,5
54,42,0.0,0.0,0,0,0,5
54,43,0.0,0.0,0,0,0,5
54,44,0.0,0.0,0,0,0,5
54,45,0.0,0.0,0,0,0,5
54,46,0.0,0.0,0,0,0,5
54,47,0.0,0.0,0,0,0,5
54,48,0.0,0.0,0,0,0,5
54,49,0.0,0.0,0,0,0,5
54,50,0.0,0.0,0,0,0,5
54,51,0.0,0.0,0,0,0,5
54,52,0.0,0.0,0,0,0,5
54,53,0.0,0.0,0,0,0,5
54,54,0.0,0.0,0,0,0,5
54,55,0.0,0.0,0,0,0,5
54,56,0.0,0.0,0,0,0,5
54,57,0.0,0.0,0,0,0,5
54,58,0.0,0.0,0,0,0,5
54,59,0.0,0.0,0,0,0,5
54,60,0.0,0.0,0,0,0,5
54,61,0.0,0.0,0,0,0,5
54,62,0.0,0.0,0,0,0,5
54,63,0.0,0.0,0,0,0,5
54,64,0.0,0.0,0,0,0,5
54,65,0.0,0.0,0,0,0,5
54,66,0.0,0.0,0,0,0,5
54,67,0.0,0.0,0,0,0,5
54,68,0.0,0.0,0,0,0,5
54,69,0.0,0.0,0,0,0,5
54,70,0.0,0.0,0,0,0,5
54,71,0.0,0.0,0,0,0,5
54,72,0.0,0.0,0,0,0,5
54,73,0.0,0.0,0,0,0,5
54,74,0.0,0.0,0,0,0,5
54,75,0.0,0.0,0,0,0,5
54,76,0.0,0.0,0,0,0,5
54,77,0.0,0.0,0,0,0,5
54,78,0.0,0.0,0,0,0,5
54,79,0.0,0.0,0,0,0,5
54,80,0.0,0.0,0,0,0,5
54,81,0.0,0.0,0,0,0,5
54,82,0.0,0.0,0,0,0,5
54,83,0.0,0.0,0,0,0,5
54,84,0.0,0.0,0,0,0,5
54,85,0.0,0.0,0,0,0,5
54,86,0.0,0.0,0,0,0,5
54,87,0.0,0.0,0,0,0,5
54,88,0.0,0.0,0,0,0,5
54,89,0.0,0.0,0,0,0,5
54,90,0.0,0.0,0,0,0,5
54,91,0.0,0.0,0,0,0,5
54,92,0.0,0.0,0,0,0,5
54,93,0.0,0.0,0,0,0,5
54,94,0.0,0.0,0,0,0,5
54,95,0.0,0.0,0,0,0,5
54,96,0.0,0.0,0,0,0,5
54,97,0.0,0.0,0,0,0,5
54,98,0.0,0.0,0,0,0,5
54,99,0.0,0.0,0,0,0,5
54,100,0.0,0.0,0,0,0,5
54,101,0.0,0.0,0,0,0,5
54,102,0.0,0.0,0,0,0,5
54,103,0.0,0.0,0,0,0,5
54,104,0.0,0.0,0,0,0,5
54,105,0.0,0.0,0,0,0,5
54,106,0.0,0.0,0,0,0,5
54,107,0.0,0.0,0,0,0,5
54,108,0.0,0.0,0,0,0,5
54,109,0.0,0.0,0,0,0,5
54,110,0.0,0.0,0,0,0,5
54,111,0.0,0.0,0,0,0,5
54,112,0.0,0.0,0,0,0,5
54,113,0.0,0.0,0,0,0,5
54,114,0.0,0.0,0,0,0,5
54,115,0.0,0.0,0,0,0,5
54,116,0.0,0.0,0,0,0,5
54,117,0.0,0.0,0,0,0,5
54,118,0.0,0.0,0,0,0,5
54,119,0.0,0.0,0,0,0,5
54,120,0.0,0.0,0,0,0,5
54,121,0.0,0.0,0,0,0,5
54,122,0.0,0.0,0,0,0,5
54,123,0.0,0.0,0,0,0,5
54,124,0.0,0.0,0,0,0,5
54,125,0.0,0.0,0,0,0,5
54,126,0.0,0.0,0,0,0,5
54,127,0.0,0.0,0,0,0,5
54,128,0.0,0.0,0,0,0,5
54,129,0.0,0.0,0,0,0,5
54,130,0.0,0.0,0,0,0,5
54,131,0.0,0.0,0,0,0,5
54,132,0.0,0.0,0,0,0,5
54,133,0.0,0.0,0,0,0,5
54,134,0.0,0.0,0,0,0,5
54,135,0.0,0.0,0,0,0,5
54,136,0.0,0.0,0,0,0,5
54,137,0.0,0.0,0,0,0,5
54,138,0.0,0.0,0,0,0,5
54,139,0.0,0.0,0,0,0,5
54,140,0.0,0.0,0,0,0,5
54,141,0.0,0.0,0,0,0,5
54,142,0.0,0.0,0,0,0,5
54,143,0.0,0.0,0,0,0,5
54,144,0.0,0.0,0,0,0,5
54,145,0.0,0.0,0,0,0,5
54,146,0.0,0.0,0,0,0,5
54,147,0.0,0.0,0,0,0,5
54,148,0.0,0.0,0,0,0,5
54,149,0.0,0.0,0,0,0,5
54,150,0.0,0.0,0,0,0,5
54,151,0.0,0.0,0,0,0,5
54,152,0.0,0.0,0,0,0,5
54,153,0.0,0.0,0,0,0,5
54,154,0.0,0.0,0,0,0,5
54,155,0.0,0.0,0,0,0,5
54,156,0.0,0.0,0,0,0,5
54,157,0.0,0.0,0,0,0,5
54,158,0.0,0.0,0,0,0,5
54,159,0.0,0.0,0,0,0,5
54,160,0.0,0.0,0,0,0,5
54,161,0.0,0.0,0,0,0,5
54,162,0.0,0.0,0,0,0,5
54,163,0.0,0.0,0,0,0,5
54,164,0.0,0.0,0,0,0,5
54,165,0.0,0.0,0,0,0,5
54,166,0.0,0.0,0,0,0,5
54,167,0.0,0.0,0,0,0,5
54,168,0.0,0.0,0,0,0,5
54,169,0.0,0.0,0,0,0,5
54,170,0.0,0.0,0,0,0,5
54,171,0.0,0.0,0,0,0,5
54,172,0.0,0.0,0,0,0,5
54,173,0.0,0.0,0,0,0,5
54,174,0.0,0.0,0,0,0,5
54,175,0.0,0.0,0,0,0,5
54,176,0.0,0.0,0,0,0,5
54,177,0.0,0.0,0,0,0,5
54,178,0.0,0.0,0,0,0,5
54,179,0.0,0.0,0,0,0,5
54,180,0.0,0.0,0,0,0,5
54,181,0.0,0.0,0,0,0,5
54,182,0.0,0.0,0,0,0,5
54,183,0.0,0.0,0,0,0,5
54,184,0.0,0.0,0,0,0,5
54,185,0.0,0.0,0,0,0,5
54,186,0.0,0.0,0,0,0,5
54,187,0.0,0.0,0,0,0,5
54,188,0.0,0.0,0,0,0,5
54,189,0.0,0.0,0,0,0,5
54,190,0.0,0.0,0,0,0,5
54,191,0.0,0.0,0,0,0,5
54,192,0.0,1.0,0,0,0,5
54,193,0.0,1.0,0,0,0,5
54,194,0.0,1.0,0,0,0,5
54,195,0.0,1.0,0,0,0,5
54,196,0.0,1.0,0,0,0,5
54,197,0.0,1.0,0,0,0,5
54,198,1.0,1.0,0,0,0,5
54,199,1.0,1.0,0,0,0,5
54,200,1.0,1.0,0,0,0,5
54,201,1.0,1.0,0,0,0,5
54,202,1.0,1.0,0,0,0,5
54,203,1.0,1.0,0,0,0,5
54,204,1.0,1.0,0,0,0,5
54,205,1.0,1.0,0,0,0,5
54,206,1.0,1.0,0,0,0,5
54,207,1.0,1.0,0,0,0,5
54,208,1.0,1.0,0,0,0,5
54,209,1.0,1.0,0,0,0,5
54,210,1.0,1.0,0,0,0,5
54,211,1.0,1.0,0,0,0,5
54,212,1.0,1.0,0,0,0,5
54,213,1.0,1.0,0,0,0,5
54,214,1.0,1.0,0,0,0,5
54,215,1.0,1.0,0,0,0,5
54,216,1.0,1.0,0,0,0,5
54,217,1.0,1.0,0,0,0,5
54,218,1.0,1.0,0,0,0,5
54,219,1.0,1.0,0,0,0,5
54,220,1.0,1.0,0,0,0,5
54,221,1.0,1.0,0,0,0,5
54,222,1.0,1.0,0,0,0,5
54,223,1.0,1.0,0,0,0,5
54,224,1.0,1.0,0,0,0,5
54,225,1.0,1.0,0,0,0,5
54,226,1.0,1.0,0,0,0,5
54,227,1.0,1.0,0,0,0,5
54,228,1.0,1.0,0,0,0,5
54,229,1.0,1.0,0,0,0,5
54,230,1.0,1.0,0,0,0,5
54,231,1.0,1.0,0,0,0,5
54,232,1.0,1.0,0,0,0,5
54,233,1.0,1.0,0,0,0,5
54,234,1.0,1.0,0,0,0,5
54,235,1.0,1.0,0,0,0,5
54,236,1.0,1.0,0,0,0,5
54,237,1.0,1.0,0,0,0,5
54,238,1.0,1.0,0,0,0,5
54,239,1.0,1.0,0,0,0,5
54,240,1.0,1.0,0,0,0,5
54,241,1.0,1.0,0,0,0,5
54,242,1.0,1.0,0,0,0,5
54,243,1.0,1.0,0,0,0,5
54,244,1.0,1.0,0,0,0,5
54,245,1.0,1.0,0,0,0,5
54,246,1.0,1.0,0,0,0,5
54,247,1.0,1.0,0,0,0,5
54,248,1.0,1.0,0,0,0,5
54,249,1.0,1.0,0,0,0,5
54,250,1.0,1.0,0,0,0,5
54,251,1.0,1.0,0,0,0,5
54,252,1.0,1.0,0,0,0,5
54,253,1.0,1.0,0,0,0,5
54,254,1.0,1.0,0,0,0,5
54,255,1.0,1.0,0,0,0,5
54,256,1.0,1.0,0,0,0,5
54,257,1.0,1.0,0,0,0,5
54,258,1.0,1.0,0,0,0,5
54,259,1.0,1.0,0,0,0,5
54,260,1.0,1.0,0,0,0,5
54,261,1.0,1.0,0,0,0,5
54,262,1.0,1.0,0,0,0,5
54,263,1.0,1.0,0,0,0,5
54,264,1.0,1.0,0,0,0,5
54,265,1.0,1.0,0,0,0,5
54,266,1.0,1.0,0,0,0,5
54,267,1.0,1.0,0,0,0,5
54,268,1.0,1.0,0,0,0,5
54,269,1.0,1.0,0,0,0,5
54,270,1.0,1.0,0,0,0,5
54,271,1.0,1.0,0,0,0,5
54,272,1.0,1.0,0,0,0,5
54,273,1.0,1.0,0,0,0,5
54,274,1.0,1.0,0,0,0,5
54,275,1.0,1.0,0,0,0,5
54,276,1.0,1.0,0,0,0,5
54,277,1.0,1.0,0,0,0,5
54,278,1.0,1.0,0,0,0,5
54,279,1.0,1.0,0,0,0,5
54,280,1.0,1.0,0,0,0,5
54,281,1.0,1.0,0,0,0,5
54,282,1.0,1.0,0,0,0,5
54,283,1.0,1.0,0,0,0,5
54,284,1.0,1.0,0,0,0,5
54,285,1.0,1.0,0,0,0,5
54,286,1.0,1.0,0,0,0,5
54,287,1.0,1.0,0,0,0,5
54,288,1.0,1.0,0,0,0,5
54,289,1.0,1.0,0,0,0,5
54,290,1.0,1.0,0,0,0,5
54,291,1.0,1.0,0,0,0,5
54,292,1.0,1.0,0,0,0,5
54,293,1.0,1.0,0,0,0,5
54,294,1.0,1.0,0,0,0,5
54,295,1.0,1.0,0,0,0,5
54,296,1.0,1.0,0,0,0,5
54,297,1.0,1.0,0,0,0,5
54,298,1.0,1.0,0,0,0,5
54,299,1.0,1.0,0,0,0,5
54,300,1.0,1.0,0,0,0,5
54,301,1.0,1.0,0,0,0,5
54,302,1.0,1.0,0,0,0,5
54,303,1.0,1.0,0,0,0,5
54,304,1.0,1.0,0,0,0,5
54,305,1.0,1.0,0,0,0,5
54,306,1.0,1.0,0,0,0,5
54,307,1.0,1.0,0,0,0,5
54,308,1.0,1.0,0,0,0,5
54,309,1.0,1.0,0,0,0,5
54,310,1.0,1.0,0,0,0,5
54,311,1.0,1.0,0,0,0,5
54,312,1.0,1.0,0,0,0,5
54,313,1.0,1.0,0,0,0,5
54,314,1.0,1.0,0,0,0,5
54,315,1.0,1.0,0,0,0,5
54,316,1.0,1.0,0,0,0,5
54,317,1.0,1.0,0,0,0,5
54,318,1.0,1.0,0,0,0,5
54,319,1.0,1.0,0,0,0,5
54,320,1.0,1.0,0,0,0,5
54,321,1.0,1.0,0,0,0,5
54,322,1.0,1.0,0,0,0,5
54,323,1.0,1.0,0,0,0,5
54,324,1.0,1.0,0,0,0,5
54,325,1.0,1.0,0,0,0,5
54,326,1.0,1.0,0,0,0,5
54,327,1.0,1.0,0,0,0,5
54,328,1.0,1.0,0,0,0,5
54,329,1.0,1.0,0,0,0,5
54,330,1.0,1.0,0,0,0,5
54,331,1.0,1.0,0,0,0,5
54,332,1.0,1.0,0,0,0,5
54,333,1.0,1.0,0,0,0,5
54,334,1.0,1.0,0,0,0,5
54,335,1.0,1.0,0,0,0,5
54,336,1.0,1.0,0,0,0,5
54,337,1.0,1.0,0,0,0,5
54,338,1.0,1.0,0,0,0,5
54,339,1.0,1.0,0,0,0,5
54,340,1.0,1.0,0,0,0,5
54,341,1.0,1.0,1,0,0,5
54,342,1.0,1.0,1,0,0,5
54,343,1.0,1.0,1,0,0,5
54,344,1.0,1.0,1,0,0,5
54,345,1.0,1.0,1,0,0,5
54,346,1.0,1.0,1,0,0,5
54,347,1.0,1.0,1,0,0,5
54,348,1.0,1.0,1,0,0,5
54,349,1.0,1.0,1,0,0,5
54,350,1.0,1.0,1,0,0,5
54,351,1.0,1.0,1,0,0,5
54,352,1.0,1.0,1,0,0,5
54,353,1.0,1.0,1,0,0,5
54,354,1.0,1.0,1,0,0,5
54,355,1.0,1.0,1,0,0,5
54,356,1.0,1.0,1,0,0,5
54,357,1.0,1.0,1,0,0,5
54,358,1.0,1.0,1,0,0,5
54,359,1.0,1.0,1,0,0,5
54,360,1.0,1.0,1,0,0,5
54,361,1.0,1.0,1,0,0,5
54,362,1.0,1.0,1,0,0,5
54,363,1.0,1.0,1,0,0,5
54,364,1.0,0.0,1,0,0,5
54,365,1.0,0.0,1,0,0,5
54,366,1.0,0.0,1,0,0,5
54,367,1.0,0.0,1,0,0,5
54,368,1.0,0.0,1,0,0,5
54,369,1.0,0.0,1,0,0,5
54,370,1.0,0.0,1,0,0,5
54,371,0.0,0.0,1,0,0,5
54,372,0.0,0.0,1,0,0,5
54,373,0.0,0.0,1,0,0,5
54,374,0.0,0.0,1,0,0,5
54,375,0.0,0.0,1,0,0,5
54,376,0.0,0.0,1,0,0,5
54,377,0.0,0.0,1,0,0,5
54,378,0.0,0.0,1,0,0,5
54,379,0.0,0.0,1,0,0,5
54,380,0.0,0.0,1,0,0,5
54,381,0.0,0.0,1,0,0,5
54,382,0.0,0.0,1,0,0,5
54,383,0.0,0.0,1,0,0,5
54,384,0.0,0.0,1,0,0,5
54,385,0.0,0.0,1,0,0,5
54,386,0.0,0.0,1,0,0,5
54,387,0.0,0.0,1,0,0,5
54,388,0.0,0.0,1,0,0,5
54,389,0.0,0.0,1,0,0,5
54,390,0.0,0.0,1,0,0,5
54,391,0.0,0.0,1,0,0,5
54,392,0.0,0.0,1,0,0,5
54,393,0.0,0.0,1,0,0,5
54,394,0.0,0.0,1,0,0,5
54,395,0.0,0.0,1,0,0,5
54,396,0.0,0.0,1,0,0,5
54,397,0.0,0.0,1,0,0,5
54,398,0.0,0.0,1,0,0,5
54,399,0.0,0.0,1,0,0,5
54,400,0.0,0.0,1,0,0,5
54,401,0.0,0.0,1,0,0,5
54,402,0.0,0.0,1,0,0,5
54,403,0.0,0.0,1,0,0,5
54,404,0.0,0.0,1,0,0,5
54,405,0.0,0.0,1,0,0,5
54,406,0.0,0.0,1,0,0,5
54,407,0.0,0.0,1,0,0,5
54,408,0.0,0.0,1,0,0,5
54,409,0.0,0.0,1,0,0,5
54,410,0.0,0.0,1,0,0,5
54,411,0.0,0.0,1,0,0,5
54,412,0.0,0.0,1,0,0,5
54,413,0.0,0.0,1,0,0,5
54,414,0.0,0.0,1,0,0,5
54,415,0.0,0.0,1,0,0,5
54,416,0.0,0.0,1,0,0,5
54,417,0.0,0.0,1,0,0,5
54,418,0.0,0.0,1,0,0,5
54,419,0.0,0.0,1,0,0,5
54,420,0.0,0.0,1,0,0,5
54,421,0.0,0.0,1,0,0,5
54,422,0.0,0.0,1,0,0,5
54,423,0.0,0.0,1,0,0,5
54,424,0.0,0.0,1,0,0,5
54,425,0.0,0.0,1,0,0,5
54,426,0.0,0.0,1,0,0,5
54,427,0.0,0.0,1,0,0,5
54,428,0.0,0.0,1,0,0,5
54,429,0.0,0.0,1,0,0,5
54,430,0.0,0.0,1,0,0,5
54,431,0.0,0.0,1,0,0,5
54,432,0.0,0.0,1,0,0,5
54,433,0.0,0.0,1,0,0,5
54,434,0.0,0.0,1,0,0,5
54,435,0.0,0.0,1,0,0,5
54,436,0.0,0.0,1,0,0,5
54,437,0.0,0.0,1,0,0,5
54,438,0.0,0.0,1,0,0,5
54,439,0.0,0.0,1,0,0,5
54,440,0.0,0.0,1,0,0,5
54,441,0.0,0.0,1,0,0,5
54,442,0.0,0.0,1,0,0,5
54,443,0.0,0.0,1,0,0,5
54,444,0.0,0.0,1,0,0,5
54,445,0.0,0.0,1,0,0,5
54,446,0.0,0.0,1,0,0,5
54,447,0.0,0.0,1,0,0,5
54,448,0.0,0.0,1,0,0,5
54,449,0.0,0.0,1,0,0,5
54,450,0.0,0.0,1,0,0,5
54,451,0.0,0.0,1,0,0,5
54,452,0.0,0.0,1,0,0,5
54,453,0.0,0.0,1,0,0,5
54,454,0.0,0.0,1,0,0,5
54,455,0.0,0.0,1,0,0,5
54,456,0.0,0.0,1,0,0,5
54,457,0.0,0.0,1,0,0,5
54,458,0.0,0.0,1,0,0,5
54,459,0.0,0.0,1,0,0,5
54,460,0.0,0.0,1,0,0,5
54,461,0.0,0.0,1,0,0,5
54,462,0.0,0.0,1,0,0,5
54,463,0.0,0.0,1,0,0,5
54,464,0.0,0.0,1,0,0,5
54,465,0.0,0.0,1,0,0,5
54,466,0.0,0.0,1,0,0,5
54,467,0.0,0.0,1,0,0,5
54,468,0.0,0.0,1,0,0,5
54,469,0.0,0.0,1,0,0,5
54,470,0.0,0.0,1,0,0,5
54,471,0.0,0.0,1,0,0,5
54,472,0.0,0.0,1,0,0,5
54,473,0.0,0.0,1,0,0,5
54,474,0.0,0.0,1,0,0,5
54,475,0.0,0.0,1,0,0,5
54,476,0.0,0.0,1,0,0,5
54,477,0.0,0.0,1,0,0,5
54,478,0.0,0.0,1,0,0,5
54,479,0.0,0.0,1,0,0,5
54,480,0.0,0.0,1,0,0,5
54,481,0.0,0.0,1,0,0,5
54,482,0.0,0.0,1,0,0,5
54,483,0.0,0.0,1,0,0,5
54,484,0.0,0.0,1,0,0,5
54,485,0.0,0.0,1,0,0,5
54,486,0.0,0.0,1,0,0,5
54,487,0.0,0.0,1,0,0,5
54,488,0.0,0.0,1,0,0,5
54,489,0.0,0.0,1,0,0,5
54,490,0.0,0.0,1,0,0,5
54,491,0.0,0.0,1,0,0,5
54,492,0.0,0.0,1,0,0,5
54,493,0.0,0.0,1,0,0,5
54,494,0.0,0.0,1,0,0,5
54,495,0.0,0.0,1,0,0,5
54,496,0.0,0.0,1,0,0,5
54,497,0.0,0.0,1,0,0,5
54,498,0.0,0.0,1,0,0,5
54,499,0.0,0.0,1,0,0,5
54,500,0.0,0.0,1,0,0,5
54,501,0.0,0.0,1,0,0,5
54,502,0.0,0.0,1,0,0,5
54,503,0.0,0.0,1,0,0,5
54,504,0.0,0.0,1,0,0,5
54,505,0.0,0.0,1,0,0,5
54,506,0.0,0.0,1,0,0,5
54,507,0.0,0.0,1,0,0,5
54,508,0.0,0.0,1,0,0,5
54,509,0.0,0.0,1,0,0,5
54,510,0.0,0.0,1,0,0,5
54,511,0.0,0.0,1,0,0,5
54,512,0.0,0.0,1,0,0,5
54,513,0.0,0.0,1,0,0,5
54,514,0.0,0.0,1,0,0,5
54,515,0.0,0.0,1,0,0,5
54,516,0.0,0.0,1,0,0,5
54,517,0.0,0.0,1,0,0,5
54,518,0.0,0.0,1,0,0,5
54,519,0.0,0.0,1,0,0,5
54,520,0.0,0.0,1,0,0,5
54,521,0.0,0.0,1,0,0,5
54,522,0.0,0.0,1,0,0,5
54,523,0.0,0.0,1,0,0,5
54,524,0.0,0.0,1,0,0,5
54,525,0.0,0.0,1,0,0,5
54,526,0.0,0.0,1,0,0,5
54,527,0.0,0.0,1,0,0,5
54,528,0.0,0.0,1,0,0,5
54,529,0.0,0.0,1,0,0,5
54,530,0.0,0.0,1,0,0,5
54,531,0.0,0.0,1,0,0,5
54,532,0.0,0.0,1,0,0,5
54,533,0.0,0.0,1,0,0,5
54,534,0.0,0.0,1,0,0,5
54,535,0.0,0.0,1,0,0,5
54,536,0.0,0.0,1,0,0,5
54,537,0.0,0.0,1,0,0,5
54,538,0.0,0.0,1,0,0,5
54,539,0.0,0.0,1,0,0,5
54,540,0.0,0.0,1,0,0,5
54,541,0.0,0.0,1,0,0,5
54,542,0.0,0.0,1,0,0,5
54,543,0.0,0.0,1,0,0,5
54,544,0.0,0.0,1,0,0,5
54,545,0.0,0.0,1,0,0,5
54,546,0.0,0.0,1,0,0,5
54,547,0.0,0.0,1,0,0,5
54,548,0.0,0.0,1,0,0,5
54,549,0.0,1.0,1,0,0,5
54,550,0.0,1.0,1,0,0,5
54,551,0.0,1.0,1,0,0,5
54,552,0.0,1.0,1,0,0,5
54,553,0.0,1.0,1,0,0,5
54,554,0.0,1.0,1,0,0,5
54,555,0.0,1.0,1,0,0,5
54,556,1.0,1.0,1,0,0,5
54,557,1.0,1.0,1,0,0,5
54,558,1.0,1.0,1,0,0,5
54,559,1.0,1.0,1,0,0,5
54,560,1.0,1.0,1,0,0,5
54,561,1.0,1.0,1,0,0,5
54,562,1.0,1.0,1,0,0,5
54,563,1.0,1.0,1,0,0,5
54,564,1.0,1.0,1,0,0,5
54,565,1.0,1.0,1,0,0,5
54,566,1.0,1.0,1,0,0,5
54,567,1.0,1.0,1,0,0,5
54,568,1.0,1.0,1,0,0,5
54,569,1.0,1.0,1,0,0,5
54,570,1.0,1.0,1,0,0,5
54,571,1.0,1.0,1,0,0,5
54,572,1.0,1.0,1,0,0,5
54,573,1.0,1.0,1,0,0,5
54,574,1.0,1.0,1,0,0,5
54,575,1.0,1.0,1,0,0,5
54,576,1.0,1.0,1,0,0,5
54,577,1.0,1.0,1,0,0,5
54,578,1.0,1.0,1,0,0,5
54,579,1.0,1.0,1,0,0,5
54,580,1.0,1.0,1,0,0,5
54,581,1.0,1.0,1,0,0,5
54,582,1.0,1.0,1,0,0,5
54,583,1.0,1.0,1,0,0,5
54,584,1.0,1.0,1,0,0,5
54,585,1.0,1.0,1,0,0,5
54,586,1.0,1.0,1,0,0,5
54,587,1.0,1.0,1,0,0,5
54,588,1.0,1.0,1,0,0,5
54,589,1.0,1.0,1,0,0,5
54,590,1.0,1.0,1,0,0,5
54,591,1.0,1.0,1,0,0,5
54,592,1.0,1.0,1,0,0,5
54,593,1.0,1.0,1,0,0,5
54,594,1.0,1.0,1,0,0,5
54,595,1.0,1.0,1,0,0,5
54,596,1.0,1.0,1,0,0,5
54,597,1.0,1.0,1,0,0,5
54,598,1.0,1.0,1,0,0,5
54,599,1.0,1.0,1,0,0,5
54,600,1.0,1.0,1,0,0,5
54,601,1.0,1.0,1,0,0,5
54,602,1.0,1.0,1,0,0,5
54,603,1.0,1.0,1,0,0,5
54,604,1.0,1.0,1,0,0,5
54,605,1.0,1.0,1,0,0,5
54,606,1.0,1.0,1,0,0,5
54,607,1.0,1.0,1,0,0,5
54,608,1.0,1.0,1,0,0,5
54,609,1.0,1.0,1,0,0,5
54,610,1.0,1.0,1,0,0,5
54,611,1.0,1.0,1,0,0,5
54,612,1.0,1.0,1,0,0,5
54,613,1.0,1.0,1,0,0,5
54,614,1.0,1.0,1,0,0,5
54,615,1.0,1.0,1,0,0,5
54,616,1.0,1.0,1,0,0,5
54,617,1.0,1.0,1,0,0,5
54,618,1.0,1.0,1,0,0,5
54,619,1.0,1.0,1,0,0,5
54,620,1.0,1.0,1,0,0,5
54,621,1.0,1.0,1,0,0,5
54,622,1.0,1.0,1,0,0,5
54,623,1.0,1.0,1,0,0,5
54,624,1.0,1.0,1,0,0,5
54,625,1.0,1.0,1,0,0,5
54,626,1.0,1.0,1,0,0,5
54,627,1.0,1.0,1,0,0,5
54,628,1.0,1.0,1,0,0,5
54,629,1.0,1.0,1,0,0,5
54,630,1.0,1.0,1,0,0,5
54,631,1.0,1.0,1,0,0,5
54,632,1.0,1.0,1,0,0,5
54,633,1.0,1.0,1,0,0,5
54,634,1.0,1.0,1,0,0,5
54,635,1.0,1.0,1,0,0,5
54,636,1.0,1.0,1,0,0,5
54,637,1.0,1.0,1,0,0,5
54,638,1.0,1.0,1,0,0,5
54,639,1.0,1.0,1,0,0,5
54,640,1.0,1.0,1,0,0,5
54,641,1.0,1.0,1,0,0,5
54,642,1.0,1.0,1,0,0,5
54,643,1.0,1.0,1,0,0,5
54,644,1.0,1.0,1,0,0,5
54,645,1.0,1.0,1,0,0,5
54,646,1.0,1.0,1,0,0,5
54,647,1.0,1.0,1,0,0,5
54,648,1.0,1.0,1,0,0,5
54,649,1.0,0.0,1,0,0,5
54,650,1.0,0.0,1,0,0,5
54,651,1.0,0.0,1,0,0,5
54,652,1.0,0.0,1,0,0,5
54,653,1.0,0.0,1,0,0,5
54,654,1.0,0.0,1,0,0,5
54,655,1.0,0.0,1,0,0,5
54,656,0.0,0.0,1,0,0,5
54,657,0.0,0.0,1,0,0,5
54,658,0.0,0.0,1,0,0,5
54,659,0.0,0.0,1,0,0,5
54,660,0.0,0.0,1,0,0,5
54,661,0.0,0.0,1,0,0,5
54,662,0.0,0.0,1,0,0,5
54,663,0.0,0.0,1,0,0,5
54,664,0.0,0.0,1,0,0,5
54,665,0.0,0.0,1,0,0,5
54,666,0.0,0.0,1,0,0,5
54,667,0.0,0.0,1,0,0,5
54,668,0.0,0.0,1,0,0,5
54,669,0.0,0.0,1,0,0,5
54,670,0.0,0.0,1,0,0,5
54,671,0.0,0.0,1,0,0,5
54,672,0.0,0.0,1,0,0,5
54,673,0.0,0.0,1,0,0,5
54,674,0.0,0.0,1,0,0,5
54,675,0.0,0.0,1,0,0,5
54,676,0.0,0.0,1,0,0,5
54,677,0.0,0.0,1,0,0,5
54,678,0.0,0.0,1,0,0,5
54,679,0.0,0.0,1,0,0,5
54,680,0.0,0.0,1,0,0,5
54,681,0.0,0.0,1,0,0,5
54,682,0.0,0.0,1,0,0,5
54,683,0.0,0.0,1,0,0,5
54,684,0.0,0.0,1,0,0,5
54,685,0.0,0.0,1,0,0,5
54,686,0.0,0.0,1,0,0,5
54,687,0.0,0.0,1,0,0,5
54,688,0.0,0.0,1,0,0,5
54,689,0.0,0.0,1,0,0,5
54,690,0.0,0.0,1,0,0,5
54,691,0.0,0.0,1,0,0,5
54,692,0.0,0.0,1,0,0,5
54,693,0.0,0.0,1,0,0,5
54,694,0.0,0.0,1,0,0,5
54,695,0.0,0.0,1,0,0,5
54,696,0.0,0.0,1,0,0,5
54,697,0.0,0.0,1,0,0,5
54,698,0.0,0.0,1,0,0,5
54,699,0.0,0.0,1,0,0,5
54,700,0.0,0.0,1,0,0,5
54,701,0.0,0.0,1,0,0,5
54,702,0.0,0.0,1,0,0,5
54,703,0.0,0.0,1,0,0,5
54,704,0.0,0.0,1,0,0,5
54,705,0.0,0.0,1,0,0,5
54,706,0.0,0.0,1,0,0,5
54,707,0.0,0.0,1,0,0,5
54,708,0.0,0.0,1,0,0,5
54,709,0.0,0.0,1,0,0,5
54,710,0.0,0.0,1,0,0,5
54,711,0.0,0.0,1,0,0,5
54,712,0.0,0.0,1,0,0,5
54,713,0.0,0.0,1,0,0,5
54,714,0.0,0.0,1,0,0,5
54,715,0.0,0.0,1,0,0,5
54,716,0.0,0.0,1,0,0,5
54,717,0.0,0.0,1,0,0,5
54,718,0.0,0.0,1,0,0,5
54,719,0.0,0.0,1,0,0,5
54,720,0.0,0.0,1,0,0,5
54,721,0.0,0.0,1,0,0,5
54,722,0.0,0.0,1,0,0,5
54,723,0.0,0.0,1,0,0,5
54,724,0.0,0.0,1,0,0,5
54,725,0.0,0.0,1,0,0,5
54,726,0.0,0.0,1,0,0,5
54,727,0.0,0.0,1,0,0,5
54,728,0.0,0.0,1,0,0,5
54,729,0.0,0.0,1,0,0,5
54,730,0.0,0.0,1,0,0,5
54,731,0.0,0.0,1,0,0,5
54,732,0.0,0.0,1,0,0,5
54,733,0.0,0.0,1,0,0,5
54,734,0.0,0.0,1,0,0,5
54,735,0.0,0.0,1,0,0,5
54,736,0.0,0.0,1,0,0,5
54,737,0.0,0.0,1,0,0,5
54,738,0.0,0.0,1,0,0,5
54,739,0.0,0.0,1,0,0,5
54,740,0.0,0.0,1,0,0,5
54,741,0.0,0.0,1,0,0,5
54,742,0.0,0.0,1,0,0,5
54,743,0.0,0.0,1,0,0,5
54,744,0.0,0.0,1,0,0,5
54,745,0.0,0.0,1,0,0,5
54,746,0.0,0.0,1,0,0,5
54,747,0.0,0.0,1,0,0,5
54,748,0.0,0.0,1,0,0,5
54,749,0.0,0.0,1,0,0,5
54,750,0.0,0.0,1,0,0,5
54,751,0.0,0.0,1,0,0,5
54,752,0.0,0.0,1,0,0,5
54,753,0.0,0.0,1,0,0,5
54,754,0.0,0.0,1,0,0,5
54,755,0.0,0.0,1,0,0,5
54,756,0.0,0.0,1,0,0,5
54,757,0.0,0.0,1,0,0,5
54,758,0.0,0.0,1,0,0,5
54,759,0.0,0.0,1,0,0,5
54,760,0.0,0.0,1,0,0,5
54,761,0.0,0.0,1,0,0,5
54,762,0.0,0.0,1,0,0,5
54,763,0.0,0.0,1,0,0,5
54,764,0.0,0.0,1,0,0,5
54,765,0.0,0.0,1,0,0,5
54,766,0.0,0.0,1,0,0,5
54,767,0.0,0.0,1,0,0,5
54,768,0.0,0.0,1,0,0,5
54,769,0.0,0.0,1,0,0,5
54,770,0.0,0.0,1,0,0,5
54,771,0.0,0.0,1,0,0,5
54,772,0.0,0.0,1,0,0,5
54,773,0.0,0.0,1,0,0,5
54,774,0.0,0.0,1,0,0,5
54,775,0.0,0.0,1,0,0,5
54,776,0.0,0.0,1,0,0,5
54,777,0.0,0.0,1,0,0,5
54,778,0.0,0.0,1,0,0,5
54,779,0.0,0.0,1,0,0,5
54,780,0.0,0.0,1,0,0,5
54,781,0.0,0.0,1,0,0,5
54,782,0.0,0.0,1,0,0,5
54,783,0.0,0.0,1,0,0,5
54,784,0.0,0.0,1,0,0,5
54,785,0.0,0.0,1,0,0,5
54,786,0.0,0.0,1,0,0,5
54,787,0.0,0.0,1,0,0,5
54,788,0.0,0.0,1,0,0,5
54,789,0.0,0.0,1,0,0,5
54,790,0.0,0.0,1,0,0,5
54,791,0.0,0.0,1,0,0,5
54,792,0.0,0.0,1,0,0,5
54,793,0.0,0.0,1,0,0,5
54,794,0.0,0.0,1,0,0,5
54,795,0.0,0.0,1,0,0,5
54,796,0.0,0.0,1,0,0,5
54,797,0.0,0.0,1,0,0,5
54,798,0.0,0.0,1,0,0,5
54,799,0.0,0.0,1,0,0,5
54,800,0.0,0.0,1,0,0,5
54,801,0.0,0.0,1,0,0,5
54,802,0.0,0.0,1,0,0,5
54,803,0.0,0.0,1,0,0,5
54,804,0.0,0.0,1,0,0,5
54,805,0.0,0.0,1,0,0,5
54,806,0.0,0.0,1,0,0,5
54,807,0.0,0.0,1,0,0,5
54,808,0.0,0.0,1,0,0,5
54,809,0.0,0.0,1,0,0,5
54,810,0.0,0.0,1,0,0,5
54,811,0.0,0.0,1,0,0,5
54,812,0.0,0.0,1,0,0,5
54,813,0.0,0.0,1,0,0,5
54,814,0.0,0.0,1,0,0,5
54,815,0.0,0.0,1,0,0,5
54,816,0.0,0.0,1,0,0,5
54,817,0.0,0.0,1,0,0,5
54,818,0.0,0.0,1,0,0,5
54,819,0.0,0.0,1,0,0,5
54,820,0.0,0.0,1,0,0,5
54,821,0.0,0.0,1,0,0,5
54,822,0.0,0.0,1,0,0,5
54,823,0.0,0.0,1,0,0,5
54,824,0.0,0.0,1,0,0,5
54,825,0.0,0.0,1,0,0,5
54,826,0.0,0.0,1,0,0,5
54,827,0.0,0.0,1,0,0,5
54,828,0.0,0.0,1,0,0,5
54,829,0.0,0.0,1,0,0,5
54,830,0.0,0.0,1,0,0,5
54,831,0.0,0.0,1,0,0,5
54,832,0.0,0.0,1,0,0,5
54,833,0.0,0.0,1,0,0,5
54,834,0.0,0.0,1,0,0,5
54,835,0.0,0.0,1,0,0,5
54,836,0.0,0.0,1,0,0,5
54,837,0.0,0.0,1,0,0,5
54,838,0.0,0.0,1,0,0,5
54,839,0.0,0.0,1,0,0,5
54,840,0.0,0.0,1,0,0,5
54,841,0.0,0.0,1,0,0,5
54,842,0.0,0.0,1,0,0,5
54,843,0.0,0.0,1,0,0,5
54,844,0.0,0.0,1,0,0,5
54,845,0.0,0.0,1,0,0,5
54,846,0.0,0.0,1,0,0,5
54,847,0.0,0.0,1,0,0,5
54,848,0.0,0.0,1,0,0,5
54,849,0.0,0.0,1,0,0,5
54,850,0.0,0.0,1,0,0,5
54,851,0.0,0.0,1,0,0,5
54,852,0.0,0.0,1,0,0,5
54,853,0.0,0.0,1,0,0,5
54,854,0.0,0.0,1,0,0,5
54,855,0.0,0.0,1,0,0,5
54,856,0.0,0.0,1,0,0,5
54,857,0.0,0.0,1,0,0,5
54,858,0.0,0.0,1,0,0,5
54,859,0.0,0.0,1,0,0,5
54,860,0.0,0.0,1,0,0,5
54,861,0.0,0.0,1,0,0,5
54,862,0.0,0.0,1,0,0,5
54,863,0.0,0.0,1,0,0,5
54,864,0.0,0.0,1,0,0,5
54,865,0.0,0.0,1,0,0,5
54,866,0.0,0.0,1,0,0,5
54,867,0.0,0.0,1,0,0,5
54,868,0.0,0.0,1,0,0,5
54,869,0.0,0.0,1,0,0,5
54,870,0.0,0.0,1,0,0,5
54,871,0.0,0.0,1,0,0,5
54,872,0.0,0.0,1,0,0,5
54,873,0.0,0.0,1,0,0,5
54,874,0.0,0.0,1,0,0,5
54,875,0.0,0.0,1,0,0,5
54,876,0.0,0.0,1,0,0,5
54,877,0.0,0.0,1,0,0,5
54,878,0.0,0.0,1,0,0,5
54,879,0.0,0.0,1,0,0,5
54,880,0.0,0.0,1,0,0,5
54,881,0.0,0.0,1,0,0,5
54,882,0.0,0.0,1,0,0,5
54,883,0.0,0.0,1,0,0,5
54,884,0.0,0.0,1,0,0,5
54,885,0.0,0.0,1,0,0,5
54,886,0.0,0.0,1,0,0,5
54,887,0.0,0.0,1,0,0,5
54,888,0.0,0.0,1,0,0,5
54,889,0.0,0.0,1,0,0,5
54,890,0.0,0.0,1,0,0,5
54,891,0.0,0.0,1,0,0,5
54,892,0.0,0.0,1,0,0,5
54,893,0.0,0.0,1,0,0,5
54,894,0.0,0.0,1,0,0,5
54,895,0.0,0.0,1,0,0,5
54,896,0.0,0.0,1,0,0,5
54,897,0.0,0.0,1,0,0,5
54,898,0.0,0.0,1,0,0,5
54,899,0.0,0.0,1,0,0,5
54,900,0.0,0.0,1,0,0,5
54,901,0.0,0.0,1,0,0,5
54,902,0.0,0.0,1,0,0,5
54,903,0.0,0.0,1,0,0,5
54,904,0.0,0.0,1,0,0,5
54,905,0.0,0.0,1,0,0,5
54,906,0.0,0.0,1,0,0,5
54,907,0.0,0.0,1,0,0,5
54,908,0.0,1.0,1,0,0,5
54,909,0.0,1.0,1,0,0,5
54,910,0.0,1.0,1,0,0,5
54,911,0.0,1.0,1,0,0,5
54,912,0.0,1.0,1,0,0,5
54,913,0.0,1.0,1,0,0,5
54,914,0.0,1.0,1,0,0,5
54,915,1.0,1.0,1,0,0,5
54,916,1.0,1.0,1,0,0,5
54,917,1.0,1.0,1,0,0,5
54,918,1.0,1.0,1,0,0,5
54,919,1.0,1.0,1,0,0,5
54,920,1.0,1.0,1,0,0,5
54,921,1.0,1.0,1,0,0,5
54,922,1.0,1.0,1,0,0,5
54,923,1.0,1.0,1,0,0,5
54,924,1.0,1.0,1,0,0,5
54,925,1.0,1.0,1,0,0,5
54,926,1.0,1.0,1,0,0,5
54,927,1.0,1.0,1,0,0,5
54,928,1.0,1.0,1,0,0,5
54,929,1.0,1.0,1,0,0,5
54,930,1.0,1.0,1,0,0,5
54,931,1.0,1.0,1,0,0,5
54,932,1.0,1.0,1,0,0,5
54,933,1.0,1.0,1,0,0,5
54,934,1.0,1.0,1,0,0,5
54,935,1.0,1.0,1,0,0,5
54,936,1.0,1.0,1,0,0,5
54,937,1.0,1.0,1,0,0,5
54,938,1.0,1.0,1,0,0,5
54,939,1.0,1.0,1,0,0,5
54,940,1.0,1.0,1,0,0,5
54,941,1.0,1.0,1,0,0,5
54,942,1.0,1.0,1,0,0,5
54,943,1.0,1.0,1,0,0,5
54,944,1.0,1.0,1,0,0,5
54,945,1.0,1.0,1,0,0,5
54,946,1.0,1.0,1,0,0,5
54,947,1.0,1.0,1,0,0,5
54,948,1.0,1.0,1,0,0,5
54,949,1.0,1.0,1,0,0,5
54,950,1.0,1.0,1,0,0,5
54,951,1.0,1.0,1,0,0,5
54,952,1.0,1.0,1,0,0,5
54,953,1.0,1.0,1,0,0,5
54,954,1.0,1.0,1,0,0,5
54,955,1.0,1.0,1,0,0,5
54,956,1.0,1.0,1,0,0,5
54,957,1.0,1.0,1,0,0,5
54,958,1.0,1.0,1,0,0,5
54,959,1.0,1.0,1,0,0,5
54,960,1.0,1.0,1,0,0,5
54,961,1.0,1.0,1,0,0,5
54,962,1.0,1.0,1,0,0,5
54,963,1.0,1.0,1,0,0,5
54,964,1.0,1.0,1,0,0,5
54,965,1.0,1.0,1,0,0,5
54,966,1.0,1.0,1,0,0,5
54,967,1.0,1.0,1,0,0,5
54,968,1.0,1.0,1,0,0,5
54,969,1.0,1.0,1,0,0,5
54,970,1.0,0.0,1,0,0,5
54,971,1.0,0.0,1,0,0,5
54,972,1.0,0.0,1,0,0,5
54,973,1.0,0.0,1,0,0,5
54,974,1.0,0.0,1,0,0,5
54,975,1.0,0.0,1,0,0,5
54,976,1.0,0.0,1,0,0,5
54,977,0.0,0.0,1,0,0,5
54,978,0.0,0.0,1,0,0,5
54,979,0.0,0.0,1,0,0,5
54,980,0.0,0.0,1,0,0,5
54,981,0.0,0.0,1,0,0,5
54,982,0.0,0.0,1,0,0,5
54,983,0.0,0.0,1,0,0,5
54,984,0.0,0.0,1,0,0,5
54,985,0.0,0.0,1,0,0,5
54,986,0.0,0.0,1,0,0,5
54,987,0.0,0.0,1,0,0,5
54,988,0.0,0.0,1,0,0,5
54,989,0.0,0.0,1,0,0,5
54,990,0.0,0.0,1,0,0,5
54,991,0.0,0.0,1,0,0,5
54,992,0.0,0.0,1,0,0,5
54,993,0.0,0.0,1,0,0,5
54,994,0.0,0.0,1,0,0,5
54,995,0.0,0.0,1,0,0,5
54,996,0.0,0.0,1,0,0,5
54,997,0.0,0.0,1,0,0,5
54,998,0.0,0.0,1,0,0,5
54,999,0.0,0.0,1,0,0,5
54,1000,0.0,0.0,1,0,0,5
54,1001,0.0,0.0,1,0,0,5
54,1002,0.0,0.0,1,0,0,5
54,1003,0.0,0.0,1,0,0,5
54,1004,0.0,0.0,1,0,0,5
54,1005,0.0,0.0,1,0,0,5
54,1006,0.0,0.0,1,0,0,5
54,1007,0.0,0.0,1,0,0,5
54,1008,0.0,0.0,1,0,0,5
54,1009,0.0,0.0,1,0,0,5
54,1010,0.0,0.0,1,0,0,5
54,1011,0.0,0.0,1,0,0,5
54,1012,0.0,0.0,1,0,0,5
54,1013,0.0,0.0,1,0,0,5
54,1014,0.0,0.0,1,0,0,5
54,1015,0.0,0.0,1,0,0,5
54,1016,0.0,0.0,1,0,0,5
54,1017,0.0,0.0,1,0,0,5
54,1018,0.0,0.0,1,0,0,5
54,1019,0.0,0.0,1,0,0,5
54,1020,0.0,0.0,1,0,0,5
54,1021,0.0,0.0,1,0,0,5
54,1022,0.0,0.0,1,0,0,5
54,1023,0.0,0.0,1,0,0,5
54,1024,0.0,0.0,1,0,0,5
54,1025,0.0,0.0,1,0,0,5
54,1026,0.0,0.0,1,0,0,5
54,1027,0.0,0.0,1,0,0,5
54,1028,0.0,0.0,1,0,0,5
54,1029,0.0,0.0,1,0,0,5
54,1030,0.0,0.0,1,0,0,5
54,1031,0.0,0.0,1,0,0,5
54,1032,0.0,0.0,1,0,0,5
54,1033,0.0,0.0,1,0,0,5
54,1034,0.0,0.0,1,0,0,5
54,1035,0.0,0.0,1,0,0,5
54,1036,0.0,0.0,1,0,0,5
54,1037,0.0,0.0,1,0,0,5
54,1038,0.0,0.0,1,0,0,5
54,1039,0.0,0.0,1,0,0,5
54,1040,0.0,0.0,1,0,0,5
54,1041,0.0,0.0,1,0,0,5
54,1042,0.0,0.0,1,0,0,5
54,1043,0.0,0.0,1,0,0,5
54,1044,0.0,0.0,1,0,0,5
54,1045,0.0,0.0,1,0,0,5
54,1046,0.0,0.0,1,0,0,5
54,1047,0.0,0.0,1,0,0,5
54,1048,0.0,0.0,1,0,0,5
54,1049,0.0,0.0,1,0,0,5
54,1050,0.0,0.0,1,0,0,5
54,1051,0.0,0.0,1,0,0,5
54,1052,0.0,0.0,1,0,0,5
54,1053,0.0,0.0,1,0,0,5
54,1054,0.0,0.0,1,0,0,5
54,1055,0.0,0.0,1,0,0,5
54,1056,0.0,0.0,1,0,0,5
54,1057,0.0,0.0,1,0,0,5
54,1058,0.0,0.0,1,0,0,5
54,1059,0.0,0.0,1,0,0,5
54,1060,0.0,0.0,1,0,0,5
54,1061,0.0,0.0,1,0,0,5
54,1062,0.0,0.0,1,0,0,5
54,1063,0.0,0.0,1,0,0,5
54,1064,0.0,0.0,1,0,0,5
54,1065,0.0,0.0,1,0,0,5
54,1066,0.0,0.0,1,0,0,5
54,1067,0.0,0.0,1,0,0,5
54,1068,0.0,0.0,1,0,0,5
54,1069,0.0,0.0,1,0,0,5
54,1070,0.0,0.0,1,0,0,5
54,1071,0.0,0.0,1,0,0,5
54,1072,0.0,0.0,1,0,0,5
54,1073,0.0,0.0,1,0,0,5
54,1074,0.0,0.0,1,0,0,5
54,1075,0.0,0.0,1,0,0,5
54,1076,0.0,0.0,1,0,0,5
54,1077,0.0,0.0,1,0,0,5
54,1078,0.0,0.0,1,0,0,5
54,1079,0.0,0.0,1,0,0,5
54,1080,0.0,0.0,1,0,0,5
54,1081,0.0,0.0,1,0,0,5
54,1082,0.0,0.0,1,0,0,5
54,1083,0.0,0.0,1,0,0,5
54,1084,0.0,0.0,1,0,0,5
54,1085,0.0,0.0,1,0,0,5
54,1086,0.0,0.0,1,0,0,5
54,1087,0.0,0.0,1,0,0,5
54,1088,0.0,0.0,1,0,0,5
54,1089,0.0,0.0,1,0,0,5
54,1090,0.0,0.0,1,0,0,5
54,1091,0.0,0.0,1,0,0,5
54,1092,0.0,0.0,1,0,0,5
54,1093,0.0,0.0,1,0,0,5
54,1094,0.0,0.0,1,0,0,5
54,1095,0.0,0.0,1,0,0,5
54,1096,0.0,0.0,1,0,0,5
54,1097,0.0,0.0,1,0,0,5
54,1098,0.0,0.0,1,0,0,5
54,1099,0.0,0.0,1,0,0,5
54,1100,0.0,0.0,1,0,0,5
54,1101,0.0,0.0,1,0,0,5
54,1102,0.0,0.0,1,0,0,5
54,1103,0.0,0.0,1,0,0,5
54,1104,0.0,0.0,1,0,0,5
54,1105,0.0,0.0,1,0,0,5
54,1106,0.0,0.0,1,0,0,5
54,1107,0.0,0.0,1,0,0,5
54,1108,0.0,0.0,1,0,0,5
54,1109,0.0,0.0,1,0,0,5
54,1110,0.0,0.0,1,0,0,5
54,1111,0.0,0.0,1,0,0,5
54,1112,0.0,0.0,1,0,0,5
54,1113,0.0,0.0,1,0,0,5
54,1114,0.0,0.0,1,0,0,5
54,1115,0.0,0.0,1,0,0,5
54,1116,0.0,0.0,1,0,0,5
54,1117,0.0,0.0,1,0,0,5
54,1118,0.0,0.0,1,0,0,5
54,1119,0.0,0.0,1,0,0,5
54,1120,0.0,0.0,1,0,0,5
54,1121,0.0,0.0,1,0,0,5
54,1122,0.0,0.0,1,0,0,5
54,1123,0.0,0.0,1,0,0,5
54,1124,0.0,0.0,1,0,0,5
54,1125,0.0,0.0,1,0,0,5
54,1126,0.0,0.0,1,0,0,5
54,1127,0.0,0.0,1,0,0,5
54,1128,0.0,0.0,1,0,0,5
54,1129,0.0,0.0,1,0,0,5
54,1130,0.0,0.0,1,0,0,5
54,1131,0.0,0.0,1,0,0,5
54,1132,0.0,0.0,1,0,0,5
54,1133,0.0,0.0,1,0,0,5
54,1134,0.0,0.0,1,0,0,5
54,1135,0.0,0.0,1,0,0,5
54,1136,0.0,0.0,1,0,0,5
54,1137,0.0,0.0,1,0,0,5
54,1138,0.0,0.0,1,0,0,5
54,1139,0.0,0.0,1,0,0,5
54,1140,0.0,0.0,1,0,0,5
54,1141,0.0,0.0,1,0,0,5
54,1142,0.0,0.0,1,0,0,5
54,1143,0.0,0.0,1,0,0,5
54,1144,0.0,0.0,1,0,0,5
54,1145,0.0,0.0,1,0,0,5
54,1146,0.0,0.0,1,0,0,5
54,1147,0.0,0.0,1,0,0,5
54,1148,0.0,0.0,1,0,0,5
54,1149,0.0,0.0,1,0,0,5
54,1150,0.0,0.0,1,0,0,5
54,1151,0.0,0.0,1,0,0,5
54,1152,0.0,0.0,1,0,0,5
54,1153,0.0,0.0,1,0,0,5
54,1154,0.0,0.0,1,0,0,5
54,1155,0.0,0.0,1,0,0,5
54,1156,0.0,0.0,1,0,0,5
54,1157,0.0,0.0,1,0,0,5
54,1158,0.0,0.0,1,0,0,5
54,1159,0.0,0.0,1,0,0,5
54,1160,0.0,0.0,1,0,0,5
54,1161,0.0,0.0,1,0,0,5
54,1162,0.0,0.0,1,0,0,5
54,1163,0.0,0.0,1,0,0,5
54,1164,0.0,0.0,1,0,0,5
54,1165,0.0,0.0,1,0,0,5
54,1166,0.0,0.0,1,0,0,5
54,1167,0.0,0.0,1,0,0,5
54,1168,0.0,0.0,1,0,0,5
54,1169,0.0,0.0,1,0,0,5
54,1170,0.0,0.0,1,0,0,5
54,1171,0.0,0.0,1,0,0,5
54,1172,0.0,0.0,1,0,0,5
54,1173,0.0,0.0,1,0,0,5
54,1174,0.0,0.0,1,0,0,5
54,1175,0.0,0.0,1,0,0,5
54,1176,0.0,0.0,1,0,0,5
54,1177,0.0,0.0,1,0,0,5
54,1178,0.0,0.0,1,0,0,5
54,1179,0.0,0.0,1,0,0,5
54,1180,0.0,0.0,1,0,0,5
54,1181,0.0,0.0,1,0,0,5
54,1182,0.0,0.0,1,0,0,5
54,1183,0.0,0.0,1,0,0,5
54,1184,0.0,0.0,1,0,0,5
54,1185,0.0,0.0,1,0,0,5
54,1186,0.0,0.0,1,0,0,5
54,1187,0.0,0.0,1,0,0,5
54,1188,0.0,0.0,1,0,0,5
54,1189,0.0,0.0,1,0,0,5
54,1190,0.0,0.0,1,0,0,5
54,1191,0.0,0.0,1,0,0,5
54,1192,0.0,0.0,1,0,0,5
54,1193,0.0,0.0,1,0,0,5
54,1194,0.0,0.0,1,0,0,5
54,1195,0.0,0.0,1,0,0,5
54,1196,0.0,0.0,1,0,0,5
54,1197,0.0,0.0,1,0,0,5
54,1198,0.0,0.0,1,0,0,5
54,1199,0.0,0.0,1,0,0,5
54,1200,0.0,0.0,1,0,0,5
54,1201,0.0,0.0,1,0,0,5
54,1202,0.0,0.0,1,0,0,5
54,1203,0.0,0.0,1,0,0,5
54,1204,0.0,0.0,1,0,0,5
54,1205,0.0,0.0,1,0,0,5
54,1206,0.0,0.0,1,0,0,5
54,1207,0.0,0.0,1,0,0,5
54,1208,0.0,0.0,1,0,0,5
54,1209,0.0,0.0,1,0,0,5
54,1210,0.0,0.0,1,0,0,5
54,1211,0.0,0.0,1,0,0,5
54,1212,0.0,0.0,1,0,0,5
54,1213,0.0,0.0,1,0,0,5
54,1214,0.0,0.0,1,0,0,5
54,1215,0.0,0.0,1,0,0,5
54,1216,0.0,0.0,1,0,0,5
54,1217,0.0,0.0,1,0,0,5
54,1218,0.0,0.0,1,0,0,5
54,1219,0.0,0.0,1,0,0,5
54,1220,0.0,0.0,1,0,0,5
54,1221,0.0,0.0,1,0,0,5
54,1222,0.0,0.0,1,0,0,5
54,1223,0.0,0.0,1,0,0,5
54,1224,0.0,0.0,1,0,0,5
54,1225,0.0,0.0,1,0,0,5
54,1226,0.0,0.0,1,0,0,5
54,1227,0.0,0.0,1,0,0,5
54,1228,0.0,0.0,1,0,0,5
54,1229,0.0,0.0,1,0,0,5
54,1230,0.0,0.0,1,0,0,5
54,1231,0.0,0.0,1,0,0,5
54,1232,0.0,0.0,1,0,0,5
54,1233,0.0,0.0,1,0,0,5
54,1234,0.0,0.0,1,0,0,5
54,1235,0.0,0.0,1,0,0,5
54,1236,0.0,0.0,1,0,0,5
54,1237,0.0,0.0,1,0,0,5
54,1238,0.0,0.0,1,0,0,5
54,1239,0.0,0.0,1,0,0,5
54,1240,0.0,0.0,1,0,0,5
54,1241,0.0,0.0,1,0,0,5
54,1242,0.0,0.0,1,0,0,5
54,1243,0.0,0.0,1,0,0,5
54,1244,0.0,0.0,1,0,0,5
54,1245,0.0,0.0,1,0,0,5
54,1246,0.0,0.0,1,0,0,5
54,1247,0.0,0.0,1,0,0,5
54,1248,0.0,0.0,0,0,0,5
54,1249,0.0,0.0,0,0,0,5
54,1250,0.0,0.0,0,0,0,5
54,1251,0.0,0.0,0,0,0,5
54,1252,0.0,0.0,0,0,0,5
54,1253,0.0,0.0,0,0,0,5
54,1254,0.0,0.0,0,0,0,5
54,1255,0.0,0.0,0,0,0,5
54,1256,0.0,0.0,0,0,0,5
54,1257,0.0,0.0,0,0,0,5
54,1258,0.0,0.0,0,0,0,5
54,1259,0.0,0.0,0,0,0,5
54,1260,0.0,0.0,0,0,0,5
54,1261,0.0,0.0,0,0,0,5
54,1262,0.0,0.0,0,0,0,5
54,1263,0.0,0.0,0,0,0,5
54,1264,0.0,0.0,0,0,0,5
54,1265,0.0,0.0,0,0,0,5
54,1266,0.0,0.0,0,0,0,5
54,1267,0.0,0.0,0,0,0,5
54,1268,0.0,0.0,0,0,0,5
54,1269,0.0,0.0,0,0,0,5
54,1270,0.0,0.0,0,0,0,5
54,1271,0.0,0.0,0,0,0,5
54,1272,0.0,0.0,0,0,0,5
54,1273,0.0,0.0,0,0,0,5
54,1274,0.0,0.0,0,0,0,5
54,1275,0.0,0.0,0,0,0,5
54,1276,0.0,0.0,0,0,0,5
54,1277,0.0,0.0,1,0,0,5
54,1278,0.0,0.0,1,0,0,5
54,1279,0.0,0.0,1,0,0,5
54,1280,0.0,0.0,1,0,0,5
54,1281,0.0,0.0,1,0,0,5
54,1282,0.0,0.0,1,0,0,5
54,1283,0.0,0.0,1,0,0,5
54,1284,0.0,0.0,1,0,0,5
54,1285,0.0,0.0,1,0,0,5
54,1286,0.0,0.0,1,0,0,5
54,1287,0.0,0.0,1,0,0,5
54,1288,0.0,0.0,1,0,0,5
54,1289,0.0,0.0,1,0,0,5
54,1290,0.0,0.0,1,0,0,5
54,1291,0.0,0.0,1,0,0,5
54,1292,0.0,0.0,1,0,0,5
54,1293,0.0,0.0,1,0,0,5
54,1294,0.0,0.0,1,0,0,5
54,1295,0.0,0.0,1,0,0,5
54,1296,0.0,0.0,1,0,0,5
54,1297,0.0,0.0,1,0,0,5
54,1298,0.0,0.0,1,0,0,5
54,1299,0.0,0.0,1,0,0,5
54,1300,0.0,0.0,1,0,0,5
54,1301,0.0,0.0,1,0,0,5
54,1302,0.0,0.0,1,0,0,5
54,1303,0.0,0.0,1,0,0,5
54,1304,0.0,0.0,1,0,0,5
54,1305,0.0,0.0,1,0,0,5
54,1306,0.0,0.0,1,0,0,5
54,1307,0.0,0.0,1,0,0,5
54,1308,0.0,0.0,1,0,0,5
54,1309,0.0,0.0,1,0,0,5
54,1310,0.0,0.0,1,0,0,5
54,1311,0.0,0.0,1,0,0,5
54,1312,0.0,0.0,1,0,0,5
54,1313,0.0,0.0,1,0,0,5
54,1314,0.0,0.0,1,0,0,5
54,1315,0.0,0.0,1,0,0,5
54,1316,0.0,0.0,1,0,0,5
54,1317,0.0,0.0,1,0,0,5
54,1318,0.0,0.0,1,0,0,5
54,1319,0.0,0.0,1,0,0,5
54,1320,0.0,0.0,1,0,0,5
54,1321,0.0,0.0,1,0,0,5
54,1322,0.0,0.0,1,0,0,5
54,1323,0.0,0.0,1,0,0,5
54,1324,0.0,0.0,1,0,0,5
54,1325,0.0,0.0,1,0,0,5
54,1326,0.0,0.0,1,0,0,5
54,1327,0.0,0.0,1,0,0,5
54,1328,0.0,0.0,1,0,0,5
54,1329,0.0,0.0,1,0,0,5
54,1330,0.0,0.0,1,0,0,5
54,1331,0.0,0.0,1,0,0,5
54,1332,0.0,0.0,1,0,0,5
54,1333,0.0,0.0,1,0,0,5
54,1334,0.0,0.0,1,0,0,5
54,1335,0.0,0.0,1,0,0,5
54,1336,0.0,0.0,1,0,0,5
54,1337,0.0,0.0,1,0,0,5
54,1338,0.0,0.0,1,0,0,5
54,1339,0.0,0.0,1,0,0,5
54,1340,0.0,0.0,1,0,0,5
54,1341,0.0,0.0,1,0,0,5
54,1342,0.0,0.0,1,0,0,5
54,1343,0.0,0.0,1,0,0,5
54,1344,0.0,0.0,1,0,0,5
54,1345,0.0,0.0,1,0,0,5
54,1346,0.0,0.0,1,0,0,5
54,1347,0.0,0.0,1,0,0,5
54,1348,0.0,0.0,1,0,0,5
54,1349,0.0,0.0,1,0,0,5
54,1350,0.0,0.0,1,0,0,5
54,1351,0.0,0.0,1,0,0,5
54,1352,0.0,0.0,1,0,0,5
54,1353,0.0,0.0,1,0,0,5
54,1354,0.0,0.0,1,0,0,5
54,1355,0.0,0.0,1,0,0,5
54,1356,0.0,0.0,1,0,0,5
54,1357,0.0,0.0,1,0,0,5
54,1358,0.0,0.0,1,0,0,5
54,1359,0.0,0.0,1,0,0,5
54,1360,0.0,0.0,1,0,0,5
54,1361,0.0,0.0,1,0,0,5
54,1362,0.0,0.0,1,0,0,5
54,1363,0.0,0.0,1,0,0,5
54,1364,0.0,0.0,1,0,0,5
54,1365,0.0,0.0,1,0,0,5
54,1366,0.0,0.0,1,0,0,5
54,1367,0.0,0.0,1,0,0,5
54,1368,0.0,0.0,1,0,0,5
54,1369,0.0,0.0,1,0,0,5
54,1370,0.0,0.0,1,0,0,5
54,1371,0.0,0.0,1,0,0,5
54,1372,0.0,0.0,1,0,0,5
54,1373,0.0,0.0,1,0,0,5
54,1374,0.0,0.0,1,0,0,5
54,1375,0.0,0.0,1,0,0,5
54,1376,0.0,0.0,1,0,0,5
54,1377,0.0,0.0,1,0,0,5
54,1378,0.0,0.0,1,0,0,5
54,1379,0.0,0.0,1,0,0,5
54,1380,0.0,0.0,1,0,0,5
54,1381,0.0,0.0,1,0,0,5
54,1382,0.0,0.0,1,0,0,5
54,1383,0.0,0.0,1,0,0,5
54,1384,0.0,0.0,1,0,0,5
54,1385,0.0,0.0,1,0,0,5
54,1386,0.0,0.0,1,0,0,5
54,1387,0.0,0.0,1,0,0,5
54,1388,0.0,0.0,1,0,0,5
54,1389,0.0,0.0,1,0,0,5
54,1390,0.0,0.0,1,0,0,5
54,1391,0.0,0.0,1,0,0,5
54,1392,0.0,0.0,1,0,0,5
54,1393,0.0,0.0,1,0,0,5
54,1394,0.0,0.0,1,0,0,5
54,1395,0.0,0.0,1,0,0,5
54,1396,0.0,0.0,1,0,0,5
54,1397,0.0,0.0,1,0,0,5
54,1398,0.0,0.0,1,0,0,5
54,1399,0.0,0.0,1,0,0,5
54,1400,0.0,0.0,1,0,0,5
54,1401,0.0,0.0,1,0,0,5
54,1402,0.0,0.0,1,0,0,5
54,1403,0.0,0.0,1,0,0,5
54,1404,0.0,0.0,1,0,0,5
54,1405,0.0,0.0,1,0,0,5
54,1406,0.0,0.0,1,0,0,5
54,1407,0.0,0.0,1,0,0,5
54,1408,0.0,0.0,1,0,0,5
54,1409,0.0,0.0,1,0,0,5
54,1410,0.0,0.0,1,0,0,5
54,1411,0.0,0.0,1,0,0,5
54,1412,0.0,0.0,1,0,0,5
54,1413,0.0,0.0,1,0,0,5
54,1414,0.0,0.0,1,0,0,5
54,1415,0.0,0.0,1,0,0,5
54,1416,0.0,0.0,1,0,0,5
54,1417,0.0,0.0,1,0,0,5
54,1418,0.0,0.0,1,0,0,5
54,1419,0.0,0.0,1,0,0,5
54,1420,0.0,0.0,1,0,0,5
54,1421,0.0,0.0,1,0,0,5
54,1422,0.0,0.0,1,0,0,5
54,1423,0.0,0.0,1,0,0,5
54,1424,0.0,0.0,1,0,0,5
54,1425,0.0,0.0,1,0,0,5
54,1426,0.0,0.0,1,0,0,5
54,1427,0.0,0.0,1,0,0,5
54,1428,0.0,0.0,1,0,0,5
54,1429,0.0,0.0,1,0,0,5
54,1430,0.0,0.0,1,0,0,5
54,1431,0.0,0.0,1,0,0,5
54,1432,0.0,0.0,1,0,0,5
54,1433,0.0,0.0,1,0,0,5
54,1434,0.0,0.0,1,0,0,5
54,1435,0.0,0.0,1,0,0,5
54,1436,0.0,0.0,1,0,0,5
54,1437,0.0,0.0,1,0,0,5
54,1438,0.0,0.0,1,0,0,5
54,1439,0.0,0.0,1,0,0,5
54,1440,0.0,0.0,1,0,0,5
54,1441,0.0,0.0,1,0,0,5
54,1442,0.0,0.0,1,0,0,5
54,1443,0.0,0.0,1,0,0,5
54,1444,0.0,0.0,1,0,0,5
54,1445,0.0,0.0,1,0,0,5
54,1446,0.0,1.0,1,0,0,5
54,1447,0.0,1.0,1,0,0,5
54,1448,0.0,1.0,1,0,0,5
54,1449,0.0,1.0,1,0,0,5
54,1450,0.0,1.0,1,0,0,5
54,1451,0.0,1.0,1,0,0,5
54,1452,0.0,1.0,1,0,0,5
54,1453,0.0,1.0,1,0,0,5
54,1454,0.0,1.0,1,0,0,5
54,1455,0.0,1.0,1,0,0,5
54,1456,0.0,1.0,1,0,0,5
54,1457,0.0,1.0,1,0,0,5
54,1458,0.0,1.0,1,0,0,5
54,1459,0.0,1.0,1,0,0,5
54,1460,0.0,1.0,1,0,0,5
54,1461,0.0,1.0,1,0,0,5
54,1462,0.0,1.0,1,0,0,5
54,1463,0.0,1.0,1,0,0,5
54,1464,0.0,1.0,1,0,0,5
54,1465,0.0,1.0,1,0,0,5
54,1466,0.0,1.0,1,0,0,5
54,1467,0.0,1.0,1,0,0,5
54,1468,0.0,1.0,1,0,0,5
54,1469,0.0,1.0,1,0,0,5
54,1470,0.0,1.0,1,0,0,5
54,1471,0.0,1.0,1,0,0,5
54,1472,0.0,1.0,1,0,0,5
54,1473,0.0,1.0,1,0,0,5
54,1474,0.0,1.0,1,0,0,5
54,1475,0.0,1.0,1,0,0,5
54,1476,0.0,1.0,1,0,0,5
54,1477,0.0,1.0,1,0,0,5
54,1478,0.0,1.0,1,0,0,5
54,1479,0.0,1.0,1,0,0,5
54,1480,0.0,1.0,1,0,0,5
54,1481,0.0,1.0,1,0,0,5
54,1482,0.0,1.0,1,0,0,5
54,1483,0.0,1.0,1,0,0,5
54,1484,0.0,1.0,1,0,0,5
54,1485,0.0,1.0,1,0,0,5
54,1486,0.0,1.0,1,0,0,5
54,1487,0.0,1.0,1,0,0,5
54,1488,0.0,1.0,1,0,0,5
54,1489,0.0,1.0,1,0,0,5
54,1490,0.0,1.0,1,0,0,5
54,1491,0.0,1.0,1,0,0,5
54,1492,0.0,1.0,1,0,0,5
54,1493,0.0,1.0,1,0,0,5
54,1494,0.0,1.0,1,0,0,5
54,1495,0.0,1.0,1,0,0,5
54,1496,0.0,1.0,1,0,0,5
54,1497,0.0,1.0,1,0,0,5
54,1498,0.0,1.0,1,0,0,5
54,1499,0.0,1.0,1,0,0,5
54,1500,0.0,1.0,1,0,0,5
54,1501,0.0,1.0,1,0,0,5
54,1502,0.0,1.0,1,0,0,5
54,1503,0.0,1.0,1,0,0,5
54,1504,0.0,1.0,1,0,0,5
54,1505,0.0,1.0,1,0,0,5
54,1506,0.0,1.0,1,0,0,5
54,1507,0.0,1.0,1,0,0,5
54,1508,0.0,1.0,1,0,0,5
54,1509,0.0,1.0,1,0,0,5
54,1510,0.0,1.0,1,0,0,5
54,1511,0.0,1.0,1,0,0,5
54,1512,0.0,1.0,1,0,0,5
54,1513,0.0,1.0,1,0,0,5
54,1514,0.0,1.0,1,0,0,5
54,1515,0.0,1.0,1,0,0,5
54,1516,0.0,1.0,1,0,0,5
54,1517,0.0,1.0,1,0,0,5
54,1518,0.0,1.0,1,0,0,5
54,1519,0.0,0.0,1,0,0,5
54,1520,0.0,0.0,1,0,0,5
54,1521,0.0,0.0,1,0,0,5
54,1522,0.0,0.0,1,0,0,5
54,1523,0.0,0.0,1,0,0,5
54,1524,0.0,0.0,1,0,0,5
54,1525,0.0,0.0,1,0,0,5
54,1526,0.0,0.0,1,0,0,5
54,1527,0.0,0.0,1,0,0,5
54,1528,0.0,0.0,1,0,0,5
54,1529,0.0,0.0,1,0,0,5
54,1530,0.0,0.0,1,0,0,5
54,1531,0.0,0.0,1,0,0,5
54,1532,0.0,0.0,1,0,0,5
54,1533,0.0,0.0,1,0,0,5
54,1534,0.0,0.0,1,0,0,5
54,1535,0.0,0.0,1,0,0,5
54,1536,0.0,0.0,1,0,0,5
54,1537,0.0,0.0,1,0,0,5
54,1538,0.0,0.0,1,0,0,5
54,1539,0.0,0.0,1,0,0,5
54,1540,0.0,0.0,1,0,0,5
54,1541,0.0,0.0,1,0,0,5
54,1542,0.0,0.0,1,0,0,5
54,1543,0.0,0.0,1,0,0,5
54,1544,0.0,0.0,1,0,0,5
54,1545,0.0,0.0,1,0,0,5
54,1546,0.0,0.0,1,0,0,5
54,1547,0.0,0.0,1,0,0,5
54,1548,0.0,0.0,1,0,0,5
54,1549,0.0,0.0,1,0,0,5
54,1550,0.0,0.0,1,0,0,5
54,1551,0.0,0.0,1,0,0,5
54,1552,0.0,0.0,1,0,0,5
54,1553,0.0,0.0,1,0,0,5
54,1554,0.0,0.0,1,0,0,5
54,1555,0.0,0.0,1,0,0,5
54,1556,0.0,0.0,1,0,0,5
54,1557,0.0,0.0,1,0,0,5
54,1558,0.0,0.0,1,0,0,5
54,1559,0.0,0.0,1,0,0,5
54,1560,0.0,0.0,1,0,0,5
54,1561,0.0,0.0,1,0,0,5
54,1562,0.0,0.0,1,0,0,5
54,1563,0.0,0.0,1,0,0,5
54,1564,0.0,0.0,1,0,0,5
54,1565,0.0,0.0,1,0,0,5
54,1566,0.0,0.0,1,0,0,5
54,1567,0.0,0.0,1,0,0,5
54,1568,0.0,0.0,1,0,0,5
54,1569,0.0,0.0,1,0,0,5
54,1570,0.0,0.0,1,0,0,5
54,1571,0.0,0.0,1,0,0,5
54,1572,0.0,0.0,1,0,0,5
54,1573,0.0,0.0,1,0,0,5
54,1574,0.0,0.0,1,0,0,5
54,1575,0.0,0.0,1,0,0,5
54,1576,0.0,0.0,1,0,0,5
54,1577,0.0,0.0,1,0,0,5
54,1578,0.0,0.0,1,0,0,5
54,1579,0.0,0.0,1,0,0,5
54,1580,0.0,0.0,1,0,0,5
54,1581,0.0,0.0,1,0,0,5
54,1582,0.0,0.0,1,0,0,5
54,1583,0.0,0.0,1,0,0,5
54,1584,0.0,0.0,1,0,0,5
54,1585,0.0,0.0,1,0,0,5
54,1586,0.0,0.0,1,0,0,5
54,1587,0.0,0.0,1,0,0,5
54,1588,0.0,0.0,1,0,0,5
54,1589,0.0,0.0,1,0,0,5
54,1590,0.0,0.0,1,0,0,5
54,1591,0.0,0.0,1,0,0,5
54,1592,0.0,0.0,1,0,0,5
54,1593,0.0,0.0,1,0,0,5
54,1594,0.0,0.0,1,0,0,5
54,1595,0.0,0.0,1,0,0,5
54,1596,0.0,0.0,1,0,0,5
54,1597,0.0,0.0,1,0,0,5
54,1598,0.0,0.0,1,0,0,5
54,1599,0.0,0.0,1,0,0,5
54,1600,0.0,0.0,1,0,0,5
54,1601,0.0,0.0,1,0,0,5
54,1602,0.0,0.0,1,0,0,5
54,1603,0.0,0.0,1,0,0,5
54,1604,0.0,0.0,1,0,0,5
54,1605,0.0,0.0,1,0,0,5
54,1606,0.0,0.0,1,0,0,5
54,1607,0.0,0.0,1,0,0,5
54,1608,0.0,0.0,1,0,0,5
54,1609,0.0,0.0,1,0,0,5
54,1610,0.0,0.0,1,0,0,5
54,1611,0.0,0.0,1,0,0,5
54,1612,0.0,0.0,1,0,0,5
54,1613,0.0,0.0,1,0,0,5
54,1614,0.0,0.0,1,0,0,5
54,1615,0.0,0.0,1,0,0,5
54,1616,0.0,0.0,1,0,0,5
54,1617,0.0,0.0,1,0,0,5
54,1618,0.0,0.0,1,0,0,5
54,1619,0.0,0.0,1,0,0,5
54,1620,0.0,0.0,1,0,0,5
54,1621,0.0,0.0,1,0,0,5
54,1622,0.0,0.0,1,0,0,5
54,1623,0.0,0.0,1,0,0,5
54,1624,0.0,0.0,1,0,0,5
54,1625,0.0,0.0,1,0,0,5
54,1626,0.0,0.0,1,0,0,5
54,1627,0.0,0.0,1,0,0,5
54,1628,0.0,0.0,1,0,0,5
54,1629,0.0,0.0,1,0,0,5
54,1630,0.0,0.0,1,0,0,5
54,1631,0.0,0.0,1,0,0,5
54,1632,0.0,0.0,1,0,0,5
54,1633,0.0,0.0,1,0,0,5
54,1634,0.0,0.0,1,0,0,5
54,1635,0.0,0.0,1,0,0,5
54,1636,0.0,0.0,1,0,0,5
54,1637,0.0,0.0,1,0,0,5
54,1638,0.0,0.0,1,0,0,5
54,1639,0.0,0.0,1,0,0,5
54,1640,0.0,0.0,1,0,0,5
54,1641,0.0,0.0,1,0,0,5
54,1642,0.0,0.0,1,0,0,5
54,1643,0.0,0.0,1,0,0,5
54,1644,0.0,0.0,1,0,0,5
54,1645,0.0,0.0,1,0,0,5
54,1646,0.0,0.0,1,0,0,5
54,1647,0.0,0.0,1,0,0,5
54,1648,0.0,0.0,1,0,0,5
54,1649,0.0,0.0,1,0,0,5
54,1650,0.0,0.0,1,0,0,5
54,1651,0.0,0.0,1,0,0,5
54,1652,0.0,0.0,1,0,0,5
54,1653,0.0,0.0,1,0,0,5
54,1654,0.0,0.0,1,0,0,5
54,1655,0.0,0.0,1,0,0,5
54,1656,0.0,0.0,1,0,0,5
54,1657,0.0,0.0,1,0,0,5
54,1658,0.0,0.0,1,0,0,5
54,1659,0.0,0.0,1,0,0,5
54,1660,0.0,0.0,1,0,0,5
54,1661,0.0,0.0,1,0,0,5
54,1662,0.0,0.0,1,0,0,5
54,1663,0.0,0.0,1,0,0,5
54,1664,0.0,0.0,1,0,0,5
54,1665,0.0,0.0,1,0,0,5
54,1666,0.0,0.0,1,0,0,5
54,1667,0.0,0.0,1,0,0,5
54,1668,0.0,0.0,1,0,0,5
54,1669,0.0,0.0,1,0,0,5
54,1670,0.0,0.0,1,0,0,5
54,1671,0.0,0.0,1,0,0,5
54,1672,0.0,0.0,1,0,0,5
54,1673,0.0,0.0,1,0,0,5
54,1674,0.0,0.0,1,0,0,5
54,1675,0.0,0.0,1,0,0,5
54,1676,0.0,0.0,1,0,0,5
54,1677,0.0,0.0,1,0,0,5
54,1678,0.0,0.0,1,0,0,5
54,1679,0.0,0.0,1,0,0,5
54,1680,0.0,0.0,1,0,0,5
54,1681,0.0,0.0,1,0,0,5
54,1682,0.0,0.0,1,0,0,5
54,1683,0.0,0.0,1,0,0,5
54,1684,0.0,0.0,1,0,0,5
54,1685,0.0,0.0,1,0,0,5
54,1686,0.0,0.0,1,0,0,5
54,1687,0.0,0.0,1,0,0,5
54,1688,0.0,0.0,1,0,0,5
54,1689,0.0,0.0,1,0,0,5
54,1690,0.0,0.0,1,0,0,5
54,1691,0.0,0.0,1,0,0,5
54,1692,0.0,0.0,1,0,0,5
54,1693,0.0,0.0,1,0,0,5
54,1694,0.0,0.0,1,0,0,5
54,1695,0.0,0.0,1,0,0,5
54,1696,0.0,0.0,1,0,0,5
54,1697,0.0,0.0,1,0,0,5
54,1698,0.0,0.0,1,0,0,5
54,1699,0.0,0.0,1,0,0,5
54,1700,0.0,0.0,1,0,0,5
54,1701,0.0,0.0,1,0,0,5
54,1702,0.0,0.0,1,0,0,5
54,1703,0.0,0.0,1,0,0,5
54,1704,0.0,0.0,1,0,0,5
54,1705,0.0,0.0,1,0,0,5
54,1706,0.0,0.0,1,0,0,5
54,1707,0.0,0.0,1,0,0,5
54,1708,0.0,0.0,1,0,0,5
54,1709,0.0,0.0,1,0,0,5
54,1710,0.0,0.0,1,0,0,5
54,1711,0.0,0.0,1,0,0,5
54,1712,0.0,0.0,1,0,0,5
54,1713,0.0,0.0,1,0,0,5
54,1714,0.0,0.0,1,0,0,5
54,1715,0.0,0.0,1,0,0,5
54,1716,0.0,0.0,1,0,0,5
54,1717,0.0,0.0,1,0,0,5
54,1718,0.0,0.0,1,0,0,5
54,1719,0.0,0.0,1,0,0,5
54,1720,0.0,0.0,1,0,0,5
54,1721,0.0,0.0,1,0,0,5
54,1722,0.0,0.0,1,0,0,5
54,1723,0.0,0.0,1,0,0,5
54,1724,0.0,0.0,1,0,0,5
54,1725,0.0,0.0,1,0,0,5
54,1726,0.0,0.0,1,0,0,5
54,1727,0.0,0.0,1,0,0,5
54,1728,0.0,0.0,1,0,0,5
54,1729,0.0,0.0,1,0,0,5
54,1730,0.0,0.0,1,0,0,5
54,1731,0.0,0.0,1,0,0,5
54,1732,0.0,0.0,1,0,0,5
54,1733,0.0,0.0,1,0,0,5
54,1734,0.0,0.0,1,0,0,5
54,1735,0.0,0.0,1,0,0,5
54,1736,0.0,0.0,1,0,0,5
54,1737,0.0,0.0,1,0,0,5
54,1738,0.0,0.0,1,0,0,5
54,1739,0.0,0.0,1,0,0,5
54,1740,0.0,0.0,1,0,0,5
54,1741,0.0,0.0,1,0,0,5
54,1742,0.0,0.0,1,0,0,5
54,1743,0.0,0.0,1,0,0,5
54,1744,0.0,0.0,1,0,0,5
54,1745,0.0,0.0,1,0,0,5
54,1746,0.0,0.0,1,0,0,5
54,1747,0.0,0.0,1,0,0,5
54,1748,0.0,0.0,1,0,0,5
54,1749,0.0,0.0,1,0,0,5
54,1750,0.0,0.0,1,0,0,5
54,1751,0.0,0.0,1,0,0,5
54,1752,0.0,0.0,1,0,0,5
54,1753,0.0,0.0,1,0,0,5
54,1754,0.0,0.0,1,0,0,5
54,1755,0.0,0.0,1,0,0,5
54,1756,0.0,0.0,1,0,0,5
54,1757,0.0,0.0,1,0,0,5
54,1758,0.0,0.0,1,0,0,5
54,1759,0.0,0.0,1,0,0,5
54,1760,0.0,0.0,1,0,0,5
54,1761,0.0,0.0,1,0,0,5
54,1762,0.0,0.0,1,0,0,5
54,1763,0.0,0.0,1,0,0,5
54,1764,0.0,0.0,1,0,0,5
54,1765,0.0,0.0,1,0,0,5
54,1766,0.0,0.0,1,0,0,5
54,1767,0.0,0.0,1,0,0,5
54,1768,0.0,0.0,1,0,0,5
54,1769,0.0,0.0,1,0,0,5
54,1770,0.0,0.0,1,0,0,5
54,1771,0.0,0.0,1,0,0,5
54,1772,0.0,0.0,1,0,0,5
54,1773,0.0,0.0,1,0,0,5
54,1774,0.0,0.0,1,0,0,5
54,1775,0.0,0.0,1,0,0,5
54,1776,0.0,0.0,1,0,0,5
54,1777,0.0,0.0,1,0,0,5
54,1778,0.0,0.0,1,0,0,5
54,1779,0.0,0.0,1,0,0,5
54,1780,0.0,0.0,1,0,0,5
54,1781,0.0,0.0,1,0,0,5
54,1782,0.0,0.0,1,0,0,5
54,1783,0.0,0.0,1,0,0,5
54,1784,0.0,0.0,1,0,0,5
54,1785,0.0,0.0,1,0,0,5
54,1786,0.0,0.0,1,0,0,5
54,1787,0.0,0.0,1,0,0,5
54,1788,0.0,0.0,1,0,0,5
54,1789,0.0,0.0,1,0,0,5
54,1790,0.0,0.0,1,0,0,5
54,1791,0.0,0.0,1,0,0,5
54,1792,0.0,0.0,1,0,0,5
54,1793,0.0,0.0,1,0,0,5
54,1794,0.0,0.0,1,0,0,5
54,1795,0.0,0.0,1,0,0,5
54,1796,0.0,0.0,1,0,0,5
54,1797,0.0,0.0,1,0,0,5
54,1798,0.0,0.0,1,0,0,5
54,1799,0.0,0.0,1,0,0,5
54,1800,0.0,0.0,1,0,0,5
54,1801,0.0,0.0,1,0,0,5
54,1802,0.0,0.0,1,0,0,5
54,1803,0.0,0.0,1,0,0,5
54,1804,0.0,0.0,1,0,0,5
54,1805,0.0,0.0,1,0,0,5
54,1806,0.0,0.0,1,0,0,5
54,1807,0.0,0.0,1,0,0,5
54,1808,0.0,0.0,1,0,0,5
54,1809,0.0,0.0,1,0,0,5
54,1810,0.0,0.0,1,0,0,5
54,1811,0.0,0.0,1,0,0,5
54,1812,0.0,0.0,1,0,0,5
54,1813,0.0,0.0,1,0,0,5
54,1814,0.0,0.0,1,0,0,5
54,1815,0.0,0.0,1,0,0,5
54,1816,0.0,0.0,1,0,0,5
54,1817,0.0,0.0,1,0,0,5
54,1818,0.0,0.0,1,0,0,5
54,1819,0.0,0.0,1,0,0,5
54,1820,0.0,0.0,1,0,0,5
54,1821,0.0,0.0,1,0,0,5
54,1822,0.0,0.0,1,0,0,5
54,1823,0.0,0.0,1,0,0,5
54,1824,0.0,0.0,1,0,0,5
54,1825,0.0,0.0,1,0,0,5
54,1826,0.0,0.0,1,0,0,5
54,1827,0.0,0.0,1,0,0,5
54,1828,0.0,0.0,1,0,0,5
54,1829,0.0,0.0,1,0,0,5
54,1830,0.0,0.0,1,0,0,5
54,1831,0.0,0.0,1,0,0,5
54,1832,0.0,0.0,1,0,0,5
54,1833,0.0,0.0,1,0,0,5
54,1834,0.0,0.0,1,0,0,5
54,1835,0.0,0.0,1,0,0,5
54,1836,0.0,0.0,1,0,0,5
54,1837,0.0,0.0,1,0,0,5
54,1838,0.0,0.0,1,0,0,5
54,1839,0.0,0.0,1,0,0,5
54,1840,0.0,0.0,1,0,0,5
54,1841,0.0,0.0,1,0,0,5
54,1842,0.0,0.0,1,0,0,5
54,1843,0.0,0.0,1,0,0,5
54,1844,0.0,0.0,1,0,0,5
54,1845,0.0,0.0,1,0,0,5
54,1846,0.0,0.0,1,0,0,5
54,1847,0.0,0.0,1,0,0,5
54,1848,0.0,0.0,1,0,0,5
54,1849,0.0,0.0,1,0,0,5
54,1850,0.0,0.0,1,0,0,5
54,1851,0.0,0.0,1,0,0,5
54,1852,0.0,0.0,1,0,0,5
54,1853,0.0,0.0,1,0,0,5
54,1854,0.0,0.0,1,0,0,5
54,1855,0.0,0.0,1,0,0,5
54,1856,0.0,0.0,1,0,0,5
54,1857,0.0,0.0,1,0,0,5
54,1858,0.0,0.0,1,0,0,5
54,1859,0.0,0.0,1,0,0,5
54,1860,0.0,0.0,1,0,0,5
54,1861,0.0,0.0,1,0,0,5
54,1862,0.0,0.0,1,0,0,5
54,1863,0.0,0.0,1,0,0,5
54,1864,0.0,0.0,1,0,0,5
54,1865,0.0,0.0,1,0,0,5
54,1866,0.0,0.0,1,0,0,5
54,1867,0.0,0.0,1,0,0,5
54,1868,0.0,0.0,1,0,0,5
54,1869,0.0,0.0,1,0,0,5
54,1870,0.0,0.0,1,0,0,5
54,1871,0.0,0.0,1,0,0,5
54,1872,0.0,0.0,1,0,0,5
54,1873,0.0,0.0,1,0,0,5
54,1874,0.0,0.0,1,0,0,5
54,1875,0.0,0.0,1,0,0,5
54,1876,0.0,0.0,1,0,0,5
54,1877,0.0,0.0,1,0,0,5
54,1878,0.0,0.0,1,0,0,5
54,1879,0.0,0.0,1,0,0,5
54,1880,0.0,0.0,1,0,0,5
54,1881,0.0,0.0,1,0,0,5
54,1882,0.0,0.0,1,0,0,5
54,1883,0.0,0.0,1,0,0,5
54,1884,0.0,0.0,1,0,0,5
54,1885,0.0,0.0,1,0,0,5
54,1886,0.0,0.0,1,0,0,5
54,1887,0.0,0.0,1,0,0,5
54,1888,0.0,0.0,1,0,0,5
54,1889,0.0,0.0,1,0,0,5
54,1890,0.0,0.0,1,0,0,5
54,1891,0.0,0.0,1,0,0,5
54,1892,0.0,0.0,1,0,0,5
54,1893,0.0,0.0,1,0,0,5
54,1894,0.0,0.0,1,0,0,5
54,1895,0.0,0.0,1,0,0,5
54,1896,0.0,0.0,1,0,0,5
54,1897,0.0,0.0,1,0,0,5
54,1898,0.0,0.0,1,0,0,5
54,1899,0.0,0.0,1,0,0,5
54,1900,0.0,0.0,1,0,0,5
54,1901,0.0,0.0,1,0,0,5
54,1902,0.0,0.0,1,0,0,5
54,1903,0.0,0.0,1,0,0,5
54,1904,0.0,0.0,1,0,0,5
54,1905,0.0,0.0,1,0,0,5
54,1906,0.0,0.0,1,0,0,5
54,1907,0.0,0.0,1,0,0,5
54,1908,0.0,0.0,1,0,0,5
54,1909,0.0,0.0,1,0,0,5
54,1910,0.0,0.0,1,0,0,5
54,1911,0.0,0.0,1,0,0,5
54,1912,0.0,0.0,1,0,0,5
54,1913,0.0,0.0,1,0,0,5
54,1914,0.0,0.0,1,0,0,5
54,1915,0.0,0.0,1,0,0,5
54,1916,0.0,0.0,1,0,0,5
54,1917,0.0,0.0,1,0,0,5
54,1918,0.0,0.0,1,0,0,5
54,1919,0.0,0.0,1,0,0,5
54,1920,0.0,0.0,1,0,0,5
54,1921,0.0,0.0,1,0,0,5
54,1922,0.0,0.0,1,0,0,5
54,1923,0.0,0.0,1,0,0,5
54,1924,0.0,0.0,1,0,0,5
54,1925,0.0,0.0,1,0,0,5
54,1926,0.0,0.0,1,0,0,5
54,1927,0.0,0.0,1,0,0,5
54,1928,0.0,0.0,1,0,0,5
54,1929,0.0,0.0,1,0,0,5
54,1930,0.0,0.0,1,0,0,5
54,1931,0.0,0.0,1,0,0,5
54,1932,0.0,0.0,1,0,0,5
54,1933,0.0,0.0,1,0,0,5
54,1934,0.0,0.0,1,0,0,5
54,1935,0.0,0.0,1,0,0,5
54,1936,0.0,0.0,1,0,0,5
54,1937,0.0,0.0,1,0,0,5
54,1938,0.0,0.0,1,0,0,5
54,1939,0.0,0.0,1,0,0,5
54,1940,0.0,0.0,1,0,0,5
54,1941,0.0,0.0,1,0,0,5
54,1942,0.0,0.0,1,0,0,5
54,1943,0.0,0.0,1,0,0,5
54,1944,0.0,0.0,1,0,0,5
54,1945,0.0,0.0,1,0,0,5
54,1946,0.0,0.0,1,0,0,5
54,1947,0.0,0.0,1,0,0,5
54,1948,0.0,0.0,1,0,0,5
54,1949,0.0,0.0,1,0,0,5
54,1950,0.0,0.0,1,0,0,5
54,1951,0.0,0.0,1,0,0,5
54,1952,0.0,0.0,1,0,0,5
54,1953,0.0,0.0,1,0,0,5
54,1954,0.0,0.0,1,0,0,5
54,1955,0.0,0.0,1,0,0,5
54,1956,0.0,0.0,1,0,0,5
54,1957,0.0,0.0,1,0,0,5
54,1958,0.0,0.0,1,0,0,5
54,1959,0.0,0.0,1,0,0,5
54,1960,0.0,0.0,1,0,0,5
54,1961,0.0,0.0,1,0,0,5
54,1962,0.0,0.0,1,0,0,5
54,1963,0.0,0.0,1,0,0,5
54,1964,0.0,0.0,1,0,0,5
54,1965,0.0,0.0,1,0,0,5
54,1966,0.0,0.0,1,0,0,5
54,1967,0.0,0.0,1,0,0,5
54,1968,0.0,0.0,1,0,0,5
54,1969,0.0,0.0,1,0,0,5
54,1970,0.0,0.0,1,0,0,5
54,1971,0.0,0.0,1,0,0,5
54,1972,0.0,0.0,1,0,0,5
54,1973,0.0,0.0,1,0,0,5
54,1974,0.0,0.0,1,0,0,5
54,1975,0.0,0.0,1,0,0,5
54,1976,0.0,0.0,1,0,0,5
54,1977,0.0,0.0,1,0,0,5
54,1978,0.0,0.0,1,0,0,5
54,1979,0.0,0.0,1,0,0,5
54,1980,0.0,0.0,1,0,0,5
54,1981,0.0,0.0,1,0,0,5
54,1982,0.0,0.0,1,0,0,5
54,1983,0.0,0.0,1,0,0,5
54,1984,0.0,0.0,1,0,0,5
54,1985,0.0,0.0,1,0,0,5
54,1986,0.0,0.0,1,0,0,5
54,1987,0.0,0.0,1,0,0,5
54,1988,0.0,0.0,1,0,0,5
54,1989,0.0,0.0,1,0,0,5
54,1990,0.0,0.0,1,0,0,5
54,1991,0.0,0.0,1,0,0,5
54,1992,0.0,0.0,1,0,0,5
54,1993,0.0,0.0,1,0,0,5
54,1994,0.0,0.0,1,0,0,5
54,1995,0.0,0.0,1,0,0,5
54,1996,0.0,0.0,1,0,0,5
54,1997,0.0,0.0,1,0,0,5
54,1998,0.0,0.0,1,0,0,5
54,1999,0.0,0.0,1,0,0,5
55,0,0.0,0.0,0,0,0,5
55,1,0.0,0.0,0,0,0,5
55,2,0.0,0.0,0,0,0,5
55,3,0.0,0.0,0,0,0,5
55,4,0.0,0.0,0,0,0,5
55,5,0.0,0.0,0,0,0,5
55,6,0.0,0.0,0,0,0,5
55,7,0.0,0.0,0,0,0,5
55,8,0.0,0.0,0,0,0,5
55,9,0.0,0.0,0,0,0,5
55,10,0.0,0.0,0,0,0,5
55,11,0.0,0.0,0,0,0,5
55,12,0.0,0.0,0,0,0,5
55,13,0.0,0.0,0,0,0,5
55,14,0.0,0.0,0,0,0,5
55,15,0.0,0.0,0,0,0,5
55,16,0.0,0.0,0,0,0,5
55,17,0.0,0.0,0,0,0,5
55,18,0.0,0.0,0,0,0,5
55,19,0.0,0.0,0,0,0,5
55,20,0.0,0.0,0,0,0,5
55,21,0.0,0.0,0,0,0,5
55,22,0.0,0.0,0,0,0,5
55,23,0.0,0.0,0,0,0,5
55,24,0.0,0.0,0,0,0,5
55,25,0.0,0.0,0,0,0,5
55,26,0.0,0.0,0,0,0,5
55,27,0.0,0.0,0,0,0,5
55,28,0.0,0.0,0,0,0,5
55,29,0.0,0.0,0,0,0,5
55,30,0.0,0.0,0,0,0,5
55,31,0.0,0.0,0,0,0,5
55,32,0.0,0.0,0,0,0,5
55,33,0.0,0.0,0,0,0,5
55,34,0.0,0.0,0,0,0,5
55,35,0.0,0.0,0,0,0,5
55,36,0.0,0.0,0,0,0,5
55,37,0.0,0.0,0,0,0,5
55,38,0.0,0.0,0,0,0,5
55,39,0.0,0.0,0,0,0,5
55,40,0.0,0.0,0,0,0,5
55,41,0.0,0.0,0,0,0,5
55,42,0.0,0.0,0,0,0,5
55,43,0.0,0.0,0,0,0,5
55,44,0.0,0.0,0,0,0,5
55,45,0.0,0.0,0,0,0,5
55,46,0.0,0.0,0,0,0,5
55,47,0.0,0.0,0,0,0,5
55,48,0.0,0.0,0,0,0,5
55,49,0.0,0.0,0,0,0,5
55,50,0.0,0.0,0,0,0,5
55,51,0.0,0.0,0,0,0,5
55,52,0.0,0.0,0,0,0,5
55,53,0.0,0.0,0,0,0,5
55,54,0.0,0.0,0,0,0,5
55,55,0.0,0.0,0,0,0,5
55,56,0.0,0.0,0,0,0,5
55,57,0.0,0.0,0,0,0,5
55,58,0.0,0.0,0,0,0,5
55,59,0.0,0.0,0,0,0,5
55,60,0.0,0.0,0,0,0,5
55,61,0.0,0.0,0,0,0,5
55,62,0.0,0.0,0,0,0,5
55,63,0.0,0.0,0,0,0,5
55,64,0.0,0.0,0,0,0,5
55,65,0.0,0.0,0,0,0,5
55,66,0.0,0.0,0,0,0,5
55,67,0.0,0.0,0,0,0,5
55,68,0.0,1.0,0,0,0,5
55,69,0.0,1.0,0,0,0,5
55,70,0.0,1.0,0,0,0,5
55,71,0.0,1.0,0,0,0,5
55,72,0.0,1.0,0,0,0,5
55,73,0.0,1.0,0,0,0,5
55,74,0.0,1.0,0,0,0,5
55,75,1.0,1.0,0,0,0,5
55,76,1.0,1.0,0,0,0,5
55,77,1.0,1.0,0,0,0,5
55,78,1.0,1.0,0,0,0,5
55,79,1.0,1.0,0,0,0,5
55,80,1.0,1.0,0,0,0,5
55,81,1.0,1.0,0,0,0,5
55,82,1.0,1.0,0,0,0,5
55,83,1.0,1.0,0,0,0,5
55,84,1.0,1.0,0,0,0,5
55,85,1.0,1.0,0,0,0,5
55,86,1.0,1.0,0,0,0,5
55,87,1.0,1.0,0,0,0,5
55,88,1.0,1.0,0,0,0,5
55,89,1.0,1.0,0,0,0,5
55,90,1.0,1.0,0,0,0,5
55,91,1.0,1.0,0,0,0,5
55,92,1.0,1.0,0,0,0,5
55,93,1.0,1.0,0,0,0,5
55,94,1.0,1.0,0,0,0,5
55,95,1.0,1.0,0,0,0,5
55,96,1.0,1.0,0,0,0,5
55,97,1.0,1.0,0,0,0,5
55,98,1.0,1.0,0,0,0,5
55,99,1.0,1.0,0,0,0,5
55,100,1.0,1.0,0,0,0,5
55,101,1.0,1.0,0,0,0,5
55,102,1.0,1.0,0,0,0,5
55,103,1.0,1.0,0,0,0,5
55,104,1.0,1.0,0,0,0,5
55,105,1.0,1.0,0,0,0,5
55,106,1.0,1.0,0,0,0,5
55,107,1.0,1.0,0,0,0,5
55,108,1.0,1.0,0,0,0,5
55,109,1.0,1.0,0,0,0,5
55,110,1.0,1.0,0,0,0,5
55,111,1.0,1.0,0,0,0,5
55,112,1.0,1.0,0,0,0,5
55,113,1.0,1.0,0,0,0,5
55,114,1.0,1.0,0,0,0,5
55,115,1.0,1.0,0,0,0,5
55,116,1.0,1.0,0,0,0,5
55,117,1.0,1.0,0,0,0,5
55,118,1.0,1.0,0,0,0,5
55,119,1.0,1.0,0,0,0,5
55,120,1.0,1.0,0,0,0,5
55,121,1.0,1.0,0,0,0,5
55,122,1.0,1.0,0,0,0,5
55,123,1.0,1.0,0,0,0,5
55,124,1.0,1.0,0,0,0,5
55,125,1.0,1.0,0,0,0,5
55,126,1.0,1.0,0,0,0,5
55,127,1.0,1.0,0,0,0,5
55,128,1.0,1.0,0,0,0,5
55,129,1.0,1.0,0,0,0,5
55,130,1.0,1.0,0,0,0,5
55,131,1.0,1.0,0,0,0,5
55,132,1.0,1.0,0,0,0,5
55,133,1.0,1.0,0,0,0,5
55,134,1.0,1.0,0,0,0,5
55,135,1.0,1.0,0,0,0,5
55,136,1.0,1.0,0,0,0,5
55,137,1.0,1.0,0,0,0,5
55,138,1.0,1.0,0,0,0,5
55,139,1.0,1.0,0,0,0,5
55,140,1.0,1.0,0,0,0,5
55,141,1.0,1.0,0,0,0,5
55,142,1.0,1.0,0,0,0,5
55,143,1.0,1.0,0,0,0,5
55,144,1.0,1.0,0,0,0,5
55,145,1.0,1.0,0,0,0,5
55,146,1.0,1.0,0,0,0,5
55,147,1.0,1.0,0,0,0,5
55,148,1.0,1.0,0,0,0,5
55,149,1.0,1.0,0,0,0,5
55,150,1.0,1.0,0,0,0,5
55,151,1.0,1.0,0,0,0,5
55,152,1.0,1.0,0,0,0,5
55,153,1.0,1.0,0,0,0,5
55,154,1.0,1.0,0,0,0,5
55,155,1.0,1.0,0,0,0,5
55,156,1.0,1.0,0,0,0,5
55,157,1.0,1.0,0,0,0,5
55,158,1.0,1.0,0,0,0,5
55,159,1.0,1.0,0,0,0,5
55,160,1.0,1.0,0,0,0,5
55,161,1.0,1.0,0,0,0,5
55,162,1.0,1.0,0,0,0,5
55,163,1.0,1.0,0,0,0,5
55,164,1.0,1.0,0,0,0,5
55,165,1.0,1.0,0,0,0,5
55,166,1.0,1.0,0,0,0,5
55,167,1.0,1.0,0,0,0,5
55,168,1.0,1.0,0,0,0,5
55,169,1.0,1.0,0,0,0,5
55,170,1.0,1.0,0,0,0,5
55,171,1.0,1.0,0,0,0,5
55,172,1.0,1.0,0,0,0,5
55,173,1.0,1.0,0,0,0,5
55,174,1.0,1.0,0,0,0,5
55,175,1.0,1.0,0,0,0,5
55,176,1.0,1.0,0,0,0,5
55,177,1.0,1.0,0,0,0,5
55,178,1.0,1.0,0,0,0,5
55,179,1.0,1.0,0,0,0,5
55,180,1.0,1.0,0,0,0,5
55,181,1.0,1.0,0,0,0,5
55,182,1.0,1.0,0,0,0,5
55,183,1.0,1.0,0,0,0,5
55,184,1.0,1.0,0,0,0,5
55,185,1.0,1.0,0,0,0,5
55,186,1.0,1.0,0,0,0,5
55,187,1.0,1.0,0,0,0,5
55,188,1.0,1.0,0,0,0,5
55,189,1.0,1.0,0,0,0,5
55,190,1.0,1.0,0,0,0,5
55,191,1.0,1.0,0,0,0,5
55,192,1.0,1.0,0,0,0,5
55,193,1.0,1.0,0,0,0,5
55,194,1.0,1.0,0,0,0,5
55,195,1.0,1.0,0,0,0,5
55,196,1.0,1.0,0,0,0,5
55,197,1.0,1.0,0,0,0,5
55,198,1.0,1.0,0,0,0,5
55,199,1.0,1.0,0,0,0,5
55,200,1.0,1.0,0,0,0,5
55,201,1.0,1.0,0,0,0,5
55,202,1.0,1.0,0,0,0,5
55,203,1.0,1.0,0,0,0,5
55,204,1.0,1.0,0,0,0,5
55,205,1.0,1.0,0,0,0,5
55,206,1.0,1.0,0,0,0,5
55,207,1.0,1.0,0,0,0,5
55,208,1.0,1.0,0,0,0,5
55,209,1.0,1.0,0,0,0,5
55,210,1.0,0.0,0,0,0,5
55,211,1.0,0.0,0,0,0,5
55,212,1.0,0.0,0,0,0,5
55,213,1.0,0.0,0,0,0,5
55,214,1.0,0.0,0,0,0,5
55,215,1.0,0.0,0,0,0,5
55,216,1.0,0.0,0,0,0,5
55,217,0.0,0.0,0,0,0,5
55,218,0.0,0.0,0,0,0,5
55,219,0.0,0.0,0,0,0,5
55,220,0.0,0.0,0,0,0,5
55,221,0.0,0.0,0,0,0,5
55,222,0.0,0.0,0,0,0,5
55,223,0.0,0.0,0,0,0,5
55,224,0.0,0.0,0,0,0,5
55,225,0.0,0.0,0,0,0,5
55,226,0.0,0.0,0,0,0,5
55,227,0.0,0.0,0,0,0,5
55,228,0.0,0.0,0,0,0,5
55,229,0.0,0.0,0,0,0,5
55,230,0.0,0.0,0,0,0,5
55,231,0.0,0.0,0,0,0,5
55,232,0.0,0.0,0,0,0,5
55,233,0.0,0.0,0,0,0,5
55,234,0.0,0.0,0,0,0,5
55,235,0.0,0.0,0,0,0,5
55,236,0.0,0.0,0,0,0,5
55,237,0.0,0.0,0,0,0,5
55,238,0.0,0.0,0,0,0,5
55,239,0.0,0.0,0,0,0,5
55,240,0.0,0.0,0,0,0,5
55,241,0.0,0.0,0,0,0,5
55,242,0.0,0.0,0,0,0,5
55,243,0.0,0.0,0,0,0,5
55,244,0.0,0.0,0,0,0,5
55,245,0.0,0.0,0,0,0,5
55,246,0.0,0.0,0,0,0,5
55,247,0.0,0.0,0,0,0,5
55,248,0.0,0.0,0,0,0,5
55,249,0.0,0.0,0,0,0,5
55,250,0.0,0.0,0,0,0,5
55,251,0.0,0.0,0,0,0,5
55,252,0.0,0.0,0,0,0,5
55,253,0.0,0.0,0,0,0,5
55,254,0.0,0.0,0,0,0,5
55,255,0.0,0.0,0,0,0,5
55,256,0.0,0.0,0,0,0,5
55,257,0.0,0.0,0,0,0,5
55,258,0.0,0.0,0,0,0,5
55,259,0.0,0.0,0,0,0,5
55,260,0.0,0.0,0,0,0,5
55,261,0.0,0.0,0,0,0,5
55,262,0.0,0.0,0,0,0,5
55,263,0.0,0.0,0,0,0,5
55,264,0.0,0.0,0,0,0,5
55,265,0.0,0.0,0,0,0,5
55,266,0.0,0.0,0,0,0,5
55,267,0.0,0.0,0,0,0,5
55,268,0.0,0.0,0,0,0,5
55,269,0.0,0.0,0,0,0,5
55,270,0.0,0.0,0,0,0,5
55,271,0.0,0.0,0,0,0,5
55,272,0.0,0.0,0,0,0,5
55,273,0.0,0.0,0,0,0,5
55,274,0.0,0.0,0,0,0,5
55,275,0.0,0.0,0,0,0,5
55,276,0.0,0.0,0,0,0,5
55,277,0.0,0.0,0,0,0,5
55,278,0.0,0.0,0,0,0,5
55,279,0.0,0.0,0,0,0,5
55,280,0.0,0.0,0,0,0,5
55,281,0.0,0.0,0,0,0,5
55,282,0.0,0.0,0,0,0,5
55,283,0.0,0.0,0,0,0,5
55,284,0.0,0.0,0,0,0,5
55,285,0.0,0.0,0,0,0,5
55,286,0.0,0.0,0,0,0,5
55,287,0.0,0.0,0,0,0,5
55,288,0.0,0.0,0,0,0,5
55,289,0.0,0.0,0,0,0,5
55,290,0.0,0.0,0,0,0,5
55,291,0.0,0.0,0,0,0,5
55,292,0.0,0.0,0,0,0,5
55,293,0.0,0.0,0,0,0,5
55,294,0.0,0.0,0,0,0,5
55,295,0.0,0.0,0,0,0,5
55,296,0.0,0.0,0,0,0,5
55,297,0.0,0.0,0,0,0,5
55,298,0.0,0.0,0,0,0,5
55,299,0.0,0.0,0,0,0,5
55,300,0.0,0.0,0,0,0,5
55,301,0.0,0.0,0,0,0,5
55,302,0.0,0.0,0,0,0,5
55,303,0.0,0.0,0,0,0,5
55,304,0.0,0.0,0,0,0,5
55,305,0.0,0.0,0,0,0,5
55,306,0.0,0.0,0,0,0,5
55,307,0.0,0.0,0,0,0,5
55,308,0.0,0.0,0,0,0,5
55,309,0.0,0.0,0,0,0,5
55,310,0.0,0.0,0,0,0,5
55,311,0.0,0.0,0,0,0,5
55,312,0.0,0.0,0,0,0,5
55,313,0.0,0.0,0,0,0,5
55,314,0.0,0.0,0,0,0,5
55,315,0.0,0.0,0,0,0,5
55,316,0.0,0.0,0,0,0,5
55,317,0.0,0.0,0,0,0,5
55,318,0.0,0.0,0,0,0,5
55,319,0.0,0.0,0,0,0,5
55,320,0.0,0.0,0,0,0,5
55,321,0.0,0.0,0,0,0,5
55,322,0.0,0.0,0,0,0,5
55,323,0.0,0.0,0,0,0,5
55,324,0.0,0.0,0,0,0,5
55,325,0.0,0.0,0,0,0,5
55,326,0.0,0.0,0,0,0,5
55,327,0.0,0.0,0,0,0,5
55,328,0.0,0.0,0,0,0,5
55,329,0.0,0.0,0,0,0,5
55,330,0.0,0.0,0,0,0,5
55,331,0.0,0.0,0,0,0,5
55,332,0.0,0.0,0,0,0,5
55,333,0.0,0.0,0,0,0,5
55,334,0.0,0.0,0,0,0,5
55,335,0.0,0.0,0,0,0,5
55,336,0.0,0.0,0,0,0,5
55,337,0.0,0.0,0,0,0,5
55,338,0.0,0.0,0,0,0,5
55,339,0.0,0.0,0,0,0,5
55,340,0.0,0.0,0,0,0,5
55,341,0.0,0.0,0,0,0,5
55,342,0.0,0.0,0,0,0,5
55,343,0.0,0.0,0,0,0,5
55,344,0.0,0.0,0,0,0,5
55,345,0.0,0.0,0,0,0,5
55,346,0.0,0.0,0,0,0,5
55,347,0.0,0.0,0,0,0,5
55,348,0.0,0.0,0,0,0,5
55,349,0.0,0.0,0,0,0,5
55,350,0.0,0.0,0,0,0,5
55,351,0.0,0.0,0,0,0,5
55,352,0.0,0.0,0,0,0,5
55,353,0.0,0.0,0,0,0,5
55,354,0.0,0.0,0,0,0,5
55,355,0.0,0.0,0,0,0,5
55,356,0.0,0.0,0,0,0,5
55,357,0.0,0.0,0,0,0,5
55,358,0.0,0.0,0,0,0,5
55,359,0.0,0.0,0,0,0,5
55,360,0.0,0.0,0,0,0,5
55,361,0.0,0.0,0,0,0,5
55,362,0.0,0.0,0,0,0,5
55,363,0.0,0.0,0,0,0,5
55,364,0.0,0.0,0,0,0,5
55,365,0.0,0.0,0,0,0,5
55,366,0.0,1.0,0,0,0,5
55,367,0.0,1.0,0,0,0,5
55,368,0.0,1.0,0,0,0,5
55,369,0.0,1.0,0,0,0,5
55,370,0.0,1.0,0,0,0,5
55,371,0.0,1.0,0,0,0,5
55,372,0.0,1.0,0,0,0,5
55,373,1.0,1.0,0,0,0,5
55,374,1.0,1.0,0,0,0,5
55,375,1.0,1.0,0,0,0,5
55,376,1.0,1.0,0,0,0,5
55,377,1.0,1.0,0,0,0,5
55,378,1.0,1.0,0,0,0,5
55,379,1.0,1.0,0,0,0,5
55,380,1.0,1.0,0,0,0,5
55,381,1.0,1.0,0,0,0,5
55,382,1.0,1.0,0,0,0,5
55,383,1.0,1.0,0,0,0,5
55,384,1.0,1.0,0,0,0,5
55,385,1.0,1.0,0,0,0,5
55,386,1.0,1.0,0,0,0,5
55,387,1.0,1.0,0,0,0,5
55,388,1.0,1.0,0,0,0,5
55,389,1.0,1.0,0,0,0,5
55,390,1.0,1.0,0,0,0,5
55,391,1.0,1.0,0,0,0,5
55,392,1.0,1.0,0,0,0,5
55,393,1.0,1.0,0,0,0,5
55,394,1.0,1.0,0,0,0,5
55,395,1.0,1.0,0,0,0,5
55,396,1.0,1.0,0,0,0,5
55,397,1.0,1.0,0,0,0,5
55,398,1.0,1.0,0,0,0,5
55,399,1.0,1.0,0,0,0,5
55,400,1.0,1.0,0,0,0,5
55,401,1.0,1.0,0,0,0,5
55,402,1.0,1.0,0,0,0,5
55,403,1.0,1.0,0,0,0,5
55,404,1.0,1.0,0,0,0,5
55,405,1.0,1.0,0,0,0,5
55,406,1.0,1.0,0,0,0,5
55,407,1.0,1.0,0,0,0,5
55,408,1.0,1.0,0,0,0,5
55,409,1.0,1.0,0,0,0,5
55,410,1.0,1.0,0,0,0,5
55,411,1.0,1.0,0,0,0,5
55,412,1.0,1.0,0,0,0,5
55,413,1.0,1.0,0,0,0,5
55,414,1.0,1.0,0,0,0,5
55,415,1.0,1.0,0,0,0,5
55,416,1.0,1.0,0,0,0,5
55,417,1.0,1.0,0,0,0,5
55,418,1.0,1.0,0,0,0,5
55,419,1.0,1.0,0,0,0,5
55,420,1.0,1.0,0,0,0,5
55,421,1.0,1.0,0,0,0,5
55,422,1.0,1.0,0,0,0,5
55,423,1.0,1.0,0,0,0,5
55,424,1.0,1.0,0,0,0,5
55,425,1.0,1.0,0,0,0,5
55,426,1.0,1.0,0,0,0,5
55,427,1.0,1.0,0,0,0,5
55,428,1.0,1.0,0,0,0,5
55,429,1.0,1.0,0,0,0,5
55,430,1.0,1.0,0,0,0,5
55,431,1.0,1.0,0,0,0,5
55,432,1.0,1.0,0,0,0,5
55,433,1.0,1.0,0,0,0,5
55,434,1.0,1.0,0,0,0,5
55,435,1.0,1.0,0,0,0,5
55,436,1.0,1.0,0,0,0,5
55,437,1.0,1.0,0,0,0,5
55,438,1.0,1.0,0,0,0,5
55,439,1.0,1.0,0,0,0,5
55,440,1.0,1.0,0,0,0,5
55,441,1.0,1.0,0,0,0,5
55,442,1.0,1.0,0,0,0,5
55,443,1.0,1.0,0,0,0,5
55,444,1.0,1.0,0,0,0,5
55,445,1.0,1.0,0,0,0,5
55,446,1.0,1.0,0,0,0,5
55,447,1.0,1.0,0,0,0,5
55,448,1.0,1.0,0,0,0,5
55,449,1.0,1.0,0,0,0,5
55,450,1.0,1.0,0,0,0,5
55,451,1.0,1.0,0,0,0,5
55,452,1.0,1.0,0,0,0,5
55,453,1.0,1.0,0,0,0,5
55,454,1.0,1.0,0,0,0,5
55,455,1.0,1.0,0,0,0,5
55,456,1.0,1.0,0,0,0,5
55,457,1.0,1.0,0,0,0,5
55,458,1.0,1.0,0,0,0,5
55,459,1.0,1.0,0,0,0,5
55,460,1.0,1.0,0,0,0,5
55,461,1.0,1.0,0,0,0,5
55,462,1.0,1.0,0,0,0,5
55,463,1.0,1.0,0,0,0,5
55,464,1.0,1.0,0,0,0,5
55,465,1.0,1.0,0,0,0,5
55,466,1.0,1.0,0,0,0,5
55,467,1.0,1.0,0,0,0,5
55,468,1.0,1.0,0,0,0,5
55,469,1.0,1.0,0,0,0,5
55,470,1.0,1.0,0,0,0,5
55,471,1.0,1.0,0,0,0,5
55,472,1.0,1.0,0,0,0,5
55,473,1.0,1.0,0,0,0,5
55,474,1.0,1.0,0,0,0,5
55,475,1.0,1.0,0,0,0,5
55,476,1.0,1.0,0,0,0,5
55,477,1.0,1.0,0,0,0,5
55,478,1.0,1.0,0,0,0,5
55,479,1.0,1.0,0,0,0,5
55,480,1.0,1.0,0,0,0,5
55,481,1.0,1.0,0,0,0,5
55,482,1.0,1.0,0,0,0,5
55,483,1.0,1.0,0,0,0,5
55,484,1.0,1.0,0,0,0,5
55,485,1.0,1.0,0,0,0,5
55,486,1.0,1.0,0,0,0,5
55,487,1.0,1.0,0,0,0,5
55,488,1.0,1.0,0,0,0,5
55,489,1.0,1.0,0,0,0,5
55,490,1.0,1.0,0,0,0,5
55,491,1.0,1.0,0,0,0,5
55,492,1.0,1.0,0,0,0,5
55,493,1.0,1.0,0,0,0,5
55,494,1.0,1.0,0,0,0,5
55,495,1.0,1.0,0,0,0,5
55,496,1.0,1.0,0,0,0,5
55,497,1.0,1.0,0,0,0,5
55,498,1.0,1.0,0,0,0,5
55,499,1.0,1.0,0,0,0,5
55,500,1.0,1.0,0,0,0,5
55,501,1.0,1.0,0,0,0,5
55,502,1.0,1.0,0,0,0,5
55,503,1.0,1.0,0,0,0,5
55,504,1.0,1.0,0,0,0,5
55,505,1.0,1.0,0,0,1,5
55,506,1.0,1.0,0,0,0,5
55,507,1.0,1.0,0,0,0,5
55,508,1.0,1.0,0,0,0,5
55,509,1.0,1.0,0,0,0,5
55,510,1.0,1.0,0,0,0,5
55,511,1.0,1.0,0,0,0,5
55,512,1.0,1.0,0,0,0,5
55,513,1.0,1.0,0,0,0,5
55,514,1.0,1.0,0,0,0,5
55,515,1.0,1.0,0,0,0,5
55,516,1.0,1.0,0,0,0,5
55,517,1.0,1.0,0,0,0,5
55,518,1.0,1.0,0,0,0,5
55,519,1.0,1.0,0,0,0,5
55,520,1.0,1.0,0,0,0,5
55,521,1.0,1.0,0,0,0,5
55,522,1.0,1.0,0,0,0,5
55,523,1.0,1.0,0,0,0,5
55,524,1.0,1.0,0,0,0,5
55,525,1.0,1.0,0,0,0,5
55,526,1.0,1.0,0,0,0,5
55,527,1.0,1.0,0,0,0,5
55,528,1.0,1.0,0,0,0,5
55,529,1.0,1.0,0,0,0,5
55,530,1.0,1.0,0,0,0,5
55,531,1.0,1.0,0,0,0,5
55,532,1.0,1.0,0,0,0,5
55,533,1.0,1.0,0,0,0,5
55,534,1.0,1.0,0,0,0,5
55,535,1.0,1.0,0,0,0,5
55,536,1.0,1.0,0,0,0,5
55,537,1.0,1.0,0,0,0,5
55,538,1.0,1.0,0,0,0,5
55,539,1.0,0.0,0,0,0,5
55,540,1.0,0.0,0,0,0,5
55,541,1.0,0.0,0,0,0,5
55,542,1.0,0.0,0,0,0,5
55,543,1.0,0.0,0,0,0,5
55,544,1.0,0.0,0,0,0,5
55,545,1.0,0.0,0,0,0,5
55,546,0.0,0.0,0,0,0,5
55,547,0.0,0.0,0,0,0,5
55,548,0.0,0.0,0,0,0,5
55,549,0.0,0.0,0,0,0,5
55,550,0.0,0.0,0,0,0,5
55,551,0.0,0.0,0,0,0,5
55,552,0.0,0.0,0,0,0,5
55,553,0.0,0.0,0,0,0,5
55,554,0.0,0.0,0,0,0,5
55,555,0.0,0.0,0,0,0,5
55,556,0.0,0.0,0,0,0,5
55,557,0.0,0.0,0,0,0,5
55,558,0.0,0.0,0,0,0,5
55,559,0.0,0.0,0,0,0,5
55,560,0.0,0.0,0,0,0,5
55,561,0.0,0.0,0,0,0,5
55,562,0.0,0.0,0,0,0,5
55,563,0.0,0.0,0,0,0,5
55,564,0.0,0.0,0,0,0,5
55,565,0.0,0.0,0,0,0,5
55,566,0.0,0.0,0,0,0,5
55,567,0.0,0.0,0,0,0,5
55,568,0.0,0.0,0,0,0,5
55,569,0.0,0.0,0,0,0,5
55,570,0.0,0.0,0,0,0,5
55,571,0.0,0.0,0,0,0,5
55,572,0.0,0.0,0,0,0,5
55,573,0.0,0.0,0,0,0,5
55,574,0.0,0.0,0,0,0,5
55,575,0.0,0.0,0,0,0,5
55,576,0.0,0.0,0,0,0,5
55,577,0.0,0.0,0,0,0,5
55,578,0.0,0.0,0,0,0,5
55,579,0.0,0.0,0,0,0,5
55,580,0.0,0.0,0,0,0,5
55,581,0.0,0.0,0,0,0,5
55,582,0.0,0.0,0,0,0,5
55,583,0.0,0.0,0,0,0,5
55,584,0.0,0.0,0,0,0,5
55,585,0.0,0.0,0,0,0,5
55,586,0.0,0.0,0,0,0,5
55,587,0.0,0.0,0,0,0,5
55,588,0.0,0.0,0,0,0,5
55,589,0.0,0.0,0,0,0,5
55,590,0.0,0.0,0,0,0,5
55,591,0.0,0.0,0,0,0,5
55,592,0.0,0.0,0,0,0,5
55,593,0.0,0.0,0,0,0,5
55,594,0.0,0.0,0,0,0,5
55,595,0.0,0.0,0,0,0,5
55,596,0.0,0.0,0,0,0,5
55,597,0.0,0.0,0,0,0,5
55,598,0.0,0.0,0,0,0,5
55,599,0.0,0.0,0,0,0,5
55,600,0.0,0.0,0,0,0,5
55,601,0.0,0.0,0,0,0,5
55,602,0.0,0.0,0,0,0,5
55,603,0.0,0.0,0,0,0,5
55,604,0.0,0.0,0,0,0,5
55,605,0.0,0.0,0,0,0,5
55,606,0.0,0.0,0,0,0,5
55,607,0.0,0.0,0,0,0,5
55,608,0.0,0.0,0,0,0,5
55,609,0.0,0.0,0,0,0,5
55,610,0.0,0.0,0,0,0,5
55,611,0.0,0.0,0,0,0,5
55,612,0.0,0.0,0,0,0,5
55,613,0.0,0.0,0,0,0,5
55,614,0.0,0.0,0,0,0,5
55,615,0.0,0.0,0,0,0,5
55,616,0.0,0.0,0,0,0,5
55,617,0.0,0.0,0,0,0,5
55,618,0.0,0.0,0,0,0,5
55,619,0.0,0.0,0,0,0,5
55,620,0.0,0.0,0,0,0,5
55,621,0.0,0.0,0,0,0,5
55,622,0.0,0.0,0,0,0,5
55,623,0.0,0.0,0,0,0,5
55,624,0.0,0.0,0,0,0,5
55,625,0.0,0.0,0,0,0,5
55,626,0.0,0.0,0,0,0,5
55,627,0.0,0.0,0,0,0,5
55,628,0.0,0.0,0,0,0,5
55,629,0.0,0.0,0,0,0,5
55,630,0.0,0.0,0,0,0,5
55,631,0.0,0.0,0,0,0,5
55,632,0.0,0.0,0,0,0,5
55,633,0.0,0.0,0,0,0,5
55,634,0.0,0.0,0,0,0,5
55,635,0.0,0.0,0,0,0,5
55,636,0.0,0.0,0,0,0,5
55,637,0.0,0.0,0,0,0,5
55,638,0.0,0.0,0,0,0,5
55,639,0.0,0.0,0,0,0,5
55,640,0.0,0.0,0,0,0,5
55,641,0.0,0.0,0,0,0,5
55,642,0.0,0.0,1,0,0,5
55,643,0.0,0.0,1,0,0,5
55,644,0.0,0.0,1,0,0,5
55,645,0.0,0.0,1,0,0,5
55,646,0.0,0.0,1,0,0,5
55,647,0.0,0.0,1,0,0,5
55,648,0.0,0.0,1,0,0,5
55,649,0.0,0.0,1,0,0,5
55,650,0.0,0.0,1,0,0,5
55,651,0.0,0.0,0,0,0,5
55,652,0.0,0.0,0,0,0,5
55,653,0.0,0.0,0,0,0,5
55,654,0.0,0.0,0,0,0,5
55,655,0.0,0.0,0,0,0,5
55,656,0.0,0.0,0,0,0,5
55,657,0.0,0.0,0,0,0,5
55,658,0.0,0.0,0,0,0,5
55,659,0.0,0.0,0,0,0,5
55,660,0.0,0.0,0,0,0,5
55,661,0.0,0.0,0,0,0,5
55,662,0.0,0.0,0,0,0,5
55,663,0.0,0.0,0,0,0,5
55,664,0.0,0.0,0,0,0,5
55,665,0.0,0.0,0,0,0,5
55,666,0.0,0.0,0,0,0,5
55,667,0.0,0.0,0,0,0,5
55,668,0.0,0.0,0,0,0,5
55,669,0.0,0.0,0,0,0,5
55,670,0.0,0.0,0,0,0,5
55,671,0.0,0.0,0,0,0,5
55,672,0.0,1.0,0,0,0,5
55,673,0.0,1.0,0,0,0,5
55,674,0.0,1.0,0,0,0,5
55,675,0.0,1.0,0,0,0,5
55,676,0.0,1.0,0,0,0,5
55,677,0.0,1.0,0,0,0,5
55,678,0.0,1.0,0,0,0,5
55,679,1.0,1.0,0,0,0,5
55,680,1.0,1.0,0,0,0,5
55,681,1.0,1.0,0,0,0,5
55,682,1.0,1.0,0,0,0,5
55,683,1.0,1.0,0,0,0,5
55,684,1.0,1.0,0,0,0,5
55,685,1.0,1.0,0,0,0,5
55,686,1.0,1.0,0,0,0,5
55,687,1.0,1.0,0,0,0,5
55,688,1.0,1.0,0,0,0,5
55,689,1.0,1.0,0,0,0,5
55,690,1.0,1.0,0,0,0,5
55,691,1.0,1.0,0,0,0,5
55,692,1.0,1.0,0,0,0,5
55,693,1.0,1.0,0,0,0,5
55,694,1.0,1.0,0,0,0,5
55,695,1.0,1.0,0,0,0,5
55,696,1.0,1.0,0,0,0,5
55,697,1.0,1.0,0,0,0,5
55,698,1.0,1.0,0,0,0,5
55,699,1.0,1.0,0,0,0,5
55,700,1.0,1.0,0,0,0,5
55,701,1.0,1.0,0,0,0,5
55,702,1.0,1.0,0,0,0,5
55,703,1.0,1.0,0,0,0,5
55,704,1.0,1.0,0,0,0,5
55,705,1.0,1.0,0,0,0,5
55,706,1.0,1.0,0,0,0,5
55,707,1.0,1.0,0,0,0,5
55,708,1.0,1.0,0,0,0,5
55,709,1.0,1.0,0,0,0,5
55,710,1.0,1.0,0,0,0,5
55,711,1.0,1.0,0,0,0,5
55,712,1.0,1.0,0,0,0,5
55,713,1.0,1.0,0,0,0,5
55,714,1.0,1.0,0,0,0,5
55,715,1.0,1.0,0,0,0,5
55,716,1.0,1.0,0,0,0,5
55,717,1.0,1.0,0,0,0,5
55,718,1.0,1.0,0,0,0,5
55,719,1.0,1.0,0,0,0,5
55,720,1.0,1.0,0,0,0,5
55,721,1.0,1.0,0,0,0,5
55,722,1.0,1.0,0,0,0,5
55,723,1.0,1.0,0,0,0,5
55,724,1.0,1.0,0,0,0,5
55,725,1.0,1.0,0,0,0,5
55,726,1.0,1.0,0,0,0,5
55,727,1.0,1.0,0,0,0,5
55,728,1.0,1.0,0,0,0,5
55,729,1.0,1.0,0,0,0,5
55,730,1.0,1.0,0,0,0,5
55,731,1.0,1.0,0,0,0,5
55,732,1.0,1.0,0,0,0,5
55,733,1.0,1.0,0,0,0,5
55,734,1.0,1.0,0,0,0,5
55,735,1.0,1.0,0,0,0,5
55,736,1.0,1.0,0,0,0,5
55,737,1.0,1.0,0,0,0,5
55,738,1.0,1.0,0,0,0,5
55,739,1.0,1.0,0,0,0,5
55,740,1.0,1.0,0,0,0,5
55,741,1.0,1.0,0,0,0,5
55,742,1.0,1.0,0,0,0,5
55,743,1.0,1.0,0,0,0,5
55,744,1.0,1.0,0,0,0,5
55,745,1.0,1.0,0,0,0,5
55,746,1.0,1.0,0,0,0,5
55,747,1.0,1.0,0,0,0,5
55,748,1.0,1.0,0,0,0,5
55,749,1.0,1.0,0,0,0,5
55,750,1.0,1.0,0,0,0,5
55,751,1.0,1.0,0,0,0,5
55,752,1.0,1.0,0,0,0,5
55,753,1.0,1.0,0,0,0,5
55,754,1.0,1.0,0,0,0,5
55,755,1.0,1.0,0,0,0,5
55,756,1.0,1.0,0,0,0,5
55,757,1.0,1.0,0,0,0,5
55,758,1.0,1.0,0,0,0,5
55,759,1.0,1.0,0,0,0,5
55,760,1.0,1.0,0,0,0,5
55,761,1.0,1.0,0,0,0,5
55,762,1.0,1.0,0,0,0,5
55,763,1.0,1.0,0,0,0,5
55,764,1.0,1.0,0,0,0,5
55,765,1.0,1.0,0,0,0,5
55,766,1.0,1.0,0,0,0,5
55,767,1.0,1.0,0,0,0,5
55,768,1.0,1.0,0,0,0,5
55,769,1.0,1.0,0,0,0,5
55,770,1.0,1.0,0,0,0,5
55,771,1.0,1.0,0,0,0,5
55,772,1.0,1.0,0,0,0,5
55,773,1.0,1.0,0,0,0,5
55,774,1.0,1.0,0,0,0,5
55,775,1.0,1.0,0,0,0,5
55,776,1.0,1.0,0,0,0,5
55,777,1.0,1.0,0,0,0,5
55,778,1.0,1.0,0,0,0,5
55,779,1.0,1.0,0,0,0,5
55,780,1.0,1.0,0,0,0,5
55,781,1.0,1.0,0,0,0,5
55,782,1.0,1.0,0,0,0,5
55,783,1.0,1.0,0,0,0,5
55,784,1.0,1.0,0,0,0,5
55,785,1.0,1.0,0,0,0,5
55,786,1.0,1.0,0,0,0,5
55,787,1.0,1.0,0,0,0,5
55,788,1.0,1.0,0,0,0,5
55,789,1.0,1.0,0,0,0,5
55,790,1.0,1.0,0,0,0,5
55,791,1.0,1.0,0,0,0,5
55,792,1.0,1.0,0,0,0,5
55,793,1.0,1.0,0,0,0,5
55,794,1.0,1.0,0,0,0,5
55,795,1.0,1.0,0,0,0,5
55,796,1.0,1.0,0,0,0,5
55,797,1.0,1.0,0,0,0,5
55,798,1.0,1.0,0,0,0,5
55,799,1.0,1.0,0,0,0,5
55,800,1.0,1.0,0,0,0,5
55,801,1.0,1.0,0,0,0,5
55,802,1.0,1.0,0,0,0,5
55,803,1.0,1.0,0,0,0,5
55,804,1.0,1.0,0,0,0,5
55,805,1.0,1.0,0,0,0,5
55,806,1.0,1.0,0,0,0,5
55,807,1.0,1.0,0,0,0,5
55,808,1.0,1.0,0,0,0,5
55,809,1.0,1.0,0,0,0,5
55,810,1.0,1.0,0,0,0,5
55,811,1.0,1.0,0,0,0,5
55,812,1.0,1.0,0,0,0,5
55,813,1.0,1.0,0,0,0,5
55,814,1.0,1.0,0,0,0,5
55,815,1.0,1.0,0,0,0,5
55,816,1.0,1.0,0,0,0,5
55,817,1.0,1.0,0,0,0,5
55,818,1.0,1.0,0,0,0,5
55,819,1.0,1.0,0,0,0,5
55,820,1.0,1.0,0,0,0,5
55,821,1.0,1.0,0,0,0,5
55,822,1.0,1.0,0,0,0,5
55,823,1.0,1.0,0,0,0,5
55,824,1.0,1.0,0,0,0,5
55,825,1.0,1.0,0,0,0,5
55,826,1.0,1.0,0,0,0,5
55,827,1.0,1.0,0,0,0,5
55,828,1.0,1.0,0,0,0,5
55,829,1.0,1.0,0,0,0,5
55,830,1.0,1.0,0,0,0,5
55,831,1.0,1.0,0,0,0,5
55,832,1.0,1.0,0,0,0,5
55,833,1.0,1.0,0,0,0,5
55,834,1.0,1.0,0,0,0,5
55,835,1.0,1.0,0,0,0,5
55,836,1.0,1.0,0,0,0,5
55,837,1.0,1.0,0,0,0,5
55,838,1.0,1.0,0,0,0,5
55,839,1.0,1.0,0,0,0,5
55,840,1.0,1.0,0,0,0,5
55,841,1.0,1.0,0,0,0,5
55,842,1.0,1.0,0,0,0,5
55,843,1.0,1.0,0,0,0,5
55,844,1.0,1.0,0,0,0,5
55,845,1.0,1.0,0,0,0,5
55,846,1.0,1.0,0,0,0,5
55,847,1.0,1.0,0,0,0,5
55,848,1.0,1.0,0,0,0,5
55,849,1.0,1.0,0,0,0,5
55,850,1.0,1.0,0,0,0,5
55,851,1.0,1.0,0,0,0,5
55,852,1.0,1.0,0,0,0,5
55,853,1.0,1.0,0,0,0,5
55,854,1.0,1.0,0,0,0,5
55,855,1.0,1.0,0,0,0,5
55,856,1.0,1.0,0,0,0,5
55,857,1.0,1.0,0,0,0,5
55,858,1.0,0.0,0,0,0,5
55,859,1.0,0.0,0,0,0,5
55,860,1.0,0.0,0,0,0,5
55,861,1.0,0.0,0,0,0,5
55,862,1.0,0.0,0,0,0,5
55,863,1.0,0.0,0,0,0,5
55,864,1.0,0.0,0,0,0,5
55,865,0.0,0.0,0,0,0,5
55,866,0.0,0.0,0,0,0,5
55,867,0.0,0.0,0,0,0,5
55,868,0.0,0.0,0,0,0,5
55,869,0.0,0.0,0,0,0,5
55,870,0.0,0.0,0,0,0,5
55,871,0.0,0.0,0,0,0,5
55,872,0.0,0.0,0,0,0,5
55,873,0.0,0.0,0,0,0,5
55,874,0.0,0.0,0,0,0,5
55,875,0.0,0.0,0,0,0,5
55,876,0.0,0.0,0,0,0,5
55,877,0.0,0.0,0,0,0,5
55,878,0.0,0.0,0,0,0,5
55,879,0.0,0.0,0,0,0,5
55,880,0.0,0.0,0,0,0,5
55,881,0.0,0.0,0,0,0,5
55,882,0.0,0.0,0,0,0,5
55,883,0.0,0.0,0,0,0,5
55,884,0.0,0.0,0,0,0,5
55,885,0.0,0.0,0,0,0,5
55,886,0.0,0.0,0,0,0,5
55,887,0.0,0.0,0,0,0,5
55,888,0.0,0.0,0,0,0,5
55,889,0.0,0.0,0,0,0,5
55,890,0.0,0.0,0,0,0,5
55,891,0.0,0.0,0,0,0,5
55,892,0.0,0.0,0,0,0,5
55,893,0.0,0.0,0,0,0,5
55,894,0.0,0.0,0,0,0,5
55,895,0.0,0.0,0,0,0,5
55,896,0.0,0.0,0,0,0,5
55,897,0.0,0.0,0,0,0,5
55,898,0.0,0.0,0,0,0,5
55,899,0.0,0.0,0,0,0,5
55,900,0.0,0.0,0,0,0,5
55,901,0.0,0.0,0,0,0,5
55,902,0.0,0.0,0,0,0,5
55,903,0.0,0.0,0,0,0,5
55,904,0.0,0.0,0,0,0,5
55,905,0.0,0.0,0,0,0,5
55,906,0.0,0.0,0,0,0,5
55,907,0.0,0.0,0,0,0,5
55,908,0.0,0.0,0,0,0,5
55,909,0.0,0.0,0,0,0,5
55,910,0.0,0.0,0,0,0,5
55,911,0.0,0.0,0,0,0,5
55,912,0.0,0.0,0,0,0,5
55,913,0.0,0.0,0,0,0,5
55,914,0.0,0.0,0,0,0,5
55,915,0.0,0.0,0,0,0,5
55,916,0.0,0.0,0,0,0,5
55,917,0.0,0.0,0,0,0,5
55,918,0.0,0.0,0,0,0,5
55,919,0.0,0.0,0,0,0,5
55,920,0.0,0.0,0,0,0,5
55,921,0.0,0.0,0,0,0,5
55,922,0.0,0.0,0,0,0,5
55,923,0.0,0.0,0,0,0,5
55,924,0.0,0.0,0,0,0,5
55,925,0.0,0.0,0,0,0,5
55,926,0.0,0.0,0,0,0,5
55,927,0.0,0.0,0,0,0,5
55,928,0.0,0.0,0,0,0,5
55,929,0.0,0.0,0,0,0,5
55,930,0.0,0.0,0,0,0,5
55,931,0.0,0.0,0,0,0,5
55,932,0.0,0.0,0,0,0,5
55,933,0.0,0.0,0,0,0,5
55,934,0.0,0.0,0,0,0,5
55,935,0.0,0.0,0,0,0,5
55,936,0.0,0.0,0,0,0,5
55,937,0.0,0.0,0,0,0,5
55,938,0.0,0.0,0,0,0,5
55,939,0.0,0.0,0,0,0,5
55,940,0.0,0.0,0,0,0,5
55,941,0.0,0.0,0,0,0,5
55,942,0.0,0.0,0,0,0,5
55,943,0.0,0.0,0,0,0,5
55,944,0.0,0.0,0,0,0,5
55,945,0.0,0.0,0,0,0,5
55,946,0.0,0.0,0,0,0,5
55,947,0.0,0.0,0,0,0,5
55,948,0.0,0.0,0,0,0,5
55,949,0.0,0.0,0,0,0,5
55,950,0.0,0.0,0,0,0,5
55,951,0.0,0.0,0,0,0,5
55,952,0.0,0.0,0,0,0,5
55,953,0.0,0.0,0,0,0,5
55,954,0.0,0.0,0,0,0,5
55,955,0.0,0.0,0,0,0,5
55,956,0.0,0.0,0,0,0,5
55,957,0.0,0.0,0,0,0,5
55,958,0.0,0.0,0,0,0,5
55,959,0.0,0.0,0,0,0,5
55,960,0.0,0.0,0,0,0,5
55,961,0.0,0.0,0,0,0,5
55,962,0.0,0.0,0,0,0,5
55,963,0.0,0.0,0,0,0,5
55,964,0.0,0.0,0,0,0,5
55,965,0.0,0.0,0,0,0,5
55,966,0.0,0.0,0,0,0,5
55,967,0.0,0.0,0,0,0,5
55,968,0.0,0.0,0,0,0,5
55,969,0.0,0.0,0,0,0,5
55,970,0.0,0.0,0,0,0,5
55,971,0.0,0.0,0,0,0,5
55,972,0.0,0.0,0,0,0,5
55,973,0.0,0.0,0,0,0,5
55,974,0.0,0.0,0,0,0,5
55,975,0.0,0.0,0,0,0,5
55,976,0.0,0.0,0,0,0,5
55,977,0.0,0.0,0,0,0,5
55,978,0.0,0.0,0,0,0,5
55,979,0.0,0.0,0,0,0,5
55,980,0.0,0.0,0,0,0,5
55,981,0.0,0.0,0,0,0,5
55,982,0.0,0.0,0,0,0,5
55,983,0.0,0.0,0,0,0,5
55,984,0.0,0.0,0,0,0,5
55,985,0.0,0.0,0,0,0,5
55,986,0.0,0.0,0,0,0,5
55,987,0.0,0.0,0,0,0,5
55,988,0.0,0.0,0,0,0,5
55,989,0.0,0.0,0,0,0,5
55,990,0.0,0.0,0,0,0,5
55,991,0.0,0.0,0,0,0,5
55,992,0.0,0.0,0,0,0,5
55,993,0.0,0.0,0,0,0,5
55,994,0.0,0.0,0,0,0,5
55,995,0.0,0.0,0,0,0,5
55,996,0.0,0.0,0,0,0,5
55,997,0.0,0.0,0,0,0,5
55,998,0.0,0.0,0,0,0,5
55,999,0.0,0.0,0,0,0,5
55,1000,0.0,0.0,0,0,0,5
55,1001,0.0,0.0,0,0,0,5
55,1002,0.0,0.0,0,0,0,5
55,1003,0.0,0.0,0,0,0,5
55,1004,0.0,0.0,0,0,0,5
55,1005,0.0,0.0,0,0,0,5
55,1006,0.0,0.0,0,0,0,5
55,1007,0.0,0.0,0,0,0,5
55,1008,0.0,0.0,0,0,0,5
55,1009,0.0,0.0,0,0,0,5
55,1010,0.0,0.0,1,0,0,5
55,1011,0.0,0.0,1,0,0,5
55,1012,0.0,0.0,1,0,0,5
55,1013,0.0,0.0,1,0,0,5
55,1014,0.0,0.0,1,0,0,5
55,1015,0.0,0.0,1,0,0,5
55,1016,0.0,0.0,1,0,0,5
55,1017,0.0,0.0,1,0,0,5
55,1018,0.0,0.0,1,0,0,5
55,1019,0.0,0.0,1,0,0,5
55,1020,0.0,0.0,1,0,0,5
55,1021,0.0,0.0,1,0,0,5
55,1022,0.0,0.0,1,0,0,5
55,1023,0.0,0.0,1,0,0,5
55,1024,0.0,0.0,1,0,0,5
55,1025,0.0,0.0,1,0,0,5
55,1026,0.0,0.0,1,0,0,5
55,1027,0.0,0.0,1,0,0,5
55,1028,0.0,0.0,1,0,0,5
55,1029,0.0,0.0,1,0,0,5
55,1030,0.0,0.0,1,0,0,5
55,1031,0.0,0.0,1,0,0,5
55,1032,0.0,0.0,1,0,0,5
55,1033,0.0,0.0,1,0,0,5
55,1034,0.0,0.0,1,0,0,5
55,1035,0.0,0.0,1,0,0,5
55,1036,0.0,0.0,1,0,0,5
55,1037,0.0,0.0,1,0,0,5
55,1038,0.0,0.0,1,0,0,5
55,1039,0.0,0.0,1,0,0,5
55,1040,0.0,0.0,1,0,0,5
55,1041,0.0,0.0,1,0,0,5
55,1042,0.0,0.0,1,0,0,5
55,1043,0.0,0.0,1,0,0,5
55,1044,0.0,0.0,1,0,0,5
55,1045,0.0,0.0,1,0,0,5
55,1046,0.0,0.0,1,0,0,5
55,1047,0.0,0.0,1,0,0,5
55,1048,0.0,1.0,1,0,0,5
55,1049,0.0,1.0,1,0,0,5
55,1050,0.0,1.0,1,0,0,5
55,1051,0.0,1.0,1,0,0,5
55,1052,0.0,1.0,1,0,0,5
55,1053,0.0,1.0,1,0,0,5
55,1054,1.0,1.0,1,0,0,5
55,1055,1.0,1.0,1,0,0,5
55,1056,1.0,1.0,1,0,0,5
55,1057,1.0,1.0,1,0,0,5
55,1058,1.0,1.0,1,0,0,5
55,1059,1.0,1.0,1,0,0,5
55,1060,1.0,1.0,1,0,0,5
55,1061,1.0,1.0,1,0,0,5
55,1062,1.0,1.0,1,0,0,5
55,1063,1.0,1.0,1,0,0,5
55,1064,1.0,1.0,1,0,0,5
55,1065,1.0,1.0,1,0,0,5
55,1066,1.0,1.0,1,0,0,5
55,1067,1.0,1.0,1,0,0,5
55,1068,1.0,1.0,1,0,0,5
55,1069,1.0,1.0,1,0,0,5
55,1070,1.0,1.0,1,0,0,5
55,1071,1.0,1.0,1,0,0,5
55,1072,1.0,1.0,1,0,0,5
55,1073,1.0,1.0,1,0,0,5
55,1074,1.0,1.0,1,0,0,5
55,1075,1.0,1.0,1,0,0,5
55,1076,1.0,1.0,1,0,0,5
55,1077,1.0,1.0,1,0,0,5
55,1078,1.0,1.0,1,0,0,5
55,1079,1.0,1.0,1,0,0,5
55,1080,1.0,1.0,1,0,0,5
55,1081,1.0,1.0,1,0,0,5
55,1082,1.0,1.0,1,0,0,5
55,1083,1.0,1.0,1,0,0,5
55,1084,1.0,1.0,1,0,0,5
55,1085,1.0,1.0,1,0,0,5
55,1086,1.0,1.0,1,0,0,5
55,1087,1.0,1.0,1,0,0,5
55,1088,1.0,1.0,1,0,0,5
55,1089,1.0,1.0,1,0,0,5
55,1090,1.0,1.0,1,0,0,5
55,1091,1.0,1.0,1,0,0,5
55,1092,1.0,1.0,1,0,0,5
55,1093,1.0,1.0,1,0,0,5
55,1094,1.0,1.0,1,0,0,5
55,1095,1.0,1.0,1,0,0,5
55,1096,1.0,1.0,1,0,0,5
55,1097,1.0,1.0,1,0,0,5
55,1098,1.0,1.0,1,0,0,5
55,1099,1.0,1.0,1,0,0,5
55,1100,1.0,1.0,1,0,0,5
55,1101,1.0,1.0,1,0,0,5
55,1102,1.0,1.0,1,0,0,5
55,1103,1.0,1.0,1,0,0,5
55,1104,1.0,1.0,1,0,0,5
55,1105,1.0,1.0,1,0,0,5
55,1106,1.0,1.0,1,0,0,5
55,1107,1.0,1.0,1,0,0,5
55,1108,1.0,1.0,1,0,0,5
55,1109,1.0,1.0,1,0,0,5
55,1110,1.0,1.0,1,0,0,5
55,1111,1.0,1.0,1,0,0,5
55,1112,1.0,1.0,1,0,0,5
55,1113,1.0,1.0,1,0,0,5
55,1114,1.0,1.0,1,0,0,5
55,1115,1.0,1.0,1,0,0,5
55,1116,1.0,1.0,1,0,0,5
55,1117,1.0,1.0,1,0,0,5
55,1118,1.0,1.0,1,0,0,5
55,1119,1.0,1.0,1,0,0,5
55,1120,1.0,1.0,1,0,0,5
55,1121,1.0,1.0,1,0,0,5
55,1122,1.0,1.0,1,0,0,5
55,1123,1.0,1.0,1,0,0,5
55,1124,1.0,1.0,1,0,0,5
55,1125,1.0,1.0,1,0,0,5
55,1126,1.0,1.0,1,0,0,5
55,1127,1.0,1.0,1,0,0,5
55,1128,1.0,1.0,1,0,0,5
55,1129,1.0,1.0,1,0,0,5
55,1130,1.0,1.0,1,0,0,5
55,1131,1.0,1.0,1,0,0,5
55,1132,1.0,1.0,1,0,0,5
55,1133,1.0,1.0,1,0,0,5
55,1134,1.0,1.0,1,0,0,5
55,1135,1.0,1.0,1,0,0,5
55,1136,1.0,1.0,1,0,0,5
55,1137,1.0,1.0,1,0,0,5
55,1138,1.0,1.0,1,0,0,5
55,1139,1.0,1.0,1,0,0,5
55,1140,1.0,1.0,1,0,0,5
55,1141,1.0,1.0,1,0,0,5
55,1142,1.0,1.0,1,0,0,5
55,1143,1.0,1.0,1,0,0,5
55,1144,1.0,1.0,1,0,0,5
55,1145,1.0,1.0,1,0,0,5
55,1146,1.0,1.0,1,0,0,5
55,1147,1.0,1.0,1,0,0,5
55,1148,1.0,1.0,1,0,1,5
55,1149,1.0,1.0,1,0,1,5
55,1150,1.0,1.0,1,0,1,5
55,1151,1.0,1.0,1,0,1,5
55,1152,1.0,1.0,1,0,1,5
55,1153,1.0,1.0,1,0,1,5
55,1154,1.0,1.0,1,0,1,5
55,1155,1.0,1.0,1,0,1,5
55,1156,1.0,1.0,1,0,1,5
55,1157,1.0,1.0,1,0,1,5
55,1158,1.0,1.0,1,0,1,5
55,1159,1.0,1.0,1,0,1,5
55,1160,1.0,1.0,1,0,1,5
55,1161,1.0,1.0,1,0,1,5
55,1162,1.0,1.0,1,0,1,5
55,1163,1.0,1.0,1,0,1,5
55,1164,1.0,1.0,1,0,1,5
55,1165,1.0,1.0,1,0,1,5
55,1166,1.0,1.0,1,0,1,5
55,1167,1.0,1.0,1,0,1,5
55,1168,1.0,1.0,1,0,1,5
55,1169,1.0,1.0,1,0,1,5
55,1170,1.0,1.0,1,0,1,5
55,1171,1.0,1.0,1,0,1,5
55,1172,1.0,1.0,1,0,1,5
55,1173,1.0,1.0,1,0,1,5
55,1174,1.0,1.0,1,0,1,5
55,1175,1.0,1.0,1,0,1,5
55,1176,1.0,1.0,1,0,1,5
55,1177,1.0,1.0,1,0,1,5
55,1178,1.0,1.0,1,0,1,5
55,1179,1.0,1.0,1,0,1,5
55,1180,1.0,1.0,1,0,1,5
55,1181,1.0,1.0,1,0,1,5
55,1182,1.0,1.0,1,0,1,5
55,1183,1.0,1.0,1,0,1,5
55,1184,1.0,1.0,1,0,1,5
55,1185,1.0,1.0,1,0,1,5
55,1186,1.0,1.0,1,0,1,5
55,1187,1.0,1.0,1,0,1,5
55,1188,1.0,1.0,1,0,1,5
55,1189,1.0,1.0,1,0,1,5
55,1190,1.0,1.0,1,0,1,5
55,1191,1.0,1.0,1,0,1,5
55,1192,1.0,1.0,1,0,1,5
55,1193,1.0,1.0,1,0,1,5
55,1194,1.0,1.0,1,0,1,5
55,1195,1.0,1.0,1,0,1,5
55,1196,1.0,1.0,1,0,1,5
55,1197,1.0,1.0,1,0,1,5
55,1198,1.0,1.0,1,0,1,5
55,1199,1.0,1.0,1,0,1,5
55,1200,1.0,1.0,1,0,1,5
55,1201,1.0,1.0,1,0,1,5
55,1202,1.0,1.0,1,0,1,5
55,1203,1.0,1.0,1,0,1,5
55,1204,1.0,1.0,1,0,1,5
55,1205,1.0,1.0,1,0,1,5
55,1206,1.0,1.0,1,0,1,5
55,1207,1.0,1.0,1,0,1,5
55,1208,1.0,1.0,1,0,1,5
55,1209,1.0,1.0,1,0,1,5
55,1210,1.0,1.0,1,0,1,5
55,1211,1.0,1.0,1,0,1,5
55,1212,1.0,1.0,1,0,1,5
55,1213,1.0,1.0,1,0,1,5
55,1214,1.0,1.0,1,0,1,5
55,1215,1.0,1.0,1,0,1,5
55,1216,1.0,1.0,1,0,1,5
55,1217,1.0,1.0,1,0,1,5
55,1218,1.0,1.0,1,0,1,5
55,1219,1.0,1.0,1,0,1,5
55,1220,1.0,1.0,1,0,1,5
55,1221,1.0,1.0,1,0,1,5
55,1222,1.0,1.0,1,0,1,5
55,1223,1.0,1.0,1,0,1,5
55,1224,1.0,1.0,1,0,1,5
55,1225,1.0,1.0,1,0,1,5
55,1226,1.0,1.0,1,0,1,5
55,1227,1.0,1.0,1,0,1,5
55,1228,1.0,1.0,1,0,1,5
55,1229,1.0,1.0,1,0,1,5
55,1230,1.0,1.0,1,0,1,5
55,1231,1.0,1.0,1,0,1,5
55,1232,1.0,1.0,1,0,1,5
55,1233,1.0,1.0,1,0,1,5
55,1234,1.0,1.0,1,0,1,5
55,1235,1.0,1.0,1,0,1,5
55,1236,1.0,1.0,1,0,1,5
55,1237,1.0,1.0,1,0,1,5
55,1238,1.0,1.0,1,0,1,5
55,1239,1.0,1.0,1,0,1,5
55,1240,1.0,1.0,1,0,1,5
55,1241,1.0,1.0,1,0,1,5
55,1242,1.0,1.0,1,0,1,5
55,1243,1.0,1.0,1,0,1,5
55,1244,1.0,1.0,1,0,1,5
55,1245,1.0,1.0,1,0,1,5
55,1246,1.0,1.0,1,0,1,5
55,1247,1.0,1.0,1,0,1,5
55,1248,1.0,1.0,1,0,1,5
55,1249,1.0,1.0,1,0,1,5
55,1250,1.0,1.0,1,0,1,5
55,1251,1.0,1.0,1,0,1,5
55,1252,1.0,1.0,1,0,1,5
55,1253,1.0,1.0,1,0,1,5
55,1254,1.0,1.0,1,0,1,5
55,1255,1.0,1.0,1,0,1,5
55,1256,1.0,1.0,1,0,1,5
55,1257,1.0,1.0,1,0,1,5
55,1258,1.0,1.0,1,0,1,5
55,1259,1.0,1.0,1,0,1,5
55,1260,1.0,1.0,1,0,1,5
55,1261,1.0,1.0,1,0,1,5
55,1262,1.0,1.0,1,0,1,5
55,1263,1.0,1.0,1,0,1,5
55,1264,1.0,1.0,1,0,1,5
55,1265,1.0,1.0,1,0,1,5
55,1266,1.0,1.0,1,0,1,5
55,1267,1.0,1.0,1,0,1,5
55,1268,1.0,1.0,1,0,1,5
55,1269,1.0,1.0,1,0,1,5
55,1270,1.0,1.0,1,0,1,5
55,1271,1.0,1.0,1,0,1,5
55,1272,1.0,1.0,1,0,1,5
55,1273,1.0,1.0,1,0,1,5
55,1274,1.0,1.0,1,0,1,5
55,1275,1.0,1.0,1,0,1,5
55,1276,1.0,1.0,1,0,1,5
55,1277,1.0,1.0,1,0,1,5
55,1278,1.0,1.0,1,0,1,5
55,1279,1.0,1.0,1,0,1,5
55,1280,1.0,1.0,1,0,1,5
55,1281,1.0,1.0,1,0,1,5
55,1282,1.0,1.0,1,0,1,5
55,1283,1.0,1.0,1,0,1,5
55,1284,1.0,1.0,1,0,1,5
55,1285,1.0,1.0,1,0,1,5
55,1286,1.0,1.0,1,0,1,5
55,1287,1.0,1.0,1,0,1,5
55,1288,1.0,1.0,1,0,1,5
55,1289,1.0,1.0,1,0,1,5
55,1290,1.0,1.0,1,0,1,5
55,1291,1.0,1.0,1,0,1,5
55,1292,1.0,1.0,1,0,1,5
55,1293,1.0,1.0,1,0,1,5
55,1294,1.0,1.0,1,0,1,5
55,1295,1.0,1.0,1,0,1,5
55,1296,1.0,1.0,1,0,1,5
55,1297,1.0,1.0,1,0,1,5
55,1298,1.0,1.0,1,0,1,5
55,1299,1.0,1.0,1,0,1,5
55,1300,1.0,1.0,1,0,1,5
55,1301,1.0,1.0,1,0,1,5
55,1302,1.0,1.0,1,0,1,5
55,1303,1.0,1.0,1,0,1,5
55,1304,1.0,1.0,1,0,1,5
55,1305,1.0,1.0,1,0,1,5
55,1306,1.0,1.0,1,0,1,5
55,1307,1.0,1.0,1,0,1,5
55,1308,1.0,1.0,1,0,1,5
55,1309,1.0,1.0,1,0,1,5
55,1310,1.0,1.0,1,0,1,5
55,1311,1.0,1.0,1,0,1,5
55,1312,1.0,1.0,1,0,1,5
55,1313,1.0,1.0,1,0,1,5
55,1314,1.0,1.0,1,0,1,5
55,1315,1.0,1.0,1,0,1,5
55,1316,1.0,1.0,1,0,1,5
55,1317,1.0,1.0,1,0,1,5
55,1318,1.0,1.0,1,0,1,5
55,1319,1.0,1.0,1,0,1,5
55,1320,1.0,1.0,1,0,1,5
55,1321,1.0,1.0,1,0,1,5
55,1322,1.0,1.0,1,0,1,5
55,1323,1.0,1.0,1,0,1,5
55,1324,1.0,1.0,1,0,1,5
55,1325,1.0,1.0,1,0,1,5
55,1326,1.0,1.0,1,0,1,5
55,1327,1.0,1.0,1,0,1,5
55,1328,1.0,1.0,1,0,1,5
55,1329,1.0,1.0,1,0,1,5
55,1330,1.0,1.0,1,0,1,5
55,1331,1.0,1.0,1,0,1,5
55,1332,1.0,1.0,1,0,1,5
55,1333,1.0,1.0,1,0,1,5
55,1334,1.0,1.0,1,0,1,5
55,1335,1.0,1.0,1,0,1,5
55,1336,1.0,1.0,1,0,1,5
55,1337,1.0,1.0,1,0,1,5
55,1338,1.0,1.0,1,0,1,5
55,1339,1.0,1.0,1,0,1,5
55,1340,1.0,1.0,1,0,1,5
55,1341,1.0,1.0,1,0,1,5
55,1342,1.0,1.0,1,0,1,5
55,1343,1.0,1.0,1,0,1,5
55,1344,1.0,1.0,1,0,1,5
55,1345,1.0,1.0,1,0,1,5
55,1346,1.0,1.0,1,0,1,5
55,1347,1.0,1.0,1,0,1,5
55,1348,1.0,1.0,1,0,1,5
55,1349,1.0,1.0,1,0,1,5
55,1350,1.0,1.0,1,0,1,5
55,1351,1.0,1.0,1,0,1,5
55,1352,1.0,1.0,1,0,1,5
55,1353,1.0,1.0,1,0,1,5
55,1354,1.0,1.0,1,0,1,5
55,1355,1.0,1.0,1,0,1,5
55,1356,1.0,1.0,1,0,1,5
55,1357,1.0,1.0,1,0,1,5
55,1358,1.0,1.0,1,0,1,5
55,1359,1.0,1.0,1,0,1,5
55,1360,1.0,1.0,1,0,1,5
55,1361,1.0,1.0,1,0,1,5
55,1362,1.0,1.0,1,0,1,5
55,1363,1.0,1.0,1,0,1,5
55,1364,1.0,1.0,1,0,1,5
55,1365,1.0,1.0,1,0,1,5
55,1366,1.0,1.0,1,0,1,5
55,1367,1.0,1.0,1,0,1,5
55,1368,1.0,1.0,1,0,1,5
55,1369,1.0,1.0,1,0,1,5
55,1370,1.0,1.0,1,0,1,5
55,1371,1.0,1.0,1,0,1,5
55,1372,1.0,1.0,1,0,1,5
55,1373,1.0,1.0,1,0,1,5
55,1374,1.0,1.0,1,0,1,5
55,1375,1.0,1.0,1,0,1,5
55,1376,1.0,1.0,1,0,1,5
55,1377,1.0,1.0,1,0,1,5
55,1378,1.0,1.0,1,0,1,5
55,1379,1.0,1.0,1,0,1,5
55,1380,1.0,1.0,1,0,1,5
55,1381,1.0,1.0,1,0,1,5
55,1382,1.0,1.0,1,0,1,5
55,1383,1.0,1.0,1,0,1,5
55,1384,1.0,1.0,1,0,1,5
55,1385,1.0,1.0,1,0,1,5
55,1386,1.0,1.0,1,0,1,5
55,1387,1.0,1.0,1,0,1,5
55,1388,1.0,1.0,1,0,1,5
55,1389,1.0,1.0,1,0,1,5
55,1390,1.0,1.0,1,0,1,5
55,1391,1.0,1.0,1,0,1,5
55,1392,1.0,1.0,1,0,1,5
55,1393,1.0,1.0,1,0,1,5
55,1394,1.0,1.0,1,0,1,5
55,1395,1.0,1.0,1,0,1,5
55,1396,1.0,1.0,1,0,1,5
55,1397,1.0,1.0,1,0,1,5
55,1398,1.0,1.0,1,0,1,5
55,1399,1.0,1.0,1,0,1,5
55,1400,1.0,1.0,1,0,1,5
55,1401,1.0,1.0,1,0,1,5
55,1402,1.0,1.0,1,0,1,5
55,1403,1.0,1.0,1,0,1,5
55,1404,1.0,1.0,1,0,1,5
55,1405,1.0,1.0,1,0,1,5
55,1406,1.0,1.0,1,0,1,5
55,1407,1.0,1.0,1,0,1,5
55,1408,1.0,1.0,1,0,1,5
55,1409,1.0,1.0,1,0,1,5
55,1410,1.0,1.0,1,0,1,5
55,1411,1.0,1.0,1,0,1,5
55,1412,1.0,1.0,1,0,1,5
55,1413,1.0,1.0,1,0,1,5
55,1414,1.0,1.0,1,0,1,5
55,1415,1.0,1.0,1,0,1,5
55,1416,1.0,1.0,1,0,1,5
55,1417,1.0,1.0,1,0,1,5
55,1418,1.0,1.0,1,0,1,5
55,1419,1.0,1.0,1,0,1,5
55,1420,1.0,1.0,1,0,1,5
55,1421,1.0,1.0,1,0,1,5
55,1422,1.0,1.0,1,0,1,5
55,1423,1.0,1.0,1,0,1,5
55,1424,1.0,1.0,1,0,1,5
55,1425,1.0,1.0,1,0,1,5
55,1426,1.0,1.0,1,0,1,5
55,1427,1.0,1.0,1,0,1,5
55,1428,1.0,1.0,1,0,1,5
55,1429,1.0,1.0,1,0,1,5
55,1430,1.0,1.0,1,0,1,5
55,1431,1.0,1.0,1,0,1,5
55,1432,1.0,1.0,1,0,1,5
55,1433,1.0,1.0,1,0,1,5
55,1434,1.0,1.0,1,0,1,5
55,1435,1.0,1.0,1,0,1,5
55,1436,1.0,1.0,1,0,1,5
55,1437,1.0,1.0,1,0,1,5
55,1438,1.0,1.0,1,0,1,5
55,1439,1.0,1.0,1,0,1,5
55,1440,1.0,1.0,1,0,1,5
55,1441,1.0,1.0,1,0,1,5
55,1442,1.0,1.0,1,0,1,5
55,1443,1.0,1.0,1,0,1,5
55,1444,1.0,1.0,1,0,1,5
55,1445,1.0,1.0,1,0,1,5
55,1446,1.0,1.0,1,0,1,5
55,1447,1.0,1.0,1,0,1,5
55,1448,1.0,1.0,1,0,1,5
55,1449,1.0,1.0,1,0,1,5
55,1450,1.0,1.0,1,0,1,5
55,1451,1.0,1.0,1,0,1,5
55,1452,1.0,1.0,1,0,1,5
55,1453,1.0,1.0,1,0,1,5
55,1454,1.0,1.0,1,0,1,5
55,1455,1.0,1.0,1,0,1,5
55,1456,1.0,1.0,1,0,1,5
55,1457,1.0,1.0,1,0,1,5
55,1458,1.0,1.0,1,0,1,5
55,1459,1.0,1.0,1,0,1,5
55,1460,1.0,1.0,1,0,1,5
55,1461,1.0,1.0,1,0,1,5
55,1462,1.0,1.0,1,0,1,5
55,1463,1.0,1.0,0,0,1,5
55,1464,1.0,1.0,0,0,1,5
55,1465,1.0,1.0,0,0,1,5
55,1466,1.0,0.0,0,0,1,5
55,1467,1.0,0.0,0,0,1,5
55,1468,1.0,0.0,0,0,1,5
55,1469,1.0,0.0,0,0,1,5
55,1470,1.0,0.0,0,0,1,5
55,1471,1.0,0.0,0,0,1,5
55,1472,1.0,0.0,0,0,1,5
55,1473,0.0,0.0,0,0,1,5
55,1474,0.0,0.0,0,0,1,5
55,1475,0.0,0.0,0,0,1,5
55,1476,0.0,0.0,0,0,1,5
55,1477,0.0,0.0,0,0,1,5
55,1478,0.0,0.0,0,0,1,5
55,1479,0.0,0.0,0,0,1,5
55,1480,0.0,0.0,0,0,1,5
55,1481,0.0,0.0,0,0,1,5
55,1482,0.0,0.0,0,0,1,5
55,1483,0.0,0.0,0,0,1,5
55,1484,0.0,0.0,0,0,1,5
55,1485,0.0,0.0,0,0,1,5
55,1486,0.0,0.0,0,0,1,5
55,1487,0.0,0.0,0,0,1,5
55,1488,0.0,0.0,0,0,1,5
55,1489,0.0,0.0,0,0,1,5
55,1490,0.0,0.0,0,0,1,5
55,1491,0.0,0.0,0,0,1,5
55,1492,0.0,0.0,0,0,1,5
55,1493,0.0,0.0,0,0,1,5
55,1494,0.0,0.0,0,0,1,5
55,1495,0.0,0.0,0,0,1,5
55,1496,0.0,0.0,0,0,1,5
55,1497,0.0,0.0,0,0,1,5
55,1498,0.0,0.0,0,0,1,5
55,1499,0.0,0.0,0,0,1,5
55,1500,0.0,0.0,0,0,1,5
55,1501,0.0,0.0,0,0,1,5
55,1502,0.0,0.0,0,0,1,5
55,1503,0.0,0.0,0,0,1,5
55,1504,0.0,0.0,0,0,1,5
55,1505,0.0,0.0,0,0,1,5
55,1506,0.0,0.0,0,0,1,5
55,1507,0.0,0.0,0,0,1,5
55,1508,0.0,0.0,0,0,1,5
55,1509,0.0,0.0,0,0,1,5
55,1510,0.0,0.0,0,0,1,5
55,1511,0.0,0.0,0,0,1,5
55,1512,0.0,0.0,0,0,1,5
55,1513,0.0,0.0,0,0,1,5
55,1514,0.0,0.0,0,0,1,5
55,1515,0.0,0.0,0,0,1,5
55,1516,0.0,0.0,0,0,1,5
55,1517,0.0,0.0,0,0,1,5
55,1518,0.0,0.0,0,0,1,5
55,1519,0.0,0.0,0,0,1,5
55,1520,0.0,0.0,0,0,1,5
55,1521,0.0,0.0,0,0,1,5
55,1522,0.0,0.0,0,0,1,5
55,1523,0.0,0.0,0,0,1,5
55,1524,0.0,0.0,0,0,1,5
55,1525,0.0,0.0,0,0,1,5
55,1526,0.0,0.0,0,0,1,5
55,1527,0.0,0.0,0,0,1,5
55,1528,0.0,0.0,0,0,1,5
55,1529,0.0,0.0,0,0,1,5
55,1530,0.0,0.0,0,0,1,5
55,1531,0.0,0.0,0,0,1,5
55,1532,0.0,0.0,0,0,1,5
55,1533,0.0,0.0,0,0,1,5
55,1534,0.0,0.0,0,0,1,5
55,1535,0.0,0.0,0,0,1,5
55,1536,0.0,0.0,0,0,1,5
55,1537,0.0,0.0,0,0,1,5
55,1538,0.0,0.0,0,0,1,5
55,1539,0.0,0.0,0,0,1,5
55,1540,0.0,0.0,0,0,1,5
55,1541,0.0,0.0,0,0,1,5
55,1542,0.0,0.0,0,0,1,5
55,1543,0.0,0.0,0,0,1,5
55,1544,0.0,0.0,0,0,1,5
55,1545,0.0,0.0,0,0,0,5
55,1546,0.0,0.0,0,0,0,5
55,1547,0.0,0.0,0,0,0,5
55,1548,0.0,0.0,0,0,0,5
55,1549,0.0,0.0,0,0,0,5
55,1550,0.0,0.0,0,0,0,5
55,1551,0.0,0.0,0,0,0,5
55,1552,0.0,0.0,0,0,0,5
55,1553,0.0,0.0,0,0,0,5
55,1554,0.0,0.0,0,0,0,5
55,1555,0.0,0.0,0,0,0,5
55,1556,0.0,0.0,0,0,0,5
55,1557,0.0,0.0,0,0,0,5
55,1558,0.0,0.0,0,0,0,5
55,1559,0.0,0.0,0,0,0,5
55,1560,0.0,0.0,0,0,0,5
55,1561,0.0,0.0,0,0,0,5
55,1562,0.0,0.0,0,0,0,5
55,1563,0.0,0.0,0,0,0,5
55,1564,0.0,0.0,0,0,0,5
55,1565,0.0,0.0,0,0,0,5
55,1566,0.0,0.0,0,0,0,5
55,1567,0.0,0.0,0,0,0,5
55,1568,0.0,0.0,0,0,0,5
55,1569,0.0,0.0,0,0,0,5
55,1570,0.0,0.0,0,0,0,5
55,1571,0.0,0.0,0,0,0,5
55,1572,0.0,0.0,0,0,0,5
55,1573,0.0,0.0,0,0,0,5
55,1574,0.0,0.0,0,0,0,5
55,1575,0.0,0.0,0,0,0,5
55,1576,0.0,0.0,0,0,0,5
55,1577,0.0,0.0,0,0,0,5
55,1578,0.0,0.0,0,0,0,5
55,1579,0.0,0.0,0,0,0,5
55,1580,0.0,0.0,0,0,0,5
55,1581,0.0,0.0,0,0,0,5
55,1582,0.0,0.0,0,0,0,5
55,1583,0.0,0.0,0,0,0,5
55,1584,0.0,0.0,0,0,0,5
55,1585,0.0,0.0,0,0,0,5
55,1586,0.0,0.0,0,0,0,5
55,1587,0.0,0.0,0,0,0,5
55,1588,0.0,0.0,0,0,0,5
55,1589,0.0,0.0,0,0,0,5
55,1590,0.0,0.0,0,0,0,5
55,1591,0.0,0.0,0,0,0,5
55,1592,0.0,0.0,0,0,0,5
55,1593,0.0,0.0,0,0,0,5
55,1594,0.0,0.0,0,0,0,5
55,1595,0.0,0.0,0,0,0,5
55,1596,0.0,0.0,0,0,0,5
55,1597,0.0,0.0,0,0,0,5
55,1598,0.0,0.0,0,0,0,5
55,1599,0.0,0.0,0,0,0,5
55,1600,0.0,0.0,0,0,0,5
55,1601,0.0,0.0,0,0,0,5
55,1602,0.0,0.0,0,0,0,5
55,1603,0.0,0.0,0,0,0,5
55,1604,0.0,0.0,0,0,0,5
55,1605,0.0,0.0,0,0,0,5
55,1606,0.0,0.0,0,0,0,5
55,1607,0.0,0.0,0,0,0,5
55,1608,0.0,0.0,0,0,0,5
55,1609,0.0,0.0,0,0,0,5
55,1610,0.0,0.0,0,0,0,5
55,1611,0.0,0.0,0,0,0,5
55,1612,0.0,0.0,0,0,0,5
55,1613,0.0,0.0,0,0,0,5
55,1614,0.0,0.0,0,0,0,5
55,1615,0.0,0.0,0,0,0,5
55,1616,0.0,0.0,0,0,0,5
55,1617,0.0,0.0,0,0,0,5
55,1618,0.0,0.0,0,0,0,5
55,1619,0.0,0.0,0,0,0,5
55,1620,0.0,0.0,0,0,0,5
55,1621,0.0,0.0,0,0,0,5
55,1622,0.0,0.0,0,0,0,5
55,1623,0.0,0.0,0,0,0,5
55,1624,0.0,0.0,0,0,0,5
55,1625,0.0,0.0,0,0,0,5
55,1626,0.0,0.0,0,0,0,5
55,1627,0.0,0.0,0,0,0,5
55,1628,0.0,0.0,0,0,0,5
55,1629,0.0,0.0,0,0,0,5
55,1630,0.0,0.0,0,0,0,5
55,1631,0.0,0.0,0,0,0,5
55,1632,0.0,0.0,0,0,0,5
55,1633,0.0,0.0,0,0,0,5
55,1634,0.0,0.0,0,0,0,5
55,1635,0.0,0.0,0,0,0,5
55,1636,0.0,0.0,0,0,0,5
55,1637,0.0,0.0,0,0,0,5
55,1638,0.0,0.0,0,0,0,5
55,1639,0.0,0.0,0,0,0,5
55,1640,0.0,0.0,0,0,0,5
55,1641,0.0,0.0,0,0,0,5
55,1642,0.0,0.0,0,0,0,5
55,1643,0.0,0.0,0,0,0,5
55,1644,0.0,0.0,0,0,0,5
55,1645,0.0,0.0,0,0,0,5
55,1646,0.0,0.0,0,0,0,5
55,1647,0.0,0.0,0,0,0,5
55,1648,0.0,0.0,0,0,0,5
55,1649,0.0,0.0,0,0,0,5
55,1650,0.0,0.0,0,0,0,5
55,1651,0.0,0.0,0,0,0,5
55,1652,0.0,1.0,0,0,0,5
55,1653,0.0,1.0,0,0,0,5
55,1654,0.0,1.0,0,0,0,5
55,1655,0.0,1.0,0,0,0,5
55,1656,0.0,1.0,0,0,0,5
55,1657,0.0,1.0,0,0,0,5
55,1658,0.0,1.0,0,0,0,5
55,1659,1.0,1.0,0,0,0,5
55,1660,1.0,1.0,0,0,0,5
55,1661,1.0,1.0,0,0,0,5
55,1662,1.0,1.0,0,0,0,5
55,1663,1.0,1.0,0,0,0,5
55,1664,1.0,1.0,0,0,0,5
55,1665,1.0,1.0,0,0,0,5
55,1666,1.0,1.0,0,0,0,5
55,1667,1.0,1.0,0,0,0,5
55,1668,1.0,1.0,0,0,0,5
55,1669,1.0,1.0,0,0,0,5
55,1670,1.0,1.0,0,0,0,5
55,1671,1.0,1.0,0,0,0,5
55,1672,1.0,1.0,0,0,0,5
55,1673,1.0,1.0,0,0,0,5
55,1674,1.0,1.0,0,0,0,5
55,1675,1.0,1.0,0,0,0,5
55,1676,1.0,1.0,0,0,0,5
55,1677,1.0,1.0,0,0,0,5
55,1678,1.0,1.0,0,0,0,5
55,1679,1.0,1.0,0,0,0,5
55,1680,1.0,1.0,0,0,0,5
55,1681,1.0,1.0,0,0,0,5
55,1682,1.0,1.0,0,0,0,5
55,1683,1.0,1.0,0,0,0,5
55,1684,1.0,1.0,0,0,0,5
55,1685,1.0,1.0,0,0,0,5
55,1686,1.0,1.0,0,0,0,5
55,1687,1.0,1.0,0,0,0,5
55,1688,1.0,1.0,0,0,0,5
55,1689,1.0,1.0,0,0,0,5
55,1690,1.0,1.0,0,0,0,5
55,1691,1.0,1.0,0,0,0,5
55,1692,1.0,1.0,0,0,0,5
55,1693,1.0,1.0,0,0,0,5
55,1694,1.0,1.0,0,0,0,5
55,1695,1.0,1.0,0,0,0,5
55,1696,1.0,1.0,0,0,0,5
55,1697,1.0,1.0,0,0,0,5
55,1698,1.0,1.0,0,0,0,5
55,1699,1.0,1.0,0,0,0,5
55,1700,1.0,1.0,0,0,0,5
55,1701,1.0,1.0,0,0,0,5
55,1702,1.0,1.0,0,0,0,5
55,1703,1.0,1.0,0,0,0,5
55,1704,1.0,1.0,0,0,0,5
55,1705,1.0,1.0,0,0,0,5
55,1706,1.0,1.0,0,0,0,5
55,1707,1.0,1.0,0,0,0,5
55,1708,1.0,1.0,0,0,0,5
55,1709,1.0,1.0,0,0,0,5
55,1710,1.0,1.0,0,0,0,5
55,1711,1.0,1.0,0,0,0,5
55,1712,1.0,1.0,0,0,0,5
55,1713,1.0,1.0,0,0,0,5
55,1714,1.0,1.0,0,0,0,5
55,1715,1.0,1.0,0,0,0,5
55,1716,1.0,1.0,0,0,0,5
55,1717,1.0,1.0,0,0,0,5
55,1718,1.0,1.0,0,0,0,5
55,1719,1.0,1.0,0,0,0,5
55,1720,1.0,1.0,0,0,0,5
55,1721,1.0,1.0,0,0,0,5
55,1722,1.0,1.0,0,0,0,5
55,1723,1.0,1.0,0,0,0,5
55,1724,1.0,1.0,0,0,0,5
55,1725,1.0,1.0,0,0,0,5
55,1726,1.0,1.0,0,0,0,5
55,1727,1.0,1.0,0,0,0,5
55,1728,1.0,1.0,0,0,0,5
55,1729,1.0,1.0,0,0,0,5
55,1730,1.0,1.0,0,0,0,5
55,1731,1.0,1.0,0,0,0,5
55,1732,1.0,1.0,0,0,0,5
55,1733,1.0,1.0,0,0,0,5
55,1734,1.0,1.0,0,0,0,5
55,1735,1.0,1.0,0,0,0,5
55,1736,1.0,1.0,0,0,0,5
55,1737,1.0,1.0,0,0,0,5
55,1738,1.0,1.0,0,0,0,5
55,1739,1.0,1.0,0,0,0,5
55,1740,1.0,1.0,0,0,0,5
55,1741,1.0,1.0,0,0,0,5
55,1742,1.0,1.0,0,0,0,5
55,1743,1.0,1.0,0,0,0,5
55,1744,1.0,1.0,0,0,0,5
55,1745,1.0,1.0,0,0,0,5
55,1746,1.0,1.0,0,0,0,5
55,1747,1.0,1.0,0,0,0,5
55,1748,1.0,1.0,0,0,0,5
55,1749,1.0,1.0,0,0,0,5
55,1750,1.0,1.0,0,0,0,5
55,1751,1.0,1.0,0,0,0,5
55,1752,1.0,1.0,0,0,0,5
55,1753,1.0,1.0,0,0,0,5
55,1754,1.0,1.0,0,0,0,5
55,1755,1.0,1.0,0,0,0,5
55,1756,1.0,1.0,0,0,0,5
55,1757,1.0,1.0,0,0,0,5
55,1758,1.0,1.0,0,0,0,5
55,1759,1.0,1.0,0,0,0,5
55,1760,1.0,1.0,0,0,0,5
55,1761,1.0,1.0,0,0,0,5
55,1762,1.0,1.0,0,0,0,5
55,1763,1.0,1.0,0,0,0,5
55,1764,1.0,1.0,0,0,0,5
55,1765,1.0,1.0,0,0,0,5
55,1766,1.0,1.0,0,0,0,5
55,1767,1.0,1.0,0,0,0,5
55,1768,1.0,1.0,0,0,0,5
55,1769,1.0,1.0,0,0,0,5
55,1770,1.0,1.0,0,0,0,5
55,1771,1.0,1.0,0,0,0,5
55,1772,1.0,1.0,0,0,0,5
55,1773,1.0,1.0,0,0,0,5
55,1774,1.0,1.0,0,0,0,5
55,1775,1.0,1.0,0,0,0,5
55,1776,1.0,1.0,0,0,0,5
55,1777,1.0,1.0,0,0,0,5
55,1778,1.0,1.0,0,0,0,5
55,1779,1.0,1.0,0,0,0,5
55,1780,1.0,1.0,0,0,0,5
55,1781,1.0,1.0,0,0,0,5
55,1782,1.0,1.0,0,0,0,5
55,1783,1.0,1.0,0,0,0,5
55,1784,1.0,1.0,0,0,0,5
55,1785,1.0,1.0,0,0,0,5
55,1786,1.0,1.0,0,0,0,5
55,1787,1.0,1.0,0,0,0,5
55,1788,1.0,1.0,0,0,0,5
55,1789,1.0,1.0,0,0,0,5
55,1790,1.0,1.0,0,0,0,5
55,1791,1.0,1.0,0,0,0,5
55,1792,1.0,1.0,0,0,0,5
55,1793,1.0,1.0,0,0,0,5
55,1794,1.0,1.0,0,0,0,5
55,1795,1.0,1.0,0,0,0,5
55,1796,1.0,1.0,0,0,0,5
55,1797,1.0,1.0,0,0,0,5
55,1798,1.0,1.0,0,0,0,5
55,1799,1.0,1.0,0,0,0,5
55,1800,1.0,0.0,0,0,0,5
55,1801,1.0,0.0,0,0,0,5
55,1802,1.0,0.0,0,0,0,5
55,1803,1.0,0.0,0,0,0,5
55,1804,1.0,0.0,0,0,0,5
55,1805,1.0,0.0,0,0,0,5
55,1806,1.0,0.0,0,0,0,5
55,1807,0.0,0.0,0,0,0,5
55,1808,0.0,0.0,0,0,0,5
55,1809,0.0,0.0,0,0,0,5
55,1810,0.0,0.0,0,0,0,5
55,1811,0.0,0.0,0,0,0,5
55,1812,0.0,0.0,0,0,0,5
55,1813,0.0,0.0,0,0,0,5
55,1814,0.0,0.0,0,0,0,5
55,1815,0.0,0.0,0,0,0,5
55,1816,0.0,0.0,0,0,0,5
55,1817,0.0,0.0,0,0,0,5
55,1818,0.0,0.0,0,0,0,5
55,1819,0.0,0.0,0,0,0,5
55,1820,0.0,0.0,0,0,0,5
55,1821,0.0,0.0,0,0,0,5
55,1822,0.0,0.0,0,0,0,5
55,1823,0.0,0.0,0,0,0,5
55,1824,0.0,0.0,0,0,0,5
55,1825,0.0,0.0,0,0,0,5
55,1826,0.0,0.0,0,0,0,5
55,1827,0.0,0.0,0,0,0,5
55,1828,0.0,0.0,0,0,0,5
55,1829,0.0,0.0,0,0,0,5
55,1830,0.0,0.0,0,0,0,5
55,1831,0.0,0.0,0,0,0,5
55,1832,0.0,0.0,0,0,0,5
55,1833,0.0,0.0,0,0,0,5
55,1834,0.0,0.0,0,0,0,5
55,1835,0.0,0.0,0,0,0,5
55,1836,0.0,0.0,0,0,0,5
55,1837,0.0,0.0,0,0,0,5
55,1838,0.0,0.0,0,0,0,5
55,1839,0.0,0.0,0,0,0,5
55,1840,0.0,0.0,0,0,0,5
55,1841,0.0,0.0,0,0,0,5
55,1842,0.0,0.0,0,0,0,5
55,1843,0.0,0.0,0,0,0,5
55,1844,0.0,0.0,0,0,0,5
55,1845,0.0,0.0,0,0,0,5
55,1846,0.0,0.0,0,0,0,5
55,1847,0.0,0.0,0,0,0,5
55,1848,0.0,0.0,0,0,0,5
55,1849,0.0,0.0,0,0,0,5
55,1850,0.0,0.0,0,0,0,5
55,1851,0.0,0.0,0,0,0,5
55,1852,0.0,0.0,0,0,0,5
55,1853,0.0,0.0,0,0,0,5
55,1854,0.0,0.0,0,0,0,5
55,1855,0.0,0.0,0,0,0,5
55,1856,0.0,0.0,0,0,0,5
55,1857,0.0,0.0,0,0,0,5
55,1858,0.0,0.0,0,0,0,5
55,1859,0.0,0.0,0,0,0,5
55,1860,0.0,0.0,0,0,0,5
55,1861,0.0,0.0,0,0,0,5
55,1862,0.0,0.0,0,0,0,5
55,1863,0.0,0.0,0,0,0,5
55,1864,0.0,0.0,0,0,0,5
55,1865,0.0,0.0,0,0,0,5
55,1866,0.0,0.0,0,0,0,5
55,1867,0.0,0.0,0,0,0,5
55,1868,0.0,0.0,0,0,0,5
55,1869,0.0,0.0,0,0,0,5
55,1870,0.0,0.0,0,0,0,5
55,1871,0.0,0.0,0,0,0,5
55,1872,0.0,0.0,0,0,0,5
55,1873,0.0,0.0,0,0,0,5
55,1874,0.0,0.0,0,0,0,5
55,1875,0.0,0.0,0,0,0,5
55,1876,0.0,0.0,0,0,0,5
55,1877,0.0,0.0,0,0,0,5
55,1878,0.0,0.0,0,0,0,5
55,1879,0.0,0.0,0,0,0,5
55,1880,0.0,0.0,0,0,0,5
55,1881,0.0,0.0,0,0,0,5
55,1882,0.0,0.0,0,0,0,5
55,1883,0.0,0.0,0,0,0,5
55,1884,0.0,0.0,0,0,0,5
55,1885,0.0,0.0,0,0,0,5
55,1886,0.0,0.0,0,0,0,5
55,1887,0.0,0.0,0,0,0,5
55,1888,0.0,0.0,0,0,0,5
55,1889,0.0,0.0,0,0,0,5
55,1890,0.0,0.0,0,0,0,5
55,1891,0.0,0.0,0,0,0,5
55,1892,0.0,0.0,0,0,0,5
55,1893,0.0,0.0,0,0,0,5
55,1894,0.0,0.0,0,0,0,5
55,1895,0.0,0.0,0,0,0,5
55,1896,0.0,0.0,0,0,0,5
55,1897,0.0,0.0,0,0,0,5
55,1898,0.0,0.0,0,0,0,5
55,1899,0.0,0.0,0,0,0,5
55,1900,0.0,0.0,0,0,0,5
55,1901,0.0,0.0,0,0,0,5
55,1902,0.0,0.0,0,0,0,5
55,1903,0.0,0.0,0,0,0,5
55,1904,0.0,0.0,0,0,0,5
55,1905,0.0,0.0,0,0,0,5
55,1906,0.0,0.0,0,0,0,5
55,1907,0.0,0.0,0,0,0,5
55,1908,0.0,0.0,0,0,0,5
55,1909,0.0,0.0,0,0,0,5
55,1910,0.0,0.0,0,0,0,5
55,1911,0.0,0.0,0,0,0,5
55,1912,0.0,0.0,0,0,0,5
55,1913,0.0,0.0,0,0,0,5
55,1914,0.0,0.0,0,0,0,5
55,1915,0.0,0.0,0,0,0,5
55,1916,0.0,0.0,0,0,0,5
55,1917,0.0,0.0,0,0,0,5
55,1918,0.0,0.0,0,0,0,5
55,1919,0.0,0.0,0,0,0,5
55,1920,0.0,0.0,0,0,0,5
55,1921,0.0,0.0,0,0,0,5
55,1922,0.0,0.0,0,0,0,5
55,1923,0.0,0.0,0,0,0,5
55,1924,0.0,0.0,0,0,0,5
55,1925,0.0,0.0,0,0,0,5
55,1926,0.0,0.0,0,0,0,5
55,1927,0.0,0.0,0,0,0,5
55,1928,0.0,0.0,0,0,0,5
55,1929,0.0,0.0,0,0,0,5
55,1930,0.0,0.0,0,0,0,5
55,1931,0.0,0.0,0,0,0,5
55,1932,0.0,0.0,0,0,0,5
55,1933,0.0,0.0,0,0,0,5
55,1934,0.0,0.0,0,0,0,5
55,1935,0.0,0.0,0,0,0,5
55,1936,0.0,0.0,0,0,0,5
55,1937,0.0,0.0,0,0,0,5
55,1938,0.0,0.0,0,0,0,5
55,1939,0.0,0.0,0,0,0,5
55,1940,0.0,0.0,0,0,0,5
55,1941,0.0,0.0,0,0,0,5
55,1942,0.0,0.0,0,0,0,5
55,1943,0.0,0.0,0,0,0,5
55,1944,0.0,0.0,0,0,0,5
55,1945,0.0,0.0,0,0,0,5
55,1946,0.0,0.0,0,0,0,5
55,1947,0.0,0.0,0,0,0,5
55,1948,0.0,0.0,0,0,0,5
55,1949,0.0,0.0,0,0,0,5
55,1950,0.0,0.0,0,0,0,5
55,1951,0.0,0.0,0,0,0,5
55,1952,0.0,0.0,0,0,0,5
55,1953,0.0,0.0,0,0,0,5
55,1954,0.0,0.0,0,0,0,5
55,1955,0.0,0.0,0,0,0,5
55,1956,0.0,0.0,0,0,0,5
55,1957,0.0,0.0,0,0,0,5
55,1958,0.0,0.0,0,0,0,5
55,1959,0.0,0.0,0,0,0,5
55,1960,0.0,0.0,0,0,0,5
55,1961,0.0,0.0,0,0,0,5
55,1962,0.0,0.0,0,0,0,5
55,1963,0.0,0.0,0,0,0,5
55,1964,0.0,0.0,0,0,0,5
55,1965,0.0,0.0,0,0,0,5
55,1966,0.0,0.0,0,0,0,5
55,1967,0.0,0.0,0,0,0,5
55,1968,0.0,0.0,0,0,0,5
55,1969,0.0,0.0,0,0,0,5
55,1970,0.0,0.0,0,0,0,5
55,1971,0.0,0.0,0,0,0,5
55,1972,0.0,0.0,0,0,0,5
55,1973,0.0,0.0,0,0,0,5
55,1974,0.0,0.0,0,0,0,5
55,1975,0.0,0.0,0,0,0,5
55,1976,0.0,0.0,0,0,0,5
55,1977,0.0,0.0,0,0,0,5
55,1978,0.0,0.0,0,0,0,5
55,1979,0.0,0.0,0,0,0,5
55,1980,0.0,0.0,0,0,0,5
55,1981,0.0,0.0,0,0,0,5
55,1982,0.0,0.0,0,0,0,5
55,1983,0.0,0.0,0,0,0,5
55,1984,0.0,0.0,0,0,0,5
55,1985,0.0,0.0,0,0,0,5
55,1986,0.0,0.0,0,0,0,5
55,1987,0.0,0.0,0,0,0,5
55,1988,0.0,0.0,0,0,0,5
55,1989,0.0,0.0,0,0,0,5
55,1990,0.0,0.0,0,0,0,5
55,1991,0.0,0.0,0,0,0,5
55,1992,0.0,0.0,0,0,0,5
55,1993,0.0,0.0,0,0,0,5
55,1994,0.0,0.0,0,0,0,5
55,1995,0.0,0.0,0,0,0,5
55,1996,0.0,0.0,0,0,0,5
55,1997,0.0,0.0,0,0,0,5
55,1998,0.0,0.0,0,0,0,5
55,1999,0.0,0.0,0,0,0,5
56,0,0.0,0.0,0,0,0,5
56,1,0.0,0.0,0,0,0,5
56,2,0.0,0.0,0,0,0,5
56,3,0.0,0.0,0,0,0,5
56,4,0.0,0.0,0,0,0,5
56,5,0.0,0.0,0,0,0,5
56,6,0.0,0.0,0,0,0,5
56,7,0.0,0.0,0,0,0,5
56,8,0.0,0.0,0,0,0,5
56,9,0.0,0.0,0,0,0,5
56,10,0.0,0.0,0,0,0,5
56,11,0.0,0.0,0,0,0,5
56,12,0.0,0.0,0,0,0,5
56,13,0.0,0.0,0,0,0,5
56,14,0.0,0.0,0,0,0,5
56,15,0.0,0.0,0,0,0,5
56,16,0.0,0.0,0,0,0,5
56,17,0.0,0.0,0,0,0,5
56,18,0.0,0.0,0,0,0,5
56,19,0.0,0.0,0,0,0,5
56,20,0.0,0.0,0,0,0,5
56,21,0.0,0.0,0,0,0,5
56,22,0.0,0.0,0,0,0,5
56,23,0.0,0.0,0,0,0,5
56,24,0.0,0.0,0,0,0,5
56,25,0.0,0.0,0,0,0,5
56,26,0.0,0.0,0,0,0,5
56,27,0.0,0.0,0,0,0,5
56,28,0.0,0.0,0,0,0,5
56,29,0.0,0.0,0,0,0,5
56,30,0.0,0.0,0,0,0,5
56,31,0.0,0.0,0,0,0,5
56,32,0.0,0.0,0,0,0,5
56,33,0.0,0.0,0,0,0,5
56,34,0.0,0.0,0,0,0,5
56,35,0.0,0.0,0,0,0,5
56,36,0.0,0.0,0,0,0,5
56,37,0.0,0.0,0,0,0,5
56,38,0.0,0.0,0,0,0,5
56,39,0.0,0.0,0,0,0,5
56,40,0.0,0.0,0,0,0,5
56,41,0.0,0.0,0,0,0,5
56,42,0.0,0.0,0,0,0,5
56,43,0.0,0.0,0,0,0,5
56,44,0.0,0.0,0,0,0,5
56,45,0.0,0.0,0,0,0,5
56,46,0.0,0.0,0,0,0,5
56,47,0.0,0.0,0,0,0,5
56,48,0.0,0.0,0,0,0,5
56,49,0.0,0.0,0,0,0,5
56,50,0.0,0.0,0,0,0,5
56,51,0.0,0.0,0,0,0,5
56,52,0.0,0.0,0,0,0,5
56,53,0.0,0.0,0,0,0,5
56,54,0.0,0.0,0,0,0,5
56,55,0.0,0.0,0,0,0,5
56,56,0.0,0.0,0,0,0,5
56,57,0.0,0.0,0,0,0,5
56,58,0.0,0.0,0,0,0,5
56,59,0.0,0.0,0,0,0,5
56,60,0.0,0.0,0,0,0,5
56,61,0.0,0.0,0,0,0,5
56,62,0.0,0.0,0,0,0,5
56,63,0.0,0.0,0,0,0,5
56,64,0.0,0.0,0,0,0,5
56,65,0.0,0.0,0,0,0,5
56,66,0.0,0.0,0,0,0,5
56,67,0.0,0.0,0,0,0,5
56,68,0.0,0.0,0,0,0,5
56,69,0.0,0.0,0,0,0,5
56,70,0.0,0.0,0,0,0,5
56,71,0.0,0.0,0,0,0,5
56,72,0.0,0.0,0,0,0,5
56,73,0.0,0.0,0,0,0,5
56,74,0.0,0.0,0,0,0,5
56,75,0.0,0.0,0,0,0,5
56,76,0.0,0.0,0,0,0,5
56,77,0.0,0.0,0,0,0,5
56,78,0.0,0.0,0,0,0,5
56,79,0.0,0.0,0,0,0,5
56,80,0.0,0.0,0,0,0,5
56,81,0.0,0.0,0,0,0,5
56,82,0.0,0.0,0,0,0,5
56,83,0.0,0.0,0,0,0,5
56,84,0.0,0.0,0,0,0,5
56,85,0.0,0.0,0,0,0,5
56,86,0.0,0.0,0,0,0,5
56,87,0.0,0.0,0,0,0,5
56,88,0.0,0.0,0,0,0,5
56,89,0.0,0.0,0,0,0,5
56,90,0.0,0.0,0,0,0,5
56,91,0.0,0.0,0,0,0,5
56,92,0.0,0.0,0,0,0,5
56,93,0.0,0.0,0,0,0,5
56,94,0.0,0.0,0,0,0,5
56,95,0.0,0.0,0,0,0,5
56,96,0.0,0.0,0,0,0,5
56,97,0.0,0.0,0,0,0,5
56,98,0.0,0.0,0,0,0,5
56,99,0.0,0.0,0,0,0,5
56,100,0.0,0.0,0,0,0,5
56,101,0.0,0.0,0,0,0,5
56,102,0.0,0.0,0,0,0,5
56,103,0.0,0.0,0,0,0,5
56,104,0.0,0.0,0,0,0,5
56,105,0.0,0.0,0,0,0,5
56,106,0.0,0.0,0,0,0,5
56,107,0.0,0.0,0,0,0,5
56,108,0.0,0.0,0,0,0,5
56,109,0.0,0.0,0,0,0,5
56,110,0.0,0.0,0,0,0,5
56,111,0.0,0.0,0,0,0,5
56,112,0.0,0.0,0,0,0,5
56,113,0.0,0.0,0,0,0,5
56,114,0.0,0.0,0,0,0,5
56,115,0.0,0.0,0,0,0,5
56,116,0.0,0.0,0,0,0,5
56,117,0.0,0.0,0,0,0,5
56,118,0.0,0.0,0,0,0,5
56,119,0.0,0.0,0,0,0,5
56,120,0.0,0.0,0,0,0,5
56,121,0.0,0.0,0,0,0,5
56,122,0.0,0.0,0,0,0,5
56,123,0.0,1.0,0,0,0,5
56,124,0.0,1.0,0,0,0,5
56,125,0.0,1.0,0,0,0,5
56,126,0.0,1.0,0,0,0,5
56,127,0.0,1.0,0,0,0,5
56,128,0.0,1.0,0,0,0,5
56,129,0.0,1.0,0,0,0,5
56,130,1.0,1.0,0,0,0,5
56,131,1.0,1.0,0,0,0,5
56,132,1.0,1.0,0,0,0,5
56,133,1.0,1.0,0,0,0,5
56,134,1.0,1.0,0,0,0,5
56,135,1.0,1.0,0,0,0,5
56,136,1.0,1.0,0,0,0,5
56,137,1.0,1.0,0,0,0,5
56,138,1.0,1.0,0,0,0,5
56,139,1.0,1.0,0,0,0,5
56,140,1.0,1.0,0,0,0,5
56,141,1.0,1.0,0,0,0,5
56,142,1.0,1.0,0,0,0,5
56,143,1.0,1.0,0,0,0,5
56,144,1.0,1.0,0,0,0,5
56,145,1.0,1.0,0,0,0,5
56,146,1.0,1.0,0,0,0,5
56,147,1.0,1.0,0,0,0,5
56,148,1.0,1.0,0,0,0,5
56,149,1.0,1.0,0,0,0,5
56,150,1.0,1.0,0,0,0,5
56,151,1.0,1.0,0,0,0,5
56,152,1.0,1.0,0,0,0,5
56,153,1.0,1.0,0,0,0,5
56,154,1.0,1.0,0,0,0,5
56,155,1.0,1.0,0,0,0,5
56,156,1.0,1.0,0,0,0,5
56,157,1.0,1.0,0,0,0,5
56,158,1.0,1.0,0,0,0,5
56,159,1.0,1.0,0,0,0,5
56,160,1.0,1.0,0,0,0,5
56,161,1.0,1.0,0,0,0,5
56,162,1.0,1.0,0,0,0,5
56,163,1.0,1.0,0,0,0,5
56,164,1.0,1.0,0,0,0,5
56,165,1.0,1.0,0,0,0,5
56,166,1.0,1.0,0,0,0,5
56,167,1.0,1.0,0,0,0,5
56,168,1.0,1.0,0,0,0,5
56,169,1.0,1.0,0,0,0,5
56,170,1.0,1.0,0,0,0,5
56,171,1.0,1.0,0,0,0,5
56,172,1.0,1.0,0,0,0,5
56,173,1.0,1.0,0,0,0,5
56,174,1.0,1.0,0,0,0,5
56,175,1.0,1.0,0,0,0,5
56,176,1.0,1.0,0,0,0,5
56,177,1.0,1.0,0,0,0,5
56,178,1.0,1.0,0,0,0,5
56,179,1.0,1.0,0,0,0,5
56,180,1.0,1.0,0,0,0,5
56,181,1.0,1.0,0,0,0,5
56,182,1.0,1.0,0,0,0,5
56,183,1.0,1.0,0,0,0,5
56,184,1.0,1.0,0,0,0,5
56,185,1.0,1.0,0,0,0,5
56,186,1.0,1.0,0,0,0,5
56,187,1.0,1.0,0,0,0,5
56,188,1.0,1.0,0,0,0,5
56,189,1.0,1.0,0,0,0,5
56,190,1.0,1.0,0,0,0,5
56,191,1.0,1.0,0,0,0,5
56,192,1.0,1.0,0,0,0,5
56,193,1.0,1.0,0,0,0,5
56,194,1.0,1.0,0,0,0,5
56,195,1.0,1.0,0,0,0,5
56,196,1.0,1.0,0,0,0,5
56,197,1.0,1.0,0,0,0,5
56,198,1.0,1.0,0,0,0,5
56,199,1.0,1.0,0,0,0,5
56,200,1.0,1.0,0,0,0,5
56,201,1.0,1.0,0,0,0,5
56,202,1.0,1.0,0,0,0,5
56,203,1.0,1.0,0,0,0,5
56,204,1.0,1.0,0,0,0,5
56,205,1.0,1.0,0,0,0,5
56,206,1.0,1.0,0,0,0,5
56,207,1.0,1.0,0,0,0,5
56,208,1.0,1.0,0,0,0,5
56,209,1.0,1.0,0,0,0,5
56,210,1.0,1.0,0,0,0,5
56,211,1.0,1.0,0,0,0,5
56,212,1.0,1.0,0,0,0,5
56,213,1.0,1.0,0,0,0,5
56,214,1.0,1.0,0,0,0,5
56,215,1.0,1.0,0,0,0,5
56,216,1.0,1.0,0,0,0,5
56,217,1.0,1.0,0,0,0,5
56,218,1.0,1.0,0,0,0,5
56,219,1.0,1.0,0,0,0,5
56,220,1.0,1.0,0,0,0,5
56,221,1.0,1.0,0,0,0,5
56,222,1.0,1.0,0,0,0,5
56,223,1.0,1.0,0,0,0,5
56,224,1.0,1.0,0,0,0,5
56,225,1.0,1.0,0,0,0,5
56,226,1.0,1.0,0,0,0,5
56,227,1.0,1.0,0,0,0,5
56,228,1.0,1.0,0,0,0,5
56,229,1.0,1.0,0,0,0,5
56,230,1.0,1.0,0,0,0,5
56,231,1.0,1.0,0,0,0,5
56,232,1.0,1.0,0,0,0,5
56,233,1.0,1.0,0,0,0,5
56,234,1.0,1.0,0,0,0,5
56,235,1.0,1.0,0,0,0,5
56,236,1.0,1.0,0,0,0,5
56,237,1.0,1.0,0,0,0,5
56,238,1.0,1.0,0,0,0,5
56,239,1.0,1.0,0,0,0,5
56,240,1.0,1.0,0,0,0,5
56,241,1.0,1.0,0,0,0,5
56,242,1.0,1.0,0,0,0,5
56,243,1.0,1.0,0,0,0,5
56,244,1.0,1.0,0,0,0,5
56,245,1.0,1.0,0,0,0,5
56,246,1.0,1.0,0,0,0,5
56,247,1.0,1.0,0,0,0,5
56,248,1.0,1.0,0,0,0,5
56,249,1.0,1.0,0,0,0,5
56,250,1.0,1.0,0,0,0,5
56,251,1.0,1.0,0,0,0,5
56,252,1.0,1.0,0,0,0,5
56,253,1.0,1.0,0,0,0,5
56,254,1.0,1.0,0,0,0,5
56,255,1.0,1.0,0,0,0,5
56,256,1.0,1.0,0,0,0,5
56,257,1.0,1.0,0,0,0,5
56,258,1.0,1.0,0,0,0,5
56,259,1.0,1.0,0,0,0,5
56,260,1.0,1.0,0,0,0,5
56,261,1.0,1.0,0,0,0,5
56,262,1.0,1.0,0,0,0,5
56,263,1.0,1.0,0,0,0,5
56,264,1.0,1.0,0,0,0,5
56,265,1.0,1.0,0,0,0,5
56,266,1.0,1.0,0,0,0,5
56,267,1.0,1.0,0,0,0,5
56,268,1.0,1.0,0,0,0,5
56,269,1.0,1.0,0,0,0,5
56,270,1.0,1.0,0,0,0,5
56,271,1.0,1.0,0,0,0,5
56,272,1.0,1.0,0,0,0,5
56,273,1.0,1.0,0,0,0,5
56,274,1.0,1.0,0,0,0,5
56,275,1.0,1.0,0,0,0,5
56,276,1.0,1.0,0,0,0,5
56,277,1.0,1.0,0,0,0,5
56,278,1.0,1.0,0,0,0,5
56,279,1.0,1.0,0,0,0,5
56,280,1.0,1.0,0,0,0,5
56,281,1.0,1.0,0,0,0,5
56,282,1.0,1.0,0,0,0,5
56,283,1.0,1.0,0,0,0,5
56,284,1.0,1.0,0,0,0,5
56,285,1.0,1.0,0,0,0,5
56,286,1.0,1.0,0,0,0,5
56,287,1.0,1.0,0,0,0,5
56,288,1.0,1.0,0,0,0,5
56,289,1.0,1.0,0,0,0,5
56,290,1.0,1.0,0,0,0,5
56,291,1.0,1.0,0,0,0,5
56,292,1.0,1.0,0,0,0,5
56,293,1.0,1.0,0,0,0,5
56,294,1.0,0.0,0,0,0,5
56,295,1.0,0.0,0,0,0,5
56,296,1.0,0.0,0,0,0,5
56,297,1.0,0.0,0,0,0,5
56,298,1.0,0.0,0,0,0,5
56,299,1.0,0.0,0,0,0,5
56,300,1.0,0.0,0,0,0,5
56,301,0.0,0.0,0,0,0,5
56,302,0.0,0.0,0,0,0,5
56,303,0.0,0.0,0,0,0,5
56,304,0.0,0.0,0,0,0,5
56,305,0.0,0.0,0,0,0,5
56,306,0.0,0.0,0,0,0,5
56,307,0.0,0.0,0,0,0,5
56,308,0.0,0.0,0,0,0,5
56,309,0.0,0.0,0,0,0,5
56,310,0.0,0.0,0,0,0,5
56,311,0.0,0.0,0,0,0,5
56,312,0.0,0.0,0,0,0,5
56,313,0.0,0.0,0,0,0,5
56,314,0.0,0.0,0,0,0,5
56,315,0.0,0.0,0,0,0,5
56,316,0.0,0.0,0,0,0,5
56,317,0.0,0.0,0,0,0,5
56,318,0.0,0.0,0,0,0,5
56,319,0.0,0.0,0,0,0,5
56,320,0.0,0.0,0,0,0,5
56,321,0.0,0.0,0,0,0,5
56,322,0.0,0.0,0,0,0,5
56,323,0.0,0.0,0,0,0,5
56,324,0.0,0.0,0,0,0,5
56,325,0.0,0.0,0,0,0,5
56,326,0.0,0.0,0,0,0,5
56,327,0.0,0.0,0,0,0,5
56,328,0.0,0.0,0,0,0,5
56,329,0.0,0.0,0,0,0,5
56,330,0.0,0.0,0,0,0,5
56,331,0.0,0.0,0,0,0,5
56,332,0.0,0.0,0,0,0,5
56,333,0.0,0.0,0,0,0,5
56,334,0.0,0.0,0,0,0,5
56,335,0.0,0.0,0,0,0,5
56,336,0.0,0.0,0,0,0,5
56,337,0.0,0.0,0,0,0,5
56,338,0.0,0.0,0,0,0,5
56,339,0.0,0.0,0,0,0,5
56,340,0.0,0.0,0,0,0,5
56,341,0.0,0.0,0,0,0,5
56,342,0.0,0.0,0,0,0,5
56,343,0.0,0.0,0,0,0,5
56,344,0.0,0.0,0,0,0,5
56,345,0.0,0.0,0,0,0,5
56,346,0.0,0.0,0,0,0,5
56,347,0.0,0.0,0,0,0,5
56,348,0.0,0.0,0,0,0,5
56,349,0.0,0.0,0,0,0,5
56,350,0.0,0.0,0,0,0,5
56,351,0.0,0.0,0,0,0,5
56,352,0.0,0.0,0,0,0,5
56,353,0.0,0.0,0,0,0,5
56,354,0.0,0.0,0,0,0,5
56,355,0.0,0.0,0,0,0,5
56,356,0.0,0.0,0,0,0,5
56,357,0.0,0.0,0,0,0,5
56,358,0.0,0.0,0,0,0,5
56,359,0.0,0.0,0,0,0,5
56,360,0.0,0.0,0,0,0,5
56,361,0.0,0.0,0,0,0,5
56,362,0.0,0.0,0,0,0,5
56,363,0.0,0.0,0,0,0,5
56,364,0.0,0.0,0,0,0,5
56,365,0.0,0.0,0,0,0,5
56,366,0.0,0.0,0,0,0,5
56,367,0.0,0.0,0,0,0,5
56,368,0.0,0.0,0,0,0,5
56,369,0.0,0.0,0,0,0,5
56,370,0.0,0.0,0,0,0,5
56,371,0.0,0.0,0,0,0,5
56,372,0.0,0.0,0,0,0,5
56,373,0.0,0.0,0,0,0,5
56,374,0.0,0.0,0,0,0,5
56,375,0.0,0.0,0,0,0,5
56,376,0.0,0.0,0,0,0,5
56,377,0.0,0.0,0,0,0,5
56,378,0.0,0.0,0,0,0,5
56,379,0.0,0.0,0,0,0,5
56,380,0.0,0.0,0,0,0,5
56,381,0.0,0.0,0,0,0,5
56,382,0.0,0.0,0,0,0,5
56,383,0.0,0.0,0,0,0,5
56,384,0.0,0.0,0,0,0,5
56,385,0.0,0.0,0,0,0,5
56,386,0.0,0.0,0,0,0,5
56,387,0.0,0.0,0,0,0,5
56,388,0.0,0.0,0,0,0,5
56,389,0.0,0.0,0,0,0,5
56,390,0.0,0.0,0,0,0,5
56,391,0.0,0.0,0,0,0,5
56,392,0.0,0.0,0,0,0,5
56,393,0.0,0.0,0,0,0,5
56,394,0.0,0.0,0,0,0,5
56,395,0.0,0.0,0,0,0,5
56,396,0.0,0.0,0,0,0,5
56,397,0.0,0.0,0,0,0,5
56,398,0.0,0.0,0,0,0,5
56,399,0.0,0.0,0,0,0,5
56,400,0.0,0.0,0,0,0,5
56,401,0.0,0.0,0,0,0,5
56,402,0.0,0.0,0,0,0,5
56,403,0.0,0.0,0,0,0,5
56,404,0.0,0.0,0,0,0,5
56,405,0.0,0.0,0,0,0,5
56,406,0.0,0.0,0,0,0,5
56,407,0.0,0.0,0,0,0,5
56,408,0.0,0.0,0,0,0,5
56,409,0.0,0.0,0,0,0,5
56,410,0.0,0.0,0,0,0,5
56,411,0.0,0.0,0,0,0,5
56,412,0.0,0.0,1,0,0,5
56,413,0.0,0.0,1,0,0,5
56,414,0.0,0.0,1,0,0,5
56,415,0.0,0.0,1,0,0,5
56,416,0.0,0.0,1,0,0,5
56,417,0.0,0.0,1,0,0,5
56,418,0.0,0.0,1,0,0,5
56,419,0.0,0.0,1,0,0,5
56,420,0.0,0.0,1,0,0,5
56,421,0.0,0.0,1,0,0,5
56,422,0.0,0.0,1,0,0,5
56,423,0.0,0.0,1,0,0,5
56,424,0.0,0.0,1,0,0,5
56,425,0.0,0.0,1,0,0,5
56,426,0.0,0.0,1,0,0,5
56,427,0.0,0.0,1,0,0,5
56,428,0.0,0.0,1,0,0,5
56,429,0.0,0.0,1,0,0,5
56,430,0.0,0.0,1,0,0,5
56,431,0.0,0.0,1,0,0,5
56,432,0.0,0.0,1,0,0,5
56,433,0.0,0.0,1,0,0,5
56,434,0.0,0.0,1,0,0,5
56,435,0.0,0.0,1,0,0,5
56,436,0.0,0.0,1,0,0,5
56,437,0.0,0.0,1,0,0,5
56,438,0.0,0.0,1,0,0,5
56,439,0.0,0.0,1,0,0,5
56,440,0.0,0.0,1,0,0,5
56,441,0.0,0.0,1,0,0,5
56,442,0.0,0.0,1,0,0,5
56,443,0.0,0.0,1,0,0,5
56,444,0.0,0.0,1,0,0,5
56,445,0.0,0.0,1,0,0,5
56,446,0.0,0.0,1,0,0,5
56,447,0.0,0.0,1,0,0,5
56,448,0.0,0.0,1,0,0,5
56,449,0.0,0.0,1,0,0,5
56,450,0.0,0.0,1,0,0,5
56,451,0.0,0.0,1,0,0,5
56,452,0.0,0.0,1,0,0,5
56,453,0.0,0.0,1,0,0,5
56,454,0.0,0.0,1,0,0,5
56,455,0.0,0.0,1,0,0,5
56,456,0.0,0.0,1,0,0,5
56,457,0.0,0.0,1,0,0,5
56,458,0.0,0.0,1,0,0,5
56,459,0.0,0.0,1,0,0,5
56,460,0.0,0.0,1,0,0,5
56,461,0.0,0.0,1,0,0,5
56,462,0.0,0.0,1,0,0,5
56,463,0.0,0.0,1,0,0,5
56,464,0.0,0.0,1,0,0,5
56,465,0.0,0.0,1,0,0,5
56,466,0.0,0.0,1,0,0,5
56,467,0.0,0.0,1,0,0,5
56,468,0.0,0.0,1,0,0,5
56,469,0.0,0.0,1,0,0,5
56,470,0.0,0.0,1,0,0,5
56,471,0.0,0.0,1,0,0,5
56,472,0.0,0.0,1,0,0,5
56,473,0.0,0.0,1,0,0,5
56,474,0.0,0.0,1,0,0,5
56,475,0.0,0.0,1,0,0,5
56,476,0.0,0.0,1,0,0,5
56,477,0.0,0.0,1,0,0,5
56,478,0.0,0.0,1,0,0,5
56,479,0.0,1.0,1,0,0,5
56,480,0.0,1.0,1,0,0,5
56,481,0.0,1.0,1,0,0,5
56,482,0.0,1.0,1,0,0,5
56,483,0.0,1.0,1,0,0,5
56,484,0.0,1.0,1,0,0,5
56,485,1.0,1.0,1,0,0,5
56,486,1.0,1.0,1,0,0,5
56,487,1.0,1.0,1,0,0,5
56,488,1.0,1.0,1,0,0,5
56,489,1.0,1.0,1,0,0,5
56,490,1.0,1.0,1,0,0,5
56,491,1.0,1.0,1,0,0,5
56,492,1.0,1.0,1,0,0,5
56,493,1.0,1.0,1,0,0,5
56,494,1.0,1.0,1,0,0,5
56,495,1.0,1.0,1,0,0,5
56,496,1.0,1.0,1,0,0,5
56,497,1.0,1.0,1,0,0,5
56,498,1.0,1.0,1,0,0,5
56,499,1.0,1.0,1,0,0,5
56,500,1.0,1.0,1,0,0,5
56,501,1.0,1.0,1,0,0,5
56,502,1.0,1.0,1,0,0,5
56,503,1.0,1.0,1,0,0,5
56,504,1.0,1.0,1,0,0,5
56,505,1.0,1.0,1,0,0,5
56,506,1.0,1.0,1,0,0,5
56,507,1.0,1.0,1,0,0,5
56,508,1.0,1.0,1,0,0,5
56,509,1.0,1.0,1,0,0,5
56,510,1.0,1.0,1,0,0,5
56,511,1.0,1.0,1,0,0,5
56,512,1.0,1.0,1,0,0,5
56,513,1.0,1.0,1,0,0,5
56,514,1.0,1.0,1,0,0,5
56,515,1.0,1.0,1,0,0,5
56,516,1.0,1.0,1,0,0,5
56,517,1.0,1.0,1,0,0,5
56,518,1.0,1.0,1,0,0,5
56,519,1.0,1.0,1,0,0,5
56,520,1.0,1.0,1,0,0,5
56,521,1.0,1.0,1,0,0,5
56,522,1.0,1.0,1,0,0,5
56,523,1.0,1.0,1,0,0,5
56,524,1.0,1.0,1,0,0,5
56,525,1.0,1.0,1,0,0,5
56,526,1.0,1.0,1,0,0,5
56,527,1.0,1.0,1,0,0,5
56,528,1.0,1.0,1,0,0,5
56,529,1.0,1.0,1,0,0,5
56,530,1.0,1.0,1,0,0,5
56,531,1.0,1.0,1,0,0,5
56,532,1.0,1.0,1,0,0,5
56,533,1.0,1.0,1,0,0,5
56,534,1.0,1.0,1,0,0,5
56,535,1.0,1.0,1,0,0,5
56,536,1.0,1.0,1,0,0,5
56,537,1.0,1.0,1,0,0,5
56,538,1.0,1.0,1,0,0,5
56,539,1.0,1.0,1,0,0,5
56,540,1.0,1.0,1,0,0,5
56,541,1.0,1.0,1,0,0,5
56,542,1.0,1.0,1,0,0,5
56,543,1.0,1.0,1,0,0,5
56,544,1.0,1.0,1,0,0,5
56,545,1.0,1.0,1,0,0,5
56,546,1.0,1.0,1,0,0,5
56,547,1.0,1.0,1,0,0,5
56,548,1.0,1.0,1,0,0,5
56,549,1.0,1.0,1,0,0,5
56,550,1.0,1.0,1,0,0,5
56,551,1.0,1.0,1,0,0,5
56,552,1.0,1.0,1,0,0,5
56,553,1.0,1.0,1,0,0,5
56,554,1.0,1.0,1,0,0,5
56,555,1.0,1.0,1,0,0,5
56,556,1.0,1.0,1,0,0,5
56,557,1.0,1.0,1,0,0,5
56,558,1.0,1.0,1,0,0,5
56,559,1.0,1.0,1,0,0,5
56,560,1.0,1.0,1,0,0,5
56,561,1.0,1.0,1,0,0,5
56,562,1.0,1.0,1,0,0,5
56,563,1.0,1.0,1,0,0,5
56,564,1.0,1.0,1,0,0,5
56,565,1.0,1.0,1,0,0,5
56,566,1.0,1.0,1,0,0,5
56,567,1.0,1.0,1,0,0,5
56,568,1.0,1.0,1,0,0,5
56,569,1.0,1.0,1,0,0,5
56,570,1.0,1.0,1,0,0,5
56,571,1.0,1.0,1,0,0,5
56,572,1.0,1.0,1,0,0,5
56,573,1.0,1.0,1,0,0,5
56,574,1.0,1.0,1,0,0,5
56,575,1.0,1.0,1,0,0,5
56,576,1.0,1.0,1,0,0,5
56,577,1.0,1.0,1,0,0,5
56,578,1.0,1.0,1,0,0,5
56,579,1.0,1.0,1,0,0,5
56,580,1.0,1.0,1,0,0,5
56,581,1.0,1.0,1,0,0,5
56,582,1.0,1.0,1,0,0,5
56,583,1.0,1.0,1,0,0,5
56,584,1.0,1.0,1,0,0,5
56,585,1.0,1.0,1,0,0,5
56,586,1.0,1.0,1,0,0,5
56,587,1.0,1.0,1,0,0,5
56,588,1.0,1.0,1,0,0,5
56,589,1.0,1.0,1,0,0,5
56,590,1.0,1.0,1,0,0,5
56,591,1.0,1.0,1,0,0,5
56,592,1.0,1.0,1,0,0,5
56,593,1.0,1.0,1,0,0,5
56,594,1.0,1.0,1,0,0,5
56,595,1.0,1.0,1,0,0,5
56,596,1.0,1.0,1,0,0,5
56,597,1.0,1.0,1,0,0,5
56,598,1.0,1.0,1,0,0,5
56,599,1.0,1.0,1,0,0,5
56,600,1.0,1.0,1,0,0,5
56,601,1.0,1.0,1,0,0,5
56,602,1.0,1.0,1,0,0,5
56,603,1.0,1.0,1,0,0,5
56,604,1.0,1.0,1,0,0,5
56,605,1.0,1.0,1,0,0,5
56,606,1.0,1.0,1,0,0,5
56,607,1.0,1.0,1,0,0,5
56,608,1.0,1.0,1,0,0,5
56,609,1.0,1.0,1,0,0,5
56,610,1.0,1.0,1,0,0,5
56,611,1.0,1.0,1,0,0,5
56,612,1.0,1.0,1,0,0,5
56,613,1.0,1.0,1,0,0,5
56,614,1.0,1.0,1,0,0,5
56,615,1.0,1.0,1,0,0,5
56,616,1.0,1.0,1,0,0,5
56,617,1.0,1.0,1,0,0,5
56,618,1.0,1.0,1,0,0,5
56,619,1.0,1.0,1,0,0,5
56,620,1.0,1.0,1,0,0,5
56,621,1.0,1.0,1,0,0,5
56,622,1.0,1.0,1,0,0,5
56,623,1.0,1.0,1,0,0,5
56,624,1.0,1.0,1,0,0,5
56,625,1.0,1.0,1,0,0,5
56,626,1.0,1.0,1,0,0,5
56,627,1.0,1.0,1,0,0,5
56,628,1.0,1.0,1,0,0,5
56,629,1.0,1.0,1,0,0,5
56,630,1.0,1.0,1,0,0,5
56,631,1.0,1.0,1,0,0,5
56,632,1.0,1.0,1,0,0,5
56,633,1.0,1.0,1,0,0,5
56,634,1.0,1.0,1,0,0,5
56,635,1.0,1.0,1,0,0,5
56,636,1.0,0.0,1,0,0,5
56,637,1.0,0.0,1,0,0,5
56,638,1.0,0.0,1,0,0,5
56,639,1.0,0.0,1,0,0,5
56,640,1.0,0.0,1,0,0,5
56,641,1.0,0.0,1,0,0,5
56,642,0.0,0.0,1,0,0,5
56,643,0.0,0.0,1,0,0,5
56,644,0.0,0.0,1,0,0,5
56,645,0.0,0.0,1,0,0,5
56,646,0.0,0.0,1,0,0,5
56,647,0.0,0.0,1,0,0,5
56,648,0.0,0.0,1,0,0,5
56,649,0.0,0.0,1,0,0,5
56,650,0.0,0.0,1,0,0,5
56,651,0.0,0.0,1,0,0,5
56,652,0.0,0.0,1,0,0,5
56,653,0.0,0.0,1,0,0,5
56,654,0.0,0.0,1,0,0,5
56,655,0.0,0.0,1,0,0,5
56,656,0.0,0.0,1,0,0,5
56,657,0.0,0.0,1,0,0,5
56,658,0.0,0.0,1,0,0,5
56,659,0.0,0.0,1,0,0,5
56,660,0.0,0.0,1,0,0,5
56,661,0.0,0.0,1,0,0,5
56,662,0.0,0.0,1,0,0,5
56,663,0.0,0.0,1,0,0,5
56,664,0.0,0.0,1,0,0,5
56,665,0.0,0.0,1,0,0,5
56,666,0.0,0.0,1,0,0,5
56,667,0.0,0.0,1,0,0,5
56,668,0.0,0.0,1,0,0,5
56,669,0.0,0.0,1,0,0,5
56,670,0.0,0.0,1,0,0,5
56,671,0.0,0.0,1,0,0,5
56,672,0.0,0.0,1,0,0,5
56,673,0.0,0.0,1,0,0,5
56,674,0.0,0.0,1,0,0,5
56,675,0.0,0.0,1,0,0,5
56,676,0.0,0.0,1,0,0,5
56,677,0.0,0.0,1,0,0,5
56,678,0.0,0.0,1,0,0,5
56,679,0.0,0.0,1,0,0,5
56,680,0.0,0.0,1,0,0,5
56,681,0.0,0.0,1,0,0,5
56,682,0.0,0.0,1,0,0,5
56,683,0.0,0.0,1,0,0,5
56,684,0.0,0.0,1,0,0,5
56,685,0.0,0.0,1,0,0,5
56,686,0.0,0.0,1,0,0,5
56,687,0.0,0.0,1,0,0,5
56,688,0.0,0.0,1,0,0,5
56,689,0.0,0.0,1,0,0,5
56,690,0.0,0.0,1,0,0,5
56,691,0.0,0.0,1,0,0,5
56,692,0.0,0.0,1,0,0,5
56,693,0.0,0.0,1,0,0,5
56,694,0.0,0.0,1,0,0,5
56,695,0.0,0.0,1,0,0,5
56,696,0.0,0.0,1,0,0,5
56,697,0.0,0.0,1,0,0,5
56,698,0.0,0.0,1,0,0,5
56,699,0.0,0.0,1,0,0,5
56,700,0.0,0.0,1,0,0,5
56,701,0.0,0.0,1,0,0,5
56,702,0.0,0.0,1,0,0,5
56,703,0.0,0.0,1,0,0,5
56,704,0.0,0.0,1,0,0,5
56,705,0.0,0.0,1,0,0,5
56,706,0.0,0.0,1,0,0,5
56,707,0.0,0.0,1,0,0,5
56,708,0.0,0.0,1,0,0,5
56,709,0.0,0.0,1,0,0,5
56,710,0.0,0.0,1,0,0,5
56,711,0.0,0.0,1,0,0,5
56,712,0.0,0.0,1,0,0,5
56,713,0.0,0.0,1,0,0,5
56,714,0.0,0.0,1,0,0,5
56,715,0.0,0.0,1,0,0,5
56,716,0.0,0.0,1,0,0,5
56,717,0.0,0.0,1,0,0,5
56,718,0.0,0.0,1,0,0,5
56,719,0.0,0.0,1,0,0,5
56,720,0.0,0.0,1,0,0,5
56,721,0.0,0.0,1,0,0,5
56,722,0.0,0.0,1,0,0,5
56,723,0.0,0.0,1,0,0,5
56,724,0.0,0.0,1,0,0,5
56,725,0.0,0.0,1,0,0,5
56,726,0.0,0.0,1,0,0,5
56,727,0.0,0.0,1,0,0,5
56,728,0.0,0.0,1,0,0,5
56,729,0.0,0.0,1,0,0,5
56,730,0.0,0.0,1,0,0,5
56,731,0.0,0.0,1,0,0,5
56,732,0.0,0.0,1,0,0,5
56,733,0.0,0.0,1,0,0,5
56,734,0.0,0.0,1,0,0,5
56,735,0.0,0.0,1,0,0,5
56,736,0.0,0.0,1,0,0,5
56,737,0.0,0.0,1,0,0,5
56,738,0.0,0.0,1,0,0,5
56,739,0.0,0.0,1,0,0,5
56,740,0.0,0.0,1,0,0,5
56,741,0.0,0.0,1,0,0,5
56,742,0.0,0.0,1,0,0,5
56,743,0.0,0.0,1,0,0,5
56,744,0.0,0.0,1,0,0,5
56,745,0.0,0.0,1,0,0,5
56,746,0.0,0.0,1,0,0,5
56,747,0.0,0.0,1,0,0,5
56,748,0.0,0.0,1,0,0,5
56,749,0.0,0.0,1,0,0,5
56,750,0.0,0.0,1,0,0,5
56,751,0.0,0.0,1,0,0,5
56,752,0.0,0.0,1,0,0,5
56,753,0.0,0.0,1,0,0,5
56,754,0.0,0.0,1,0,0,5
56,755,0.0,0.0,1,0,0,5
56,756,0.0,0.0,1,0,0,5
56,757,0.0,0.0,1,0,0,5
56,758,0.0,0.0,1,0,0,5
56,759,0.0,0.0,1,0,0,5
56,760,0.0,0.0,1,0,0,5
56,761,0.0,0.0,1,0,0,5
56,762,0.0,0.0,1,0,0,5
56,763,0.0,0.0,1,0,0,5
56,764,0.0,0.0,1,0,0,5
56,765,0.0,0.0,1,0,0,5
56,766,0.0,0.0,1,0,0,5
56,767,0.0,0.0,1,0,0,5
56,768,0.0,0.0,1,0,0,5
56,769,0.0,0.0,1,0,0,5
56,770,0.0,0.0,1,0,0,5
56,771,0.0,0.0,1,0,0,5
56,772,0.0,0.0,1,0,0,5
56,773,0.0,0.0,1,0,0,5
56,774,0.0,0.0,1,0,0,5
56,775,0.0,0.0,1,0,0,5
56,776,0.0,0.0,1,0,0,5
56,777,0.0,0.0,1,0,0,5
56,778,0.0,0.0,1,0,0,5
56,779,0.0,0.0,1,0,0,5
56,780,0.0,0.0,1,0,0,5
56,781,0.0,0.0,1,0,0,5
56,782,0.0,0.0,1,0,0,5
56,783,0.0,0.0,1,0,0,5
56,784,0.0,0.0,1,0,0,5
56,785,0.0,0.0,1,0,0,5
56,786,0.0,0.0,1,0,0,5
56,787,0.0,0.0,1,0,0,5
56,788,0.0,0.0,1,0,0,5
56,789,0.0,0.0,1,0,0,5
56,790,0.0,0.0,1,0,0,5
56,791,0.0,0.0,1,0,0,5
56,792,0.0,0.0,1,0,0,5
56,793,0.0,0.0,1,0,0,5
56,794,0.0,0.0,1,0,0,5
56,795,0.0,0.0,1,0,0,5
56,796,0.0,0.0,1,0,0,5
56,797,0.0,0.0,1,0,0,5
56,798,0.0,0.0,1,0,0,5
56,799,0.0,0.0,1,0,0,5
56,800,0.0,0.0,1,0,0,5
56,801,0.0,0.0,1,0,0,5
56,802,0.0,0.0,1,0,0,5
56,803,0.0,0.0,1,0,0,5
56,804,0.0,0.0,1,0,0,5
56,805,0.0,0.0,1,0,0,5
56,806,0.0,0.0,1,0,0,5
56,807,0.0,0.0,1,0,0,5
56,808,0.0,0.0,1,0,0,5
56,809,0.0,0.0,1,0,0,5
56,810,0.0,0.0,1,0,0,5
56,811,0.0,0.0,1,0,0,5
56,812,0.0,0.0,1,0,0,5
56,813,0.0,0.0,1,0,0,5
56,814,0.0,0.0,1,0,0,5
56,815,0.0,0.0,1,0,0,5
56,816,0.0,0.0,1,0,0,5
56,817,0.0,0.0,1,0,0,5
56,818,0.0,0.0,1,0,0,5
56,819,0.0,0.0,1,0,0,5
56,820,0.0,1.0,1,0,0,5
56,821,0.0,1.0,1,0,0,5
56,822,0.0,1.0,1,0,0,5
56,823,0.0,1.0,1,0,0,5
56,824,0.0,1.0,1,0,0,5
56,825,0.0,1.0,1,0,0,5
56,826,0.0,1.0,1,0,0,5
56,827,1.0,1.0,1,0,0,5
56,828,1.0,1.0,1,0,0,5
56,829,1.0,1.0,1,0,0,5
56,830,1.0,1.0,1,0,0,5
56,831,1.0,1.0,1,0,0,5
56,832,1.0,1.0,1,0,0,5
56,833,1.0,1.0,1,0,0,5
56,834,1.0,1.0,1,0,0,5
56,835,1.0,1.0,1,0,0,5
56,836,1.0,1.0,1,0,0,5
56,837,1.0,1.0,1,0,0,5
56,838,1.0,1.0,1,0,0,5
56,839,1.0,1.0,1,0,0,5
56,840,1.0,1.0,1,0,0,5
56,841,1.0,1.0,1,0,0,5
56,842,1.0,1.0,1,0,0,5
56,843,1.0,1.0,1,0,0,5
56,844,1.0,1.0,1,0,0,5
56,845,1.0,1.0,1,0,0,5
56,846,1.0,1.0,1,0,0,5
56,847,1.0,1.0,1,0,0,5
56,848,1.0,1.0,1,0,0,5
56,849,1.0,1.0,1,0,0,5
56,850,1.0,1.0,1,0,0,5
56,851,1.0,1.0,1,0,0,5
56,852,1.0,1.0,1,0,0,5
56,853,1.0,1.0,1,0,0,5
56,854,1.0,1.0,1,0,0,5
56,855,1.0,1.0,1,0,0,5
56,856,1.0,1.0,1,0,0,5
56,857,1.0,1.0,1,0,0,5
56,858,1.0,1.0,1,0,0,5
56,859,1.0,1.0,1,0,0,5
56,860,1.0,1.0,1,0,0,5
56,861,1.0,1.0,1,0,0,5
56,862,1.0,1.0,1,0,0,5
56,863,1.0,1.0,1,0,0,5
56,864,1.0,1.0,1,0,0,5
56,865,1.0,1.0,1,0,0,5
56,866,1.0,1.0,1,0,0,5
56,867,1.0,1.0,1,0,0,5
56,868,1.0,1.0,1,0,0,5
56,869,1.0,1.0,1,0,0,5
56,870,1.0,1.0,1,0,0,5
56,871,1.0,1.0,1,0,0,5
56,872,1.0,1.0,1,0,0,5
56,873,1.0,1.0,1,0,0,5
56,874,1.0,1.0,1,0,0,5
56,875,1.0,1.0,1,0,0,5
56,876,1.0,1.0,1,0,0,5
56,877,1.0,1.0,1,0,0,5
56,878,1.0,1.0,1,0,0,5
56,879,1.0,1.0,1,0,0,5
56,880,1.0,1.0,1,0,0,5
56,881,1.0,1.0,1,0,0,5
56,882,1.0,1.0,1,0,0,5
56,883,1.0,1.0,1,0,0,5
56,884,1.0,1.0,1,0,0,5
56,885,1.0,1.0,1,0,0,5
56,886,1.0,1.0,1,0,0,5
56,887,1.0,1.0,1,0,0,5
56,888,1.0,1.0,1,0,0,5
56,889,1.0,1.0,1,0,0,5
56,890,1.0,1.0,1,0,0,5
56,891,1.0,1.0,1,0,0,5
56,892,1.0,1.0,1,0,0,5
56,893,1.0,1.0,1,0,0,5
56,894,1.0,1.0,1,0,0,5
56,895,1.0,1.0,1,0,0,5
56,896,1.0,1.0,1,0,0,5
56,897,1.0,1.0,1,0,0,5
56,898,1.0,1.0,1,0,0,5
56,899,1.0,1.0,1,0,0,5
56,900,1.0,1.0,1,0,0,5
56,901,1.0,1.0,1,0,0,5
56,902,1.0,1.0,1,0,0,5
56,903,1.0,1.0,0,0,0,5
56,904,1.0,1.0,0,0,0,5
56,905,1.0,1.0,0,0,0,5
56,906,1.0,1.0,0,0,0,5
56,907,1.0,1.0,0,0,0,5
56,908,1.0,1.0,0,0,0,5
56,909,1.0,1.0,0,0,0,5
56,910,1.0,1.0,0,0,0,5
56,911,1.0,1.0,0,0,0,5
56,912,1.0,1.0,0,0,0,5
56,913,1.0,1.0,0,0,0,5
56,914,1.0,1.0,0,0,0,5
56,915,1.0,1.0,0,0,0,5
56,916,1.0,1.0,0,0,0,5
56,917,1.0,1.0,0,0,0,5
56,918,1.0,1.0,0,0,0,5
56,919,1.0,1.0,0,0,0,5
56,920,1.0,1.0,0,0,0,5
56,921,1.0,1.0,0,0,0,5
56,922,1.0,1.0,0,0,0,5
56,923,1.0,1.0,0,0,0,5
56,924,1.0,1.0,0,0,0,5
56,925,1.0,1.0,0,0,0,5
56,926,1.0,1.0,0,0,0,5
56,927,1.0,1.0,0,0,0,5
56,928,1.0,1.0,0,0,0,5
56,929,1.0,1.0,0,0,0,5
56,930,1.0,1.0,0,0,0,5
56,931,1.0,1.0,0,0,0,5
56,932,1.0,1.0,0,0,0,5
56,933,1.0,1.0,0,0,0,5
56,934,1.0,1.0,0,0,0,5
56,935,1.0,1.0,0,0,0,5
56,936,1.0,1.0,0,0,0,5
56,937,1.0,1.0,0,0,0,5
56,938,1.0,1.0,0,0,0,5
56,939,1.0,1.0,0,0,0,5
56,940,1.0,1.0,0,0,0,5
56,941,1.0,1.0,0,0,0,5
56,942,1.0,1.0,0,0,0,5
56,943,1.0,1.0,0,0,0,5
56,944,1.0,1.0,0,0,0,5
56,945,1.0,1.0,0,0,0,5
56,946,1.0,1.0,0,0,0,5
56,947,1.0,1.0,0,0,0,5
56,948,1.0,1.0,0,0,0,5
56,949,1.0,1.0,0,0,0,5
56,950,1.0,1.0,0,0,0,5
56,951,1.0,1.0,0,0,0,5
56,952,1.0,1.0,0,0,0,5
56,953,1.0,1.0,0,0,0,5
56,954,1.0,1.0,0,0,0,5
56,955,1.0,1.0,0,0,0,5
56,956,1.0,1.0,0,0,0,5
56,957,1.0,1.0,0,0,0,5
56,958,1.0,1.0,0,0,0,5
56,959,1.0,1.0,0,0,0,5
56,960,1.0,1.0,0,0,0,5
56,961,1.0,1.0,0,0,0,5
56,962,1.0,1.0,0,0,0,5
56,963,1.0,1.0,0,0,0,5
56,964,1.0,1.0,0,0,0,5
56,965,1.0,1.0,0,0,0,5
56,966,1.0,1.0,0,0,0,5
56,967,1.0,1.0,0,0,0,5
56,968,1.0,1.0,0,0,0,5
56,969,1.0,1.0,0,0,0,5
56,970,1.0,1.0,0,0,0,5
56,971,1.0,1.0,0,0,0,5
56,972,1.0,1.0,0,0,0,5
56,973,1.0,1.0,0,0,0,5
56,974,1.0,1.0,0,0,0,5
56,975,1.0,1.0,0,0,0,5
56,976,1.0,1.0,0,0,0,5
56,977,1.0,1.0,0,0,0,5
56,978,1.0,1.0,0,0,0,5
56,979,1.0,1.0,0,0,0,5
56,980,1.0,1.0,0,0,0,5
56,981,1.0,1.0,0,0,0,5
56,982,1.0,1.0,0,0,0,5
56,983,1.0,1.0,0,0,0,5
56,984,1.0,1.0,0,0,0,5
56,985,1.0,1.0,0,0,0,5
56,986,1.0,1.0,0,0,0,5
56,987,1.0,1.0,0,0,0,5
56,988,1.0,1.0,0,0,0,5
56,989,1.0,1.0,0,0,0,5
56,990,1.0,1.0,0,0,0,5
56,991,1.0,1.0,0,0,0,5
56,992,1.0,1.0,0,0,0,5
56,993,1.0,1.0,0,0,0,5
56,994,1.0,1.0,0,0,0,5
56,995,1.0,1.0,0,0,0,5
56,996,1.0,1.0,0,0,0,5
56,997,1.0,1.0,0,0,0,5
56,998,1.0,1.0,0,0,0,5
56,999,1.0,1.0,0,0,0,5
56,1000,1.0,1.0,0,0,0,5
56,1001,1.0,1.0,0,0,0,5
56,1002,1.0,1.0,0,0,0,5
56,1003,1.0,1.0,0,0,0,5
56,1004,1.0,1.0,0,0,0,5
56,1005,1.0,1.0,0,0,0,5
56,1006,1.0,1.0,0,0,0,5
56,1007,1.0,1.0,0,0,0,5
56,1008,1.0,1.0,0,0,0,5
56,1009,1.0,1.0,0,0,0,5
56,1010,1.0,1.0,0,0,0,5
56,1011,1.0,1.0,0,0,0,5
56,1012,1.0,1.0,0,0,0,5
56,1013,1.0,1.0,0,0,0,5
56,1014,1.0,1.0,0,0,0,5
56,1015,1.0,1.0,0,0,0,5
56,1016,1.0,1.0,0,0,0,5
56,1017,1.0,1.0,0,0,0,5
56,1018,1.0,1.0,0,0,0,5
56,1019,1.0,1.0,0,0,0,5
56,1020,1.0,1.0,0,0,0,5
56,1021,1.0,0.0,0,0,0,5
56,1022,1.0,0.0,0,0,0,5
56,1023,1.0,0.0,0,0,0,5
56,1024,1.0,0.0,0,0,0,5
56,1025,1.0,0.0,0,0,0,5
56,1026,1.0,0.0,0,0,0,5
56,1027,1.0,0.0,0,0,0,5
56,1028,0.0,0.0,0,0,0,5
56,1029,0.0,0.0,0,0,0,5
56,1030,0.0,0.0,0,0,0,5
56,1031,0.0,0.0,0,0,0,5
56,1032,0.0,0.0,0,0,0,5
56,1033,0.0,0.0,0,0,0,5
56,1034,0.0,0.0,0,0,0,5
56,1035,0.0,0.0,0,0,0,5
56,1036,0.0,0.0,0,0,0,5
56,1037,0.0,0.0,0,0,0,5
56,1038,0.0,0.0,0,0,0,5
56,1039,0.0,0.0,0,0,0,5
56,1040,0.0,0.0,0,0,0,5
56,1041,0.0,0.0,0,0,0,5
56,1042,0.0,0.0,0,0,0,5
56,1043,0.0,0.0,0,0,0,5
56,1044,0.0,0.0,0,0,0,5
56,1045,0.0,0.0,0,0,0,5
56,1046,0.0,0.0,0,0,0,5
56,1047,0.0,0.0,0,0,0,5
56,1048,0.0,0.0,0,0,0,5
56,1049,0.0,0.0,0,0,0,5
56,1050,0.0,0.0,0,0,0,5
56,1051,0.0,0.0,0,0,0,5
56,1052,0.0,0.0,0,0,0,5
56,1053,0.0,0.0,0,0,0,5
56,1054,0.0,0.0,0,0,0,5
56,1055,0.0,0.0,0,0,0,5
56,1056,0.0,0.0,0,0,0,5
56,1057,0.0,0.0,0,0,0,5
56,1058,0.0,0.0,0,0,0,5
56,1059,0.0,0.0,0,0,0,5
56,1060,0.0,0.0,0,0,0,5
56,1061,0.0,0.0,0,0,0,5
56,1062,0.0,0.0,0,0,0,5
56,1063,0.0,0.0,0,0,0,5
56,1064,0.0,0.0,0,0,0,5
56,1065,0.0,0.0,0,0,0,5
56,1066,0.0,0.0,0,0,0,5
56,1067,0.0,0.0,0,0,0,5
56,1068,0.0,0.0,0,0,0,5
56,1069,0.0,0.0,0,0,0,5
56,1070,0.0,0.0,0,0,0,5
56,1071,0.0,0.0,0,0,0,5
56,1072,0.0,0.0,0,0,0,5
56,1073,0.0,0.0,0,0,0,5
56,1074,0.0,0.0,0,0,0,5
56,1075,0.0,0.0,0,0,0,5
56,1076,0.0,0.0,0,0,0,5
56,1077,0.0,0.0,0,0,0,5
56,1078,0.0,0.0,0,0,0,5
56,1079,0.0,0.0,0,0,0,5
56,1080,0.0,0.0,0,0,0,5
56,1081,0.0,0.0,0,0,0,5
56,1082,0.0,0.0,0,0,0,5
56,1083,0.0,0.0,0,0,0,5
56,1084,0.0,0.0,0,0,0,5
56,1085,0.0,0.0,0,0,0,5
56,1086,0.0,0.0,0,0,0,5
56,1087,0.0,0.0,0,0,0,5
56,1088,0.0,0.0,0,0,0,5
56,1089,0.0,0.0,0,0,0,5
56,1090,0.0,0.0,0,0,0,5
56,1091,0.0,0.0,0,0,0,5
56,1092,0.0,0.0,0,0,0,5
56,1093,0.0,0.0,0,0,0,5
56,1094,0.0,0.0,0,0,0,5
56,1095,0.0,0.0,0,0,0,5
56,1096,0.0,0.0,0,0,0,5
56,1097,0.0,0.0,0,0,0,5
56,1098,0.0,0.0,0,0,0,5
56,1099,0.0,0.0,0,0,0,5
56,1100,0.0,0.0,0,0,0,5
56,1101,0.0,0.0,0,0,0,5
56,1102,0.0,0.0,0,0,0,5
56,1103,0.0,0.0,0,0,0,5
56,1104,0.0,0.0,0,0,0,5
56,1105,0.0,0.0,0,0,0,5
56,1106,0.0,0.0,0,0,0,5
56,1107,0.0,0.0,0,0,0,5
56,1108,0.0,0.0,0,0,0,5
56,1109,0.0,0.0,0,0,0,5
56,1110,0.0,0.0,0,0,0,5
56,1111,0.0,0.0,0,0,0,5
56,1112,0.0,0.0,0,0,0,5
56,1113,0.0,0.0,0,0,0,5
56,1114,0.0,0.0,0,0,0,5
56,1115,0.0,0.0,0,0,0,5
56,1116,0.0,0.0,0,0,0,5
56,1117,0.0,0.0,0,0,0,5
56,1118,0.0,0.0,0,0,0,5
56,1119,0.0,0.0,0,0,0,5
56,1120,0.0,0.0,0,0,0,5
56,1121,0.0,0.0,0,0,0,5
56,1122,0.0,0.0,0,0,0,5
56,1123,0.0,0.0,0,0,0,5
56,1124,0.0,0.0,0,0,0,5
56,1125,0.0,0.0,0,0,0,5
56,1126,0.0,0.0,0,0,0,5
56,1127,0.0,0.0,0,0,0,5
56,1128,0.0,0.0,0,0,0,5
56,1129,0.0,0.0,0,0,0,5
56,1130,0.0,0.0,0,0,0,5
56,1131,0.0,0.0,0,0,0,5
56,1132,0.0,0.0,0,0,0,5
56,1133,0.0,0.0,0,0,0,5
56,1134,0.0,0.0,0,0,0,5
56,1135,0.0,0.0,0,0,0,5
56,1136,0.0,0.0,0,0,0,5
56,1137,0.0,0.0,0,0,0,5
56,1138,0.0,0.0,0,0,0,5
56,1139,0.0,0.0,0,0,0,5
56,1140,0.0,0.0,0,0,0,5
56,1141,0.0,0.0,0,0,0,5
56,1142,0.0,0.0,0,0,0,5
56,1143,0.0,0.0,0,0,0,5
56,1144,0.0,0.0,0,0,0,5
56,1145,0.0,0.0,0,0,0,5
56,1146,0.0,0.0,0,0,0,5
56,1147,0.0,0.0,0,0,0,5
56,1148,0.0,0.0,0,0,0,5
56,1149,0.0,0.0,0,0,0,5
56,1150,0.0,0.0,0,0,0,5
56,1151,0.0,0.0,0,0,0,5
56,1152,0.0,0.0,0,0,0,5
56,1153,0.0,0.0,0,0,0,5
56,1154,0.0,0.0,0,0,0,5
56,1155,0.0,0.0,0,0,0,5
56,1156,0.0,0.0,0,0,0,5
56,1157,0.0,0.0,0,0,0,5
56,1158,0.0,0.0,0,0,0,5
56,1159,0.0,0.0,0,0,0,5
56,1160,0.0,0.0,0,0,0,5
56,1161,0.0,0.0,0,0,0,5
56,1162,0.0,0.0,0,0,0,5
56,1163,0.0,0.0,0,0,0,5
56,1164,0.0,0.0,0,0,0,5
56,1165,0.0,0.0,0,0,0,5
56,1166,0.0,0.0,0,0,0,5
56,1167,0.0,0.0,0,0,0,5
56,1168,0.0,0.0,0,0,0,5
56,1169,0.0,0.0,0,0,0,5
56,1170,0.0,1.0,0,0,0,5
56,1171,0.0,1.0,0,0,0,5
56,1172,0.0,1.0,0,0,0,5
56,1173,0.0,1.0,0,0,0,5
56,1174,0.0,1.0,0,0,0,5
56,1175,0.0,1.0,0,0,0,5
56,1176,0.0,1.0,0,0,0,5
56,1177,1.0,1.0,0,0,0,5
56,1178,1.0,1.0,0,0,0,5
56,1179,1.0,1.0,0,0,0,5
56,1180,1.0,1.0,0,0,0,5
56,1181,1.0,1.0,0,0,0,5
56,1182,1.0,1.0,0,0,0,5
56,1183,1.0,1.0,0,0,0,5
56,1184,1.0,1.0,0,0,0,5
56,1185,1.0,1.0,0,0,0,5
56,1186,1.0,1.0,0,0,0,5
56,1187,1.0,1.0,0,0,0,5
56,1188,1.0,1.0,0,0,0,5
56,1189,1.0,1.0,0,0,0,5
56,1190,1.0,1.0,0,0,0,5
56,1191,1.0,1.0,0,0,0,5
56,1192,1.0,1.0,0,0,0,5
56,1193,1.0,1.0,0,0,0,5
56,1194,1.0,1.0,0,0,0,5
56,1195,1.0,1.0,0,0,0,5
56,1196,1.0,1.0,0,0,0,5
56,1197,1.0,1.0,0,0,0,5
56,1198,1.0,1.0,0,0,0,5
56,1199,1.0,1.0,0,0,0,5
56,1200,1.0,1.0,0,0,0,5
56,1201,1.0,1.0,0,0,0,5
56,1202,1.0,1.0,0,0,0,5
56,1203,1.0,1.0,0,0,0,5
56,1204,1.0,1.0,0,0,0,5
56,1205,1.0,1.0,0,0,0,5
56,1206,1.0,1.0,0,0,0,5
56,1207,1.0,1.0,0,0,0,5
56,1208,1.0,1.0,0,0,0,5
56,1209,1.0,1.0,0,0,0,5
56,1210,1.0,1.0,0,0,0,5
56,1211,1.0,1.0,0,0,0,5
56,1212,1.0,1.0,0,0,0,5
56,1213,1.0,1.0,0,0,0,5
56,1214,1.0,1.0,0,0,0,5
56,1215,1.0,1.0,0,0,0,5
56,1216,1.0,1.0,0,0,0,5
56,1217,1.0,1.0,0,0,0,5
56,1218,1.0,1.0,0,0,0,5
56,1219,1.0,1.0,0,0,0,5
56,1220,1.0,1.0,0,0,0,5
56,1221,1.0,1.0,0,0,0,5
56,1222,1.0,1.0,0,0,0,5
56,1223,1.0,1.0,0,0,0,5
56,1224,1.0,1.0,0,0,0,5
56,1225,1.0,1.0,0,0,0,5
56,1226,1.0,1.0,0,0,0,5
56,1227,1.0,1.0,0,0,0,5
56,1228,1.0,1.0,0,0,0,5
56,1229,1.0,1.0,0,0,0,5
56,1230,1.0,1.0,0,0,0,5
56,1231,1.0,1.0,0,0,0,5
56,1232,1.0,1.0,0,0,0,5
56,1233,1.0,1.0,0,0,0,5
56,1234,1.0,1.0,0,0,0,5
56,1235,1.0,1.0,0,0,0,5
56,1236,1.0,1.0,0,0,0,5
56,1237,1.0,1.0,0,0,0,5
56,1238,1.0,1.0,0,0,0,5
56,1239,1.0,1.0,0,0,0,5
56,1240,1.0,1.0,0,0,0,5
56,1241,1.0,1.0,0,0,0,5
56,1242,1.0,1.0,0,0,0,5
56,1243,1.0,1.0,0,0,0,5
56,1244,1.0,1.0,0,0,0,5
56,1245,1.0,1.0,0,0,0,5
56,1246,1.0,1.0,0,0,0,5
56,1247,1.0,1.0,0,0,0,5
56,1248,1.0,1.0,0,0,0,5
56,1249,1.0,1.0,0,0,0,5
56,1250,1.0,1.0,0,0,0,5
56,1251,1.0,1.0,0,0,0,5
56,1252,1.0,1.0,0,0,0,5
56,1253,1.0,1.0,0,0,0,5
56,1254,1.0,1.0,0,0,0,5
56,1255,1.0,1.0,0,0,0,5
56,1256,1.0,1.0,0,0,0,5
56,1257,1.0,1.0,0,0,0,5
56,1258,1.0,1.0,0,0,0,5
56,1259,1.0,1.0,0,0,0,5
56,1260,1.0,1.0,0,0,0,5
56,1261,1.0,1.0,0,0,0,5
56,1262,1.0,1.0,0,0,0,5
56,1263,1.0,1.0,0,0,0,5
56,1264,1.0,1.0,0,0,0,5
56,1265,1.0,1.0,0,0,0,5
56,1266,1.0,1.0,0,0,0,5
56,1267,1.0,1.0,0,0,0,5
56,1268,1.0,1.0,0,0,0,5
56,1269,1.0,1.0,0,0,0,5
56,1270,1.0,1.0,0,0,0,5
56,1271,1.0,1.0,0,0,0,5
56,1272,1.0,1.0,0,0,0,5
56,1273,1.0,1.0,0,0,0,5
56,1274,1.0,1.0,0,0,0,5
56,1275,1.0,1.0,0,0,0,5
56,1276,1.0,1.0,0,0,0,5
56,1277,1.0,1.0,0,0,0,5
56,1278,1.0,1.0,0,0,0,5
56,1279,1.0,1.0,0,0,0,5
56,1280,1.0,1.0,0,0,0,5
56,1281,1.0,1.0,0,0,0,5
56,1282,1.0,1.0,0,0,0,5
56,1283,1.0,1.0,0,0,0,5
56,1284,1.0,1.0,0,0,0,5
56,1285,1.0,1.0,0,0,0,5
56,1286,1.0,1.0,0,0,0,5
56,1287,1.0,1.0,0,0,0,5
56,1288,1.0,1.0,0,0,0,5
56,1289,1.0,1.0,0,0,0,5
56,1290,1.0,1.0,0,0,0,5
56,1291,1.0,1.0,0,0,0,5
56,1292,1.0,1.0,0,0,0,5
56,1293,1.0,1.0,0,0,0,5
56,1294,1.0,1.0,0,0,0,5
56,1295,1.0,1.0,0,0,0,5
56,1296,1.0,1.0,0,0,0,5
56,1297,1.0,1.0,0,0,0,5
56,1298,1.0,1.0,0,0,0,5
56,1299,1.0,1.0,0,0,0,5
56,1300,1.0,1.0,0,0,0,5
56,1301,1.0,1.0,0,0,0,5
56,1302,1.0,1.0,0,0,0,5
56,1303,1.0,1.0,0,0,0,5
56,1304,1.0,1.0,0,0,0,5
56,1305,1.0,1.0,0,0,0,5
56,1306,1.0,1.0,0,0,0,5
56,1307,1.0,1.0,0,0,0,5
56,1308,1.0,1.0,0,0,0,5
56,1309,1.0,1.0,0,0,0,5
56,1310,1.0,1.0,0,0,0,5
56,1311,1.0,1.0,0,0,0,5
56,1312,1.0,1.0,0,0,0,5
56,1313,1.0,0.0,0,0,0,5
56,1314,1.0,0.0,0,0,0,5
56,1315,1.0,0.0,0,0,0,5
56,1316,1.0,0.0,0,0,0,5
56,1317,1.0,0.0,0,0,0,5
56,1318,1.0,0.0,0,0,0,5
56,1319,1.0,0.0,0,0,0,5
56,1320,0.0,0.0,0,0,0,5
56,1321,0.0,0.0,0,0,0,5
56,1322,0.0,0.0,0,0,0,5
56,1323,0.0,0.0,0,0,0,5
56,1324,0.0,0.0,0,0,0,5
56,1325,0.0,0.0,0,0,0,5
56,1326,0.0,0.0,0,0,0,5
56,1327,0.0,0.0,0,0,0,5
56,1328,0.0,0.0,0,0,0,5
56,1329,0.0,0.0,0,0,0,5
56,1330,0.0,0.0,0,0,0,5
56,1331,0.0,0.0,0,0,0,5
56,1332,0.0,0.0,0,0,0,5
56,1333,0.0,0.0,0,0,0,5
56,1334,0.0,0.0,0,0,0,5
56,1335,0.0,0.0,0,0,0,5
56,1336,0.0,0.0,0,1,0,5
56,1337,0.0,0.0,0,0,0,5
56,1338,0.0,0.0,0,0,0,5
56,1339,0.0,0.0,0,0,0,5
56,1340,0.0,0.0,0,0,0,5
56,1341,0.0,0.0,0,0,0,5
56,1342,0.0,0.0,0,0,0,5
56,1343,0.0,0.0,0,0,0,5
56,1344,0.0,0.0,0,0,0,5
56,1345,0.0,0.0,0,0,0,5
56,1346,0.0,0.0,0,0,0,5
56,1347,0.0,0.0,0,0,0,5
56,1348,0.0,0.0,0,0,0,5
56,1349,0.0,0.0,0,0,0,5
56,1350,0.0,0.0,0,0,0,5
56,1351,0.0,0.0,0,0,0,5
56,1352,0.0,0.0,0,0,0,5
56,1353,0.0,0.0,0,0,0,5
56,1354,0.0,0.0,0,0,0,5
56,1355,0.0,0.0,0,0,0,5
56,1356,0.0,0.0,0,0,0,5
56,1357,0.0,0.0,0,0,0,5
56,1358,0.0,0.0,0,0,0,5
56,1359,0.0,0.0,0,0,0,5
56,1360,0.0,0.0,0,0,0,5
56,1361,0.0,0.0,0,0,0,5
56,1362,0.0,0.0,0,0,0,5
56,1363,0.0,0.0,0,0,0,5
56,1364,0.0,0.0,0,0,0,5
56,1365,0.0,0.0,0,0,0,5
56,1366,0.0,0.0,0,0,0,5
56,1367,0.0,0.0,0,0,0,5
56,1368,0.0,0.0,0,0,0,5
56,1369,0.0,0.0,0,0,0,5
56,1370,0.0,0.0,0,0,0,5
56,1371,0.0,0.0,0,0,0,5
56,1372,0.0,0.0,0,0,0,5
56,1373,0.0,0.0,0,0,0,5
56,1374,0.0,0.0,0,0,0,5
56,1375,0.0,0.0,0,0,0,5
56,1376,0.0,0.0,0,0,0,5
56,1377,0.0,0.0,0,0,0,5
56,1378,0.0,0.0,0,0,0,5
56,1379,0.0,0.0,0,0,0,5
56,1380,0.0,0.0,0,0,0,5
56,1381,0.0,0.0,0,0,0,5
56,1382,0.0,0.0,0,0,0,5
56,1383,0.0,0.0,0,0,0,5
56,1384,0.0,0.0,0,0,0,5
56,1385,0.0,0.0,0,0,0,5
56,1386,0.0,0.0,0,0,0,5
56,1387,0.0,0.0,0,0,0,5
56,1388,0.0,0.0,0,0,0,5
56,1389,0.0,0.0,0,0,0,5
56,1390,0.0,0.0,0,0,0,5
56,1391,0.0,0.0,0,0,0,5
56,1392,0.0,0.0,0,0,0,5
56,1393,0.0,0.0,0,0,0,5
56,1394,0.0,0.0,0,0,0,5
56,1395,0.0,0.0,0,0,0,5
56,1396,0.0,0.0,0,0,0,5
56,1397,0.0,0.0,0,0,0,5
56,1398,0.0,0.0,0,0,0,5
56,1399,0.0,0.0,0,0,0,5
56,1400,0.0,0.0,0,0,0,5
56,1401,0.0,0.0,0,0,0,5
56,1402,0.0,0.0,0,0,0,5
56,1403,0.0,0.0,0,0,0,5
56,1404,0.0,0.0,0,0,0,5
56,1405,0.0,0.0,0,0,0,5
56,1406,0.0,0.0,0,0,0,5
56,1407,0.0,0.0,0,0,0,5
56,1408,0.0,0.0,0,0,0,5
56,1409,0.0,0.0,0,0,0,5
56,1410,0.0,0.0,0,0,0,5
56,1411,0.0,0.0,0,0,0,5
56,1412,0.0,0.0,0,0,0,5
56,1413,0.0,0.0,0,0,0,5
56,1414,0.0,0.0,0,0,0,5
56,1415,0.0,0.0,0,0,0,5
56,1416,0.0,0.0,0,0,0,5
56,1417,0.0,0.0,0,0,0,5
56,1418,0.0,0.0,0,0,0,5
56,1419,0.0,0.0,0,0,0,5
56,1420,0.0,0.0,0,0,0,5
56,1421,0.0,0.0,0,0,0,5
56,1422,0.0,0.0,0,0,0,5
56,1423,0.0,0.0,0,0,0,5
56,1424,0.0,0.0,0,0,0,5
56,1425,0.0,0.0,0,0,0,5
56,1426,0.0,0.0,0,0,0,5
56,1427,0.0,0.0,0,0,0,5
56,1428,0.0,0.0,0,0,0,5
56,1429,0.0,0.0,0,0,0,5
56,1430,0.0,0.0,0,0,0,5
56,1431,0.0,0.0,0,0,0,5
56,1432,0.0,0.0,0,0,0,5
56,1433,0.0,0.0,0,0,0,5
56,1434,0.0,0.0,0,0,0,5
56,1435,0.0,0.0,0,0,0,5
56,1436,0.0,0.0,0,0,0,5
56,1437,0.0,0.0,0,0,0,5
56,1438,0.0,0.0,0,0,0,5
56,1439,0.0,0.0,0,0,0,5
56,1440,0.0,0.0,0,0,0,5
56,1441,0.0,0.0,0,0,0,5
56,1442,0.0,0.0,0,0,0,5
56,1443,0.0,0.0,0,0,0,5
56,1444,0.0,0.0,0,0,0,5
56,1445,0.0,0.0,0,0,0,5
56,1446,0.0,0.0,0,0,0,5
56,1447,0.0,0.0,0,0,0,5
56,1448,0.0,0.0,0,0,0,5
56,1449,0.0,0.0,0,0,0,5
56,1450,0.0,0.0,0,0,0,5
56,1451,0.0,0.0,0,0,0,5
56,1452,0.0,0.0,0,0,0,5
56,1453,0.0,0.0,0,0,0,5
56,1454,0.0,0.0,0,0,0,5
56,1455,0.0,0.0,0,0,0,5
56,1456,0.0,0.0,0,0,0,5
56,1457,0.0,0.0,0,0,0,5
56,1458,0.0,0.0,0,0,0,5
56,1459,0.0,0.0,0,0,0,5
56,1460,0.0,0.0,0,0,0,5
56,1461,0.0,0.0,0,0,0,5
56,1462,0.0,0.0,0,0,0,5
56,1463,0.0,0.0,0,0,0,5
56,1464,0.0,0.0,0,0,0,5
56,1465,0.0,0.0,0,0,0,5
56,1466,0.0,0.0,0,0,0,5
56,1467,0.0,0.0,0,0,0,5
56,1468,0.0,0.0,0,0,0,5
56,1469,0.0,0.0,0,0,0,5
56,1470,0.0,0.0,0,0,0,5
56,1471,0.0,0.0,0,0,0,5
56,1472,0.0,0.0,0,0,0,5
56,1473,0.0,0.0,0,0,0,5
56,1474,0.0,0.0,0,0,0,5
56,1475,0.0,0.0,0,0,0,5
56,1476,0.0,0.0,0,0,0,5
56,1477,0.0,0.0,0,0,0,5
56,1478,0.0,0.0,0,0,0,5
56,1479,0.0,0.0,0,0,0,5
56,1480,0.0,0.0,0,0,0,5
56,1481,0.0,0.0,0,0,0,5
56,1482,0.0,0.0,0,0,0,5
56,1483,0.0,0.0,0,0,0,5
56,1484,0.0,0.0,0,0,0,5
56,1485,0.0,0.0,0,0,0,5
56,1486,0.0,0.0,0,0,0,5
56,1487,0.0,0.0,0,0,0,5
56,1488,0.0,0.0,0,0,0,5
56,1489,0.0,0.0,0,0,0,5
56,1490,0.0,0.0,0,0,0,5
56,1491,0.0,0.0,0,0,0,5
56,1492,0.0,0.0,0,0,0,5
56,1493,0.0,0.0,0,0,0,5
56,1494,0.0,0.0,0,0,0,5
56,1495,0.0,0.0,0,0,0,5
56,1496,0.0,0.0,0,0,0,5
56,1497,0.0,0.0,0,0,0,5
56,1498,0.0,0.0,0,0,0,5
56,1499,0.0,0.0,0,0,0,5
56,1500,0.0,0.0,0,0,0,5
56,1501,0.0,0.0,0,0,0,5
56,1502,0.0,0.0,0,0,0,5
56,1503,0.0,0.0,0,0,0,5
56,1504,0.0,0.0,0,0,0,5
56,1505,0.0,0.0,0,0,0,5
56,1506,0.0,0.0,0,0,0,5
56,1507,0.0,0.0,0,0,0,5
56,1508,0.0,0.0,0,0,0,5
56,1509,0.0,0.0,0,0,0,5
56,1510,0.0,0.0,0,0,0,5
56,1511,0.0,0.0,0,0,0,5
56,1512,0.0,0.0,0,0,0,5
56,1513,0.0,0.0,0,0,0,5
56,1514,0.0,0.0,0,0,0,5
56,1515,0.0,0.0,0,0,0,5
56,1516,0.0,0.0,0,0,0,5
56,1517,0.0,0.0,0,0,0,5
56,1518,0.0,0.0,0,0,0,5
56,1519,0.0,0.0,0,0,0,5
56,1520,0.0,0.0,0,0,0,5
56,1521,0.0,0.0,0,0,0,5
56,1522,0.0,0.0,0,0,0,5
56,1523,0.0,0.0,0,0,0,5
56,1524,0.0,0.0,0,0,0,5
56,1525,0.0,0.0,0,0,0,5
56,1526,0.0,0.0,0,0,0,5
56,1527,0.0,0.0,0,0,0,5
56,1528,0.0,0.0,0,0,0,5
56,1529,0.0,0.0,0,0,0,5
56,1530,0.0,0.0,0,0,0,5
56,1531,0.0,0.0,0,0,0,5
56,1532,0.0,0.0,0,0,0,5
56,1533,0.0,0.0,0,0,0,5
56,1534,0.0,0.0,0,0,0,5
56,1535,0.0,0.0,0,0,0,5
56,1536,0.0,0.0,0,0,0,5
56,1537,0.0,0.0,0,0,0,5
56,1538,0.0,0.0,0,0,0,5
56,1539,0.0,0.0,0,0,0,5
56,1540,0.0,0.0,0,0,0,5
56,1541,0.0,0.0,0,0,0,5
56,1542,0.0,0.0,0,0,0,5
56,1543,0.0,0.0,0,0,0,5
56,1544,0.0,0.0,0,0,0,5
56,1545,0.0,0.0,0,0,0,5
56,1546,0.0,0.0,0,0,0,5
56,1547,0.0,0.0,0,0,0,5
56,1548,0.0,0.0,0,0,0,5
56,1549,0.0,0.0,0,0,0,5
56,1550,0.0,0.0,0,0,0,5
56,1551,0.0,0.0,0,0,0,5
56,1552,0.0,0.0,0,0,0,5
56,1553,0.0,0.0,0,0,0,5
56,1554,0.0,0.0,0,0,0,5
56,1555,0.0,0.0,0,0,0,5
56,1556,0.0,0.0,0,0,0,5
56,1557,0.0,0.0,0,0,0,5
56,1558,0.0,0.0,0,0,0,5
56,1559,0.0,0.0,0,0,0,5
56,1560,0.0,0.0,0,0,0,5
56,1561,0.0,0.0,0,0,0,5
56,1562,0.0,0.0,0,0,0,5
56,1563,0.0,0.0,0,0,0,5
56,1564,0.0,0.0,0,0,0,5
56,1565,0.0,0.0,0,0,0,5
56,1566,0.0,0.0,0,0,0,5
56,1567,0.0,0.0,0,0,0,5
56,1568,0.0,0.0,0,0,0,5
56,1569,0.0,0.0,0,0,0,5
56,1570,0.0,0.0,0,0,0,5
56,1571,0.0,0.0,0,0,0,5
56,1572,0.0,0.0,0,0,0,5
56,1573,0.0,0.0,0,0,0,5
56,1574,0.0,0.0,0,0,0,5
56,1575,0.0,0.0,0,0,0,5
56,1576,0.0,0.0,0,0,0,5
56,1577,0.0,0.0,0,0,0,5
56,1578,0.0,0.0,0,0,0,5
56,1579,0.0,0.0,0,0,0,5
56,1580,0.0,0.0,0,0,0,5
56,1581,0.0,0.0,0,0,0,5
56,1582,0.0,0.0,0,0,0,5
56,1583,0.0,0.0,0,0,0,5
56,1584,0.0,0.0,0,0,0,5
56,1585,0.0,0.0,0,0,0,5
56,1586,0.0,0.0,0,0,0,5
56,1587,0.0,0.0,0,0,0,5
56,1588,0.0,0.0,0,0,0,5
56,1589,0.0,0.0,0,0,0,5
56,1590,0.0,0.0,0,0,0,5
56,1591,0.0,0.0,0,0,0,5
56,1592,0.0,0.0,0,0,0,5
56,1593,0.0,0.0,0,0,0,5
56,1594,0.0,0.0,0,0,0,5
56,1595,0.0,0.0,0,0,0,5
56,1596,0.0,0.0,0,0,0,5
56,1597,0.0,0.0,0,0,0,5
56,1598,0.0,0.0,0,0,0,5
56,1599,0.0,0.0,0,0,0,5
56,1600,0.0,0.0,0,0,0,5
56,1601,0.0,0.0,0,0,0,5
56,1602,0.0,0.0,0,0,0,5
56,1603,0.0,0.0,0,0,0,5
56,1604,0.0,0.0,0,0,0,5
56,1605,0.0,0.0,0,0,0,5
56,1606,0.0,0.0,0,0,0,5
56,1607,0.0,0.0,0,0,0,5
56,1608,0.0,0.0,0,0,0,5
56,1609,0.0,0.0,0,0,0,5
56,1610,0.0,0.0,0,0,0,5
56,1611,0.0,0.0,0,0,0,5
56,1612,0.0,0.0,0,0,0,5
56,1613,0.0,0.0,0,0,0,5
56,1614,0.0,0.0,0,0,0,5
56,1615,0.0,0.0,0,0,0,5
56,1616,0.0,0.0,0,0,0,5
56,1617,0.0,0.0,0,0,0,5
56,1618,0.0,0.0,0,0,0,5
56,1619,0.0,0.0,0,0,0,5
56,1620,0.0,0.0,0,0,0,5
56,1621,0.0,0.0,0,0,0,5
56,1622,0.0,0.0,0,0,0,5
56,1623,0.0,0.0,0,0,0,5
56,1624,0.0,0.0,0,0,0,5
56,1625,0.0,0.0,0,0,0,5
56,1626,0.0,0.0,0,0,0,5
56,1627,0.0,0.0,0,0,0,5
56,1628,0.0,0.0,0,0,0,5
56,1629,0.0,0.0,0,0,0,5
56,1630,0.0,0.0,0,0,0,5
56,1631,0.0,0.0,0,0,0,5
56,1632,0.0,0.0,0,0,0,5
56,1633,0.0,0.0,0,0,0,5
56,1634,0.0,0.0,0,0,0,5
56,1635,0.0,0.0,0,0,0,5
56,1636,0.0,0.0,0,0,0,5
56,1637,0.0,0.0,0,0,0,5
56,1638,0.0,0.0,0,0,0,5
56,1639,0.0,0.0,0,0,0,5
56,1640,0.0,0.0,0,0,0,5
56,1641,0.0,0.0,0,0,0,5
56,1642,0.0,0.0,0,0,0,5
56,1643,0.0,0.0,0,0,0,5
56,1644,0.0,0.0,0,0,0,5
56,1645,0.0,0.0,0,0,0,5
56,1646,0.0,0.0,0,0,0,5
56,1647,0.0,0.0,0,0,0,5
56,1648,0.0,0.0,0,0,0,5
56,1649,0.0,0.0,0,0,0,5
56,1650,0.0,0.0,0,0,0,5
56,1651,0.0,0.0,0,0,0,5
56,1652,0.0,0.0,0,0,0,5
56,1653,0.0,0.0,0,0,0,5
56,1654,0.0,0.0,0,0,0,5
56,1655,0.0,0.0,0,0,0,5
56,1656,0.0,0.0,0,0,0,5
56,1657,0.0,0.0,0,0,0,5
56,1658,0.0,0.0,0,0,0,5
56,1659,0.0,0.0,0,0,0,5
56,1660,0.0,0.0,0,0,0,5
56,1661,0.0,0.0,0,0,0,5
56,1662,0.0,0.0,0,0,0,5
56,1663,0.0,0.0,0,0,0,5
56,1664,0.0,0.0,0,0,0,5
56,1665,0.0,0.0,0,0,0,5
56,1666,0.0,0.0,0,0,0,5
56,1667,0.0,0.0,0,0,0,5
56,1668,0.0,0.0,0,0,0,5
56,1669,0.0,0.0,0,0,0,5
56,1670,0.0,0.0,0,0,0,5
56,1671,0.0,0.0,0,0,0,5
56,1672,0.0,0.0,0,0,0,5
56,1673,0.0,0.0,0,0,0,5
56,1674,0.0,0.0,0,0,0,5
56,1675,0.0,0.0,0,0,0,5
56,1676,0.0,0.0,0,0,0,5
56,1677,0.0,0.0,0,0,0,5
56,1678,0.0,0.0,0,0,0,5
56,1679,0.0,0.0,0,0,0,5
56,1680,0.0,0.0,0,0,0,5
56,1681,0.0,0.0,0,0,0,5
56,1682,0.0,0.0,0,0,0,5
56,1683,0.0,0.0,0,0,0,5
56,1684,0.0,0.0,0,0,0,5
56,1685,0.0,0.0,0,0,0,5
56,1686,0.0,0.0,0,0,0,5
56,1687,0.0,0.0,0,0,0,5
56,1688,0.0,0.0,0,0,0,5
56,1689,0.0,0.0,0,0,0,5
56,1690,0.0,0.0,0,0,0,5
56,1691,0.0,0.0,0,0,0,5
56,1692,0.0,0.0,0,0,0,5
56,1693,0.0,0.0,0,0,0,5
56,1694,0.0,0.0,0,0,0,5
56,1695,0.0,0.0,0,0,0,5
56,1696,0.0,0.0,0,0,0,5
56,1697,0.0,1.0,0,0,0,5
56,1698,0.0,1.0,0,0,0,5
56,1699,0.0,1.0,0,0,0,5
56,1700,0.0,1.0,0,0,0,5
56,1701,0.0,1.0,0,0,0,5
56,1702,0.0,1.0,0,0,0,5
56,1703,0.0,1.0,0,0,0,5
56,1704,1.0,1.0,0,0,0,5
56,1705,1.0,1.0,0,0,0,5
56,1706,1.0,1.0,0,0,0,5
56,1707,1.0,1.0,0,0,0,5
56,1708,1.0,1.0,0,0,0,5
56,1709,1.0,1.0,0,0,0,5
56,1710,1.0,1.0,0,0,0,5
56,1711,1.0,1.0,0,0,0,5
56,1712,1.0,1.0,0,0,0,5
56,1713,1.0,1.0,0,0,0,5
56,1714,1.0,1.0,0,0,0,5
56,1715,1.0,1.0,0,0,0,5
56,1716,1.0,1.0,0,0,0,5
56,1717,1.0,1.0,0,0,0,5
56,1718,1.0,1.0,0,0,0,5
56,1719,1.0,1.0,0,0,0,5
56,1720,1.0,1.0,0,0,0,5
56,1721,1.0,1.0,0,0,0,5
56,1722,1.0,1.0,0,0,0,5
56,1723,1.0,1.0,0,0,0,5
56,1724,1.0,1.0,0,0,0,5
56,1725,1.0,1.0,0,0,0,5
56,1726,1.0,1.0,0,0,0,5
56,1727,1.0,1.0,0,0,0,5
56,1728,1.0,1.0,0,0,0,5
56,1729,1.0,1.0,0,0,0,5
56,1730,1.0,1.0,0,0,0,5
56,1731,1.0,1.0,0,0,0,5
56,1732,1.0,1.0,0,0,0,5
56,1733,1.0,1.0,0,0,0,5
56,1734,1.0,1.0,0,0,0,5
56,1735,1.0,1.0,0,0,0,5
56,1736,1.0,1.0,0,0,0,5
56,1737,1.0,1.0,0,0,0,5
56,1738,1.0,1.0,0,0,0,5
56,1739,1.0,1.0,0,0,0,5
56,1740,1.0,1.0,0,0,0,5
56,1741,1.0,1.0,0,0,0,5
56,1742,1.0,1.0,0,0,0,5
56,1743,1.0,1.0,0,0,0,5
56,1744,1.0,1.0,0,0,0,5
56,1745,1.0,1.0,0,0,0,5
56,1746,1.0,1.0,0,0,0,5
56,1747,1.0,1.0,0,0,0,5
56,1748,1.0,1.0,0,0,0,5
56,1749,1.0,1.0,0,0,0,5
56,1750,1.0,1.0,0,0,0,5
56,1751,1.0,1.0,0,0,0,5
56,1752,1.0,1.0,0,0,0,5
56,1753,1.0,1.0,0,0,0,5
56,1754,1.0,1.0,0,0,0,5
56,1755,1.0,1.0,0,0,0,5
56,1756,1.0,1.0,0,0,0,5
56,1757,1.0,1.0,0,0,0,5
56,1758,1.0,1.0,0,0,0,5
56,1759,1.0,1.0,0,0,0,5
56,1760,1.0,1.0,0,0,0,5
56,1761,1.0,1.0,0,0,0,5
56,1762,1.0,1.0,0,0,0,5
56,1763,1.0,1.0,0,0,0,5
56,1764,1.0,1.0,0,0,0,5
56,1765,1.0,1.0,0,0,0,5
56,1766,1.0,1.0,0,0,0,5
56,1767,1.0,1.0,0,0,0,5
56,1768,1.0,1.0,0,0,0,5
56,1769,1.0,1.0,0,0,0,5
56,1770,1.0,1.0,0,0,0,5
56,1771,1.0,1.0,0,0,0,5
56,1772,1.0,1.0,0,0,0,5
56,1773,1.0,1.0,0,0,0,5
56,1774,1.0,1.0,0,0,0,5
56,1775,1.0,1.0,0,0,0,5
56,1776,1.0,1.0,0,0,0,5
56,1777,1.0,1.0,0,0,0,5
56,1778,1.0,1.0,0,0,0,5
56,1779,1.0,1.0,0,0,0,5
56,1780,1.0,1.0,0,0,0,5
56,1781,1.0,1.0,0,0,0,5
56,1782,1.0,1.0,0,0,0,5
56,1783,1.0,1.0,0,0,0,5
56,1784,1.0,1.0,0,0,0,5
56,1785,1.0,1.0,0,0,0,5
56,1786,1.0,1.0,0,0,0,5
56,1787,1.0,1.0,0,0,0,5
56,1788,1.0,1.0,0,0,0,5
56,1789,1.0,1.0,0,0,0,5
56,1790,1.0,1.0,0,0,0,5
56,1791,1.0,1.0,0,0,0,5
56,1792,1.0,1.0,1,0,0,5
56,1793,1.0,1.0,1,0,0,5
56,1794,1.0,1.0,1,0,0,5
56,1795,1.0,1.0,1,0,0,5
56,1796,1.0,1.0,1,0,0,5
56,1797,1.0,1.0,1,0,0,5
56,1798,1.0,1.0,1,0,0,5
56,1799,1.0,1.0,1,0,0,5
56,1800,1.0,1.0,1,0,0,5
56,1801,1.0,1.0,1,0,0,5
56,1802,1.0,1.0,1,0,0,5
56,1803,1.0,1.0,1,0,0,5
56,1804,1.0,1.0,1,0,0,5
56,1805,1.0,1.0,1,0,0,5
56,1806,1.0,1.0,1,0,0,5
56,1807,1.0,1.0,1,0,0,5
56,1808,1.0,1.0,1,0,0,5
56,1809,1.0,1.0,1,0,0,5
56,1810,1.0,1.0,1,0,0,5
56,1811,1.0,1.0,1,0,0,5
56,1812,1.0,1.0,1,0,0,5
56,1813,1.0,1.0,1,0,0,5
56,1814,1.0,1.0,1,0,0,5
56,1815,1.0,1.0,1,0,0,5
56,1816,1.0,1.0,1,0,0,5
56,1817,1.0,1.0,1,0,0,5
56,1818,1.0,1.0,1,0,0,5
56,1819,1.0,1.0,1,0,0,5
56,1820,1.0,1.0,1,0,0,5
56,1821,1.0,1.0,1,0,0,5
56,1822,1.0,1.0,1,0,0,5
56,1823,1.0,1.0,1,0,0,5
56,1824,1.0,1.0,1,0,0,5
56,1825,1.0,1.0,1,0,0,5
56,1826,1.0,1.0,1,0,0,5
56,1827,1.0,1.0,1,0,0,5
56,1828,1.0,1.0,1,0,0,5
56,1829,1.0,1.0,1,0,0,5
56,1830,1.0,1.0,1,0,0,5
56,1831,1.0,1.0,1,0,0,5
56,1832,1.0,1.0,1,0,0,5
56,1833,1.0,1.0,1,0,0,5
56,1834,1.0,1.0,1,0,0,5
56,1835,1.0,1.0,1,0,0,5
56,1836,1.0,1.0,1,0,0,5
56,1837,1.0,1.0,1,0,0,5
56,1838,1.0,1.0,1,0,0,5
56,1839,1.0,1.0,1,0,0,5
56,1840,1.0,1.0,1,0,0,5
56,1841,1.0,1.0,1,0,0,5
56,1842,1.0,1.0,1,0,0,5
56,1843,1.0,1.0,1,0,0,5
56,1844,1.0,1.0,1,0,0,5
56,1845,1.0,1.0,1,0,0,5
56,1846,1.0,1.0,1,0,0,5
56,1847,1.0,1.0,1,0,0,5
56,1848,1.0,1.0,1,0,0,5
56,1849,1.0,1.0,1,0,0,5
56,1850,1.0,1.0,1,0,0,5
56,1851,1.0,1.0,1,0,0,5
56,1852,1.0,1.0,1,0,0,5
56,1853,1.0,1.0,1,0,0,5
56,1854,1.0,1.0,1,0,0,5
56,1855,1.0,1.0,1,0,0,5
56,1856,1.0,1.0,1,0,0,5
56,1857,1.0,1.0,1,0,0,5
56,1858,1.0,1.0,1,0,0,5
56,1859,1.0,1.0,1,0,0,5
56,1860,1.0,1.0,1,0,0,5
56,1861,1.0,1.0,1,0,0,5
56,1862,1.0,1.0,1,0,0,5
56,1863,1.0,1.0,1,0,0,5
56,1864,1.0,1.0,1,0,0,5
56,1865,1.0,1.0,1,0,0,5
56,1866,1.0,1.0,1,0,0,5
56,1867,1.0,1.0,1,0,0,5
56,1868,1.0,1.0,1,0,0,5
56,1869,1.0,0.0,1,0,0,5
56,1870,1.0,0.0,1,0,0,5
56,1871,1.0,0.0,1,0,0,5
56,1872,1.0,0.0,1,0,0,5
56,1873,1.0,0.0,1,0,0,5
56,1874,1.0,0.0,0,0,0,5
56,1875,1.0,0.0,0,0,0,5
56,1876,0.0,0.0,0,0,0,5
56,1877,0.0,0.0,0,0,0,5
56,1878,0.0,0.0,0,0,0,5
56,1879,0.0,0.0,0,0,0,5
56,1880,0.0,0.0,0,0,0,5
56,1881,0.0,0.0,0,0,0,5
56,1882,0.0,0.0,0,0,0,5
56,1883,0.0,0.0,0,0,0,5
56,1884,0.0,0.0,0,0,0,5
56,1885,0.0,0.0,0,0,0,5
56,1886,0.0,0.0,0,0,0,5
56,1887,0.0,0.0,0,0,0,5
56,1888,0.0,0.0,0,0,0,5
56,1889,0.0,0.0,0,0,0,5
56,1890,0.0,0.0,0,0,0,5
56,1891,0.0,0.0,0,0,0,5
56,1892,0.0,0.0,0,0,0,5
56,1893,0.0,0.0,0,0,0,5
56,1894,0.0,0.0,0,0,0,5
56,1895,0.0,0.0,0,0,0,5
56,1896,0.0,0.0,0,0,0,5
56,1897,0.0,0.0,0,0,0,5
56,1898,0.0,0.0,0,0,0,5
56,1899,0.0,0.0,0,0,0,5
56,1900,0.0,0.0,0,0,0,5
56,1901,0.0,0.0,0,0,0,5
56,1902,0.0,0.0,0,0,0,5
56,1903,0.0,0.0,0,0,0,5
56,1904,0.0,0.0,0,0,0,5
56,1905,0.0,0.0,0,0,0,5
56,1906,0.0,0.0,0,0,0,5
56,1907,0.0,0.0,0,0,0,5
56,1908,0.0,0.0,0,0,0,5
56,1909,0.0,0.0,0,0,0,5
56,1910,0.0,0.0,0,0,0,5
56,1911,0.0,0.0,0,0,0,5
56,1912,0.0,0.0,0,0,0,5
56,1913,0.0,0.0,0,0,0,5
56,1914,0.0,0.0,0,0,0,5
56,1915,0.0,0.0,0,0,0,5
56,1916,0.0,0.0,0,0,0,5
56,1917,0.0,0.0,0,0,0,5
56,1918,0.0,0.0,0,0,0,5
56,1919,0.0,0.0,0,0,0,5
56,1920,0.0,0.0,0,0,0,5
56,1921,0.0,0.0,0,0,0,5
56,1922,0.0,0.0,0,0,0,5
56,1923,0.0,0.0,0,0,0,5
56,1924,0.0,0.0,0,0,0,5
56,1925,0.0,0.0,0,0,0,5
56,1926,0.0,0.0,0,0,0,5
56,1927,0.0,0.0,0,0,0,5
56,1928,0.0,0.0,0,0,0,5
56,1929,0.0,0.0,0,0,0,5
56,1930,0.0,0.0,0,0,0,5
56,1931,0.0,0.0,0,0,0,5
56,1932,0.0,0.0,0,0,0,5
56,1933,0.0,0.0,0,0,0,5
56,1934,0.0,0.0,0,0,0,5
56,1935,0.0,0.0,0,0,0,5
56,1936,0.0,0.0,0,0,0,5
56,1937,0.0,0.0,0,0,0,5
56,1938,0.0,0.0,0,0,0,5
56,1939,0.0,0.0,0,0,0,5
56,1940,0.0,0.0,0,0,0,5
56,1941,0.0,0.0,0,0,0,5
56,1942,0.0,0.0,0,0,0,5
56,1943,0.0,0.0,0,0,0,5
56,1944,0.0,0.0,0,0,0,5
56,1945,0.0,0.0,0,0,0,5
56,1946,0.0,0.0,0,0,0,5
56,1947,0.0,0.0,0,0,0,5
56,1948,0.0,0.0,0,0,0,5
56,1949,0.0,0.0,0,0,0,5
56,1950,0.0,0.0,0,0,0,5
56,1951,0.0,0.0,0,0,0,5
56,1952,0.0,0.0,0,0,0,5
56,1953,0.0,0.0,0,0,0,5
56,1954,0.0,0.0,0,0,0,5
56,1955,0.0,0.0,0,0,0,5
56,1956,0.0,0.0,0,0,0,5
56,1957,0.0,0.0,0,0,0,5
56,1958,0.0,0.0,0,0,0,5
56,1959,0.0,0.0,0,0,0,5
56,1960,0.0,0.0,0,0,0,5
56,1961,0.0,0.0,0,0,0,5
56,1962,0.0,0.0,0,0,0,5
56,1963,0.0,0.0,0,0,0,5
56,1964,0.0,0.0,0,0,0,5
56,1965,0.0,0.0,0,0,0,5
56,1966,0.0,0.0,0,0,0,5
56,1967,0.0,0.0,0,0,0,5
56,1968,0.0,0.0,0,0,0,5
56,1969,0.0,0.0,0,0,0,5
56,1970,0.0,0.0,0,0,0,5
56,1971,0.0,0.0,0,0,0,5
56,1972,0.0,0.0,0,0,0,5
56,1973,0.0,0.0,0,0,0,5
56,1974,0.0,0.0,0,0,0,5
56,1975,0.0,0.0,0,0,0,5
56,1976,0.0,0.0,0,0,0,5
56,1977,0.0,0.0,0,0,0,5
56,1978,0.0,0.0,0,0,0,5
56,1979,0.0,0.0,0,0,0,5
56,1980,0.0,0.0,0,0,0,5
56,1981,0.0,0.0,0,0,0,5
56,1982,0.0,0.0,0,0,0,5
56,1983,0.0,0.0,0,0,0,5
56,1984,0.0,0.0,0,0,0,5
56,1985,0.0,0.0,0,0,0,5
56,1986,0.0,0.0,0,0,0,5
56,1987,0.0,0.0,0,0,0,5
56,1988,0.0,0.0,0,0,0,5
56,1989,0.0,0.0,0,0,0,5
56,1990,0.0,0.0,0,0,0,5
56,1991,0.0,0.0,0,0,0,5
56,1992,0.0,0.0,0,0,0,5
56,1993,0.0,0.0,0,0,0,5
56,1994,0.0,0.0,0,0,0,5
56,1995,0.0,0.0,0,0,0,5
56,1996,0.0,0.0,0,0,0,5
56,1997,0.0,0.0,0,0,0,5
56,1998,0.0,0.0,0,0,0,5
56,1999,0.0,0.0,0,0,0,5
57,0,0.0,0.0,0,0,0,5
57,1,0.0,0.0,0,0,0,5
57,2,0.0,0.0,0,0,0,5
57,3,0.0,0.0,0,0,0,5
57,4,0.0,0.0,0,0,0,5
57,5,0.0,0.0,0,0,0,5
57,6,0.0,0.0,0,0,0,5
57,7,0.0,0.0,0,0,0,5
57,8,0.0,0.0,0,0,0,5
57,9,0.0,0.0,0,0,0,5
57,10,0.0,0.0,0,0,0,5
57,11,0.0,0.0,0,0,0,5
57,12,0.0,0.0,0,0,0,5
57,13,0.0,0.0,0,0,0,5
57,14,0.0,0.0,0,0,0,5
57,15,0.0,0.0,0,0,0,5
57,16,0.0,0.0,0,0,0,5
57,17,0.0,0.0,0,0,0,5
57,18,0.0,0.0,0,0,0,5
57,19,0.0,0.0,0,0,0,5
57,20,0.0,0.0,0,0,0,5
57,21,0.0,0.0,0,0,0,5
57,22,0.0,0.0,0,0,0,5
57,23,0.0,0.0,0,0,0,5
57,24,0.0,0.0,0,0,0,5
57,25,0.0,0.0,0,0,0,5
57,26,0.0,0.0,0,0,0,5
57,27,0.0,0.0,0,0,0,5
57,28,0.0,0.0,0,0,0,5
57,29,0.0,0.0,0,0,0,5
57,30,0.0,0.0,0,0,0,5
57,31,0.0,0.0,0,0,0,5
57,32,0.0,0.0,0,0,0,5
57,33,0.0,0.0,0,0,0,5
57,34,0.0,0.0,0,0,0,5
57,35,0.0,0.0,0,0,0,5
57,36,0.0,0.0,0,0,0,5
57,37,0.0,0.0,0,0,0,5
57,38,0.0,0.0,0,0,0,5
57,39,0.0,0.0,0,0,0,5
57,40,0.0,0.0,0,0,0,5
57,41,0.0,0.0,0,0,0,5
57,42,0.0,0.0,0,0,0,5
57,43,0.0,0.0,0,0,0,5
57,44,0.0,0.0,0,0,0,5
57,45,0.0,0.0,0,0,0,5
57,46,0.0,0.0,0,0,0,5
57,47,0.0,0.0,0,0,0,5
57,48,0.0,0.0,0,0,0,5
57,49,0.0,0.0,0,0,0,5
57,50,0.0,0.0,0,0,0,5
57,51,0.0,0.0,0,0,0,5
57,52,0.0,0.0,0,0,0,5
57,53,0.0,0.0,0,0,0,5
57,54,0.0,0.0,0,0,0,5
57,55,0.0,0.0,0,0,0,5
57,56,0.0,0.0,0,0,0,5
57,57,0.0,0.0,0,0,0,5
57,58,0.0,0.0,0,0,0,5
57,59,0.0,0.0,0,0,0,5
57,60,0.0,0.0,0,0,0,5
57,61,0.0,0.0,0,0,0,5
57,62,0.0,0.0,0,0,0,5
57,63,0.0,0.0,0,0,0,5
57,64,0.0,0.0,0,0,0,5
57,65,0.0,0.0,0,0,0,5
57,66,0.0,0.0,0,0,0,5
57,67,0.0,0.0,0,0,0,5
57,68,0.0,0.0,0,0,0,5
57,69,0.0,0.0,0,0,0,5
57,70,0.0,0.0,0,0,0,5
57,71,0.0,0.0,0,0,0,5
57,72,0.0,0.0,0,0,0,5
57,73,0.0,0.0,0,0,0,5
57,74,0.0,0.0,0,0,0,5
57,75,0.0,0.0,0,0,0,5
57,76,0.0,0.0,0,0,0,5
57,77,0.0,0.0,0,0,0,5
57,78,0.0,0.0,0,0,0,5
57,79,0.0,0.0,0,0,0,5
57,80,0.0,0.0,0,0,0,5
57,81,0.0,0.0,0,0,0,5
57,82,0.0,0.0,0,0,0,5
57,83,0.0,0.0,0,0,0,5
57,84,0.0,0.0,0,0,0,5
57,85,0.0,0.0,0,0,0,5
57,86,0.0,0.0,0,0,0,5
57,87,0.0,0.0,0,0,0,5
57,88,0.0,0.0,0,0,0,5
57,89,0.0,0.0,0,0,0,5
57,90,0.0,0.0,0,0,0,5
57,91,0.0,0.0,0,0,0,5
57,92,0.0,0.0,0,0,0,5
57,93,0.0,0.0,0,0,0,5
57,94,0.0,0.0,0,0,0,5
57,95,0.0,0.0,0,0,0,5
57,96,0.0,0.0,0,0,0,5
57,97,0.0,0.0,0,0,0,5
57,98,0.0,0.0,0,0,0,5
57,99,0.0,0.0,0,0,0,5
57,100,0.0,0.0,0,0,0,5
57,101,0.0,0.0,0,0,0,5
57,102,0.0,0.0,0,0,0,5
57,103,0.0,0.0,0,0,0,5
57,104,0.0,0.0,0,0,0,5
57,105,0.0,0.0,0,0,0,5
57,106,0.0,0.0,0,0,0,5
57,107,0.0,0.0,0,0,0,5
57,108,0.0,0.0,0,0,0,5
57,109,0.0,0.0,0,0,0,5
57,110,0.0,0.0,0,0,0,5
57,111,0.0,0.0,0,0,0,5
57,112,0.0,0.0,0,0,0,5
57,113,0.0,0.0,0,0,0,5
57,114,0.0,0.0,0,0,0,5
57,115,0.0,0.0,0,0,0,5
57,116,0.0,0.0,0,0,0,5
57,117,0.0,0.0,0,0,0,5
57,118,0.0,0.0,0,0,0,5
57,119,0.0,0.0,0,0,0,5
57,120,0.0,0.0,0,0,0,5
57,121,0.0,0.0,0,0,0,5
57,122,0.0,0.0,0,0,0,5
57,123,0.0,0.0,0,0,0,5
57,124,0.0,0.0,0,0,0,5
57,125,0.0,0.0,0,0,0,5
57,126,0.0,0.0,0,0,0,5
57,127,0.0,0.0,0,0,0,5
57,128,0.0,0.0,0,0,0,5
57,129,0.0,0.0,0,0,0,5
57,130,0.0,0.0,0,0,0,5
57,131,0.0,0.0,0,0,0,5
57,132,0.0,0.0,0,0,0,5
57,133,0.0,0.0,0,0,0,5
57,134,0.0,0.0,0,0,0,5
57,135,0.0,0.0,0,0,0,5
57,136,0.0,0.0,0,0,0,5
57,137,0.0,0.0,0,0,0,5
57,138,0.0,0.0,0,0,0,5
57,139,0.0,0.0,0,0,0,5
57,140,0.0,0.0,0,0,0,5
57,141,0.0,0.0,0,0,0,5
57,142,0.0,0.0,0,0,0,5
57,143,0.0,0.0,0,0,0,5
57,144,0.0,0.0,0,0,0,5
57,145,0.0,0.0,0,0,0,5
57,146,0.0,0.0,0,0,0,5
57,147,0.0,0.0,0,0,0,5
57,148,0.0,0.0,0,0,0,5
57,149,0.0,0.0,0,0,0,5
57,150,0.0,0.0,0,0,0,5
57,151,0.0,0.0,0,0,0,5
57,152,0.0,0.0,0,0,0,5
57,153,0.0,0.0,0,0,0,5
57,154,0.0,0.0,0,0,0,5
57,155,0.0,0.0,0,0,0,5
57,156,0.0,0.0,0,0,0,5
57,157,0.0,0.0,0,0,0,5
57,158,0.0,0.0,0,0,0,5
57,159,0.0,0.0,0,0,0,5
57,160,0.0,0.0,0,0,0,5
57,161,0.0,0.0,0,0,0,5
57,162,0.0,0.0,0,0,0,5
57,163,0.0,0.0,0,0,0,5
57,164,0.0,0.0,0,0,0,5
57,165,0.0,0.0,0,0,0,5
57,166,0.0,0.0,0,0,0,5
57,167,0.0,0.0,0,0,0,5
57,168,0.0,0.0,0,0,0,5
57,169,0.0,0.0,0,0,0,5
57,170,0.0,0.0,0,0,0,5
57,171,0.0,0.0,0,0,0,5
57,172,0.0,0.0,0,0,0,5
57,173,0.0,0.0,0,0,0,5
57,174,0.0,0.0,0,0,0,5
57,175,0.0,0.0,0,0,0,5
57,176,0.0,0.0,0,0,0,5
57,177,0.0,0.0,0,0,0,5
57,178,0.0,0.0,0,0,0,5
57,179,0.0,0.0,0,0,0,5
57,180,0.0,0.0,0,0,0,5
57,181,0.0,0.0,0,0,0,5
57,182,0.0,0.0,0,0,0,5
57,183,0.0,0.0,0,0,0,5
57,184,0.0,0.0,0,0,0,5
57,185,0.0,0.0,0,0,0,5
57,186,0.0,0.0,0,0,0,5
57,187,0.0,0.0,0,0,0,5
57,188,0.0,0.0,0,0,0,5
57,189,0.0,0.0,0,0,0,5
57,190,0.0,0.0,0,0,0,5
57,191,0.0,0.0,0,0,0,5
57,192,0.0,0.0,0,0,0,5
57,193,0.0,0.0,0,0,0,5
57,194,0.0,0.0,0,0,0,5
57,195,0.0,0.0,0,0,0,5
57,196,0.0,0.0,0,0,0,5
57,197,0.0,0.0,0,0,0,5
57,198,0.0,0.0,0,0,0,5
57,199,0.0,0.0,0,0,0,5
57,200,0.0,0.0,0,0,0,5
57,201,0.0,0.0,0,0,0,5
57,202,0.0,0.0,0,0,0,5
57,203,0.0,0.0,0,0,0,5
57,204,0.0,0.0,0,0,0,5
57,205,0.0,0.0,0,0,0,5
57,206,0.0,0.0,0,0,0,5
57,207,0.0,0.0,0,0,0,5
57,208,0.0,0.0,0,0,0,5
57,209,0.0,0.0,0,0,0,5
57,210,0.0,0.0,0,0,0,5
57,211,0.0,0.0,0,0,0,5
57,212,0.0,0.0,0,0,0,5
57,213,0.0,0.0,0,0,0,5
57,214,0.0,0.0,0,0,0,5
57,215,0.0,0.0,0,0,0,5
57,216,0.0,0.0,0,0,0,5
57,217,0.0,0.0,0,0,0,5
57,218,0.0,0.0,0,0,0,5
57,219,0.0,0.0,0,0,0,5
57,220,0.0,0.0,0,0,0,5
57,221,0.0,0.0,0,0,0,5
57,222,0.0,0.0,0,0,0,5
57,223,0.0,0.0,0,0,0,5
57,224,0.0,0.0,0,0,0,5
57,225,0.0,0.0,0,0,0,5
57,226,0.0,0.0,0,0,0,5
57,227,0.0,0.0,0,0,0,5
57,228,0.0,0.0,0,0,0,5
57,229,0.0,0.0,0,0,0,5
57,230,0.0,0.0,0,0,0,5
57,231,0.0,0.0,0,0,0,5
57,232,0.0,0.0,0,0,0,5
57,233,0.0,0.0,0,0,0,5
57,234,0.0,0.0,0,0,0,5
57,235,0.0,0.0,0,0,0,5
57,236,0.0,0.0,0,0,0,5
57,237,0.0,0.0,0,0,0,5
57,238,0.0,0.0,0,0,0,5
57,239,0.0,0.0,0,0,0,5
57,240,0.0,0.0,0,0,0,5
57,241,0.0,0.0,0,0,0,5
57,242,0.0,0.0,0,0,0,5
57,243,0.0,0.0,0,0,0,5
57,244,0.0,0.0,0,0,0,5
57,245,0.0,0.0,0,0,0,5
57,246,0.0,0.0,0,0,0,5
57,247,0.0,0.0,0,0,0,5
57,248,0.0,0.0,0,0,0,5
57,249,0.0,0.0,0,0,0,5
57,250,0.0,1.0,0,0,0,5
57,251,0.0,1.0,0,0,0,5
57,252,0.0,1.0,0,0,0,5
57,253,0.0,1.0,0,0,0,5
57,254,0.0,1.0,0,0,0,5
57,255,0.0,1.0,0,0,0,5
57,256,1.0,1.0,0,0,0,5
57,257,1.0,1.0,0,0,0,5
57,258,1.0,1.0,0,0,0,5
57,259,1.0,1.0,0,0,0,5
57,260,1.0,1.0,0,0,0,5
57,261,1.0,1.0,0,0,0,5
57,262,1.0,1.0,0,0,0,5
57,263,1.0,1.0,0,0,0,5
57,264,1.0,1.0,0,0,0,5
57,265,1.0,1.0,0,0,0,5
57,266,1.0,1.0,0,0,0,5
57,267,1.0,1.0,0,0,0,5
57,268,1.0,1.0,0,0,0,5
57,269,1.0,1.0,0,0,0,5
57,270,1.0,1.0,0,0,0,5
57,271,1.0,1.0,0,0,0,5
57,272,1.0,1.0,0,0,0,5
57,273,1.0,1.0,0,0,0,5
57,274,1.0,1.0,0,0,0,5
57,275,1.0,1.0,0,0,0,5
57,276,1.0,1.0,0,0,0,5
57,277,1.0,1.0,0,0,0,5
57,278,1.0,1.0,0,0,0,5
57,279,1.0,1.0,0,0,0,5
57,280,1.0,1.0,0,0,0,5
57,281,1.0,1.0,0,0,0,5
57,282,1.0,1.0,0,0,0,5
57,283,1.0,1.0,0,0,0,5
57,284,1.0,1.0,0,0,0,5
57,285,1.0,1.0,0,0,0,5
57,286,1.0,1.0,0,0,0,5
57,287,1.0,1.0,0,0,0,5
57,288,1.0,1.0,0,0,0,5
57,289,1.0,1.0,0,0,0,5
57,290,1.0,1.0,0,0,0,5
57,291,1.0,1.0,0,0,0,5
57,292,1.0,1.0,0,0,0,5
57,293,1.0,1.0,0,0,0,5
57,294,1.0,1.0,0,0,0,5
57,295,1.0,1.0,0,0,0,5
57,296,1.0,1.0,0,0,0,5
57,297,1.0,1.0,0,0,0,5
57,298,1.0,1.0,0,0,0,5
57,299,1.0,1.0,0,0,0,5
57,300,1.0,1.0,0,0,0,5
57,301,1.0,1.0,0,0,0,5
57,302,1.0,1.0,0,0,0,5
57,303,1.0,1.0,0,0,0,5
57,304,1.0,1.0,0,0,0,5
57,305,1.0,1.0,0,0,0,5
57,306,1.0,1.0,0,0,0,5
57,307,1.0,1.0,0,0,0,5
57,308,1.0,1.0,0,0,0,5
57,309,1.0,1.0,0,0,0,5
57,310,1.0,1.0,0,0,0,5
57,311,1.0,1.0,0,0,0,5
57,312,1.0,1.0,0,0,0,5
57,313,1.0,1.0,0,0,0,5
57,314,1.0,1.0,0,0,0,5
57,315,1.0,1.0,0,0,0,5
57,316,1.0,1.0,0,0,0,5
57,317,1.0,1.0,0,0,0,5
57,318,1.0,1.0,0,0,0,5
57,319,1.0,1.0,0,0,0,5
57,320,1.0,1.0,0,0,0,5
57,321,1.0,1.0,0,0,0,5
57,322,1.0,1.0,0,0,0,5
57,323,1.0,1.0,0,0,0,5
57,324,1.0,1.0,0,0,0,5
57,325,1.0,1.0,0,0,0,5
57,326,1.0,1.0,0,0,0,5
57,327,1.0,1.0,0,0,0,5
57,328,1.0,1.0,0,0,0,5
57,329,1.0,1.0,0,0,0,5
57,330,1.0,1.0,0,0,0,5
57,331,1.0,1.0,0,0,0,5
57,332,1.0,1.0,0,0,0,5
57,333,1.0,1.0,0,0,0,5
57,334,1.0,1.0,0,0,0,5
57,335,1.0,1.0,0,0,0,5
57,336,1.0,1.0,0,0,0,5
57,337,1.0,1.0,0,0,0,5
57,338,1.0,1.0,0,0,0,5
57,339,1.0,1.0,0,0,0,5
57,340,1.0,1.0,0,0,0,5
57,341,1.0,1.0,0,0,0,5
57,342,1.0,1.0,0,0,0,5
57,343,1.0,1.0,0,0,0,5
57,344,1.0,1.0,0,0,0,5
57,345,1.0,1.0,0,0,0,5
57,346,1.0,1.0,0,0,0,5
57,347,1.0,1.0,0,0,0,5
57,348,1.0,1.0,0,0,0,5
57,349,1.0,1.0,0,0,0,5
57,350,1.0,1.0,0,0,0,5
57,351,1.0,1.0,0,0,0,5
57,352,1.0,1.0,0,0,0,5
57,353,1.0,1.0,0,0,0,5
57,354,1.0,1.0,0,0,0,5
57,355,1.0,1.0,0,0,0,5
57,356,1.0,1.0,0,0,0,5
57,357,1.0,1.0,0,0,0,5
57,358,1.0,1.0,0,0,0,5
57,359,1.0,1.0,0,0,0,5
57,360,1.0,1.0,0,0,0,5
57,361,1.0,1.0,0,0,0,5
57,362,1.0,1.0,0,0,0,5
57,363,1.0,1.0,0,0,0,5
57,364,1.0,1.0,0,0,0,5
57,365,1.0,1.0,0,0,0,5
57,366,1.0,1.0,0,0,0,5
57,367,1.0,1.0,0,0,0,5
57,368,1.0,1.0,0,0,0,5
57,369,1.0,1.0,0,0,0,5
57,370,1.0,1.0,0,0,0,5
57,371,1.0,1.0,0,0,0,5
57,372,1.0,1.0,0,0,0,5
57,373,1.0,1.0,0,0,0,5
57,374,1.0,1.0,0,0,0,5
57,375,1.0,1.0,0,0,0,5
57,376,1.0,1.0,0,0,0,5
57,377,1.0,1.0,0,0,0,5
57,378,1.0,1.0,0,0,0,5
57,379,1.0,1.0,0,0,0,5
57,380,1.0,1.0,0,0,0,5
57,381,1.0,1.0,0,0,0,5
57,382,1.0,1.0,0,0,0,5
57,383,1.0,1.0,0,0,0,5
57,384,1.0,1.0,0,0,0,5
57,385,1.0,1.0,0,0,0,5
57,386,1.0,1.0,0,0,0,5
57,387,1.0,1.0,0,0,0,5
57,388,1.0,1.0,0,0,0,5
57,389,1.0,1.0,0,0,0,5
57,390,1.0,1.0,0,0,0,5
57,391,1.0,1.0,0,0,0,5
57,392,1.0,1.0,0,0,0,5
57,393,1.0,1.0,0,0,0,5
57,394,1.0,1.0,0,0,0,5
57,395,1.0,1.0,0,0,0,5
57,396,1.0,1.0,0,0,0,5
57,397,1.0,1.0,0,0,0,5
57,398,1.0,1.0,0,0,0,5
57,399,1.0,1.0,0,0,0,5
57,400,1.0,1.0,0,0,0,5
57,401,1.0,1.0,0,0,0,5
57,402,1.0,1.0,0,0,0,5
57,403,1.0,1.0,0,0,0,5
57,404,1.0,1.0,0,0,0,5
57,405,1.0,1.0,0,0,0,5
57,406,1.0,1.0,0,0,0,5
57,407,1.0,1.0,0,0,0,5
57,408,1.0,1.0,0,0,0,5
57,409,1.0,1.0,0,0,0,5
57,410,1.0,1.0,0,0,0,5
57,411,1.0,1.0,0,0,0,5
57,412,1.0,1.0,0,0,0,5
57,413,1.0,1.0,0,0,0,5
57,414,1.0,1.0,0,0,0,5
57,415,1.0,1.0,0,0,0,5
57,416,1.0,1.0,0,0,0,5
57,417,1.0,1.0,0,0,0,5
57,418,1.0,1.0,0,0,0,5
57,419,1.0,1.0,0,0,0,5
57,420,1.0,1.0,0,0,0,5
57,421,1.0,1.0,0,0,0,5
57,422,1.0,1.0,0,0,0,5
57,423,1.0,1.0,0,0,0,5
57,424,1.0,1.0,0,0,0,5
57,425,1.0,1.0,0,0,0,5
57,426,1.0,1.0,0,0,0,5
57,427,1.0,1.0,0,0,0,5
57,428,1.0,1.0,0,0,0,5
57,429,1.0,1.0,0,0,0,5
57,430,1.0,1.0,0,0,0,5
57,431,1.0,1.0,0,0,0,5
57,432,1.0,1.0,0,0,0,5
57,433,1.0,1.0,0,0,0,5
57,434,1.0,1.0,0,0,0,5
57,435,1.0,1.0,0,0,0,5
57,436,1.0,1.0,0,0,0,5
57,437,1.0,1.0,0,0,0,5
57,438,1.0,1.0,0,0,0,5
57,439,1.0,1.0,0,0,0,5
57,440,1.0,1.0,0,0,0,5
57,441,1.0,1.0,0,0,0,5
57,442,1.0,1.0,0,0,0,5
57,443,1.0,1.0,0,0,0,5
57,444,1.0,1.0,0,0,0,5
57,445,1.0,1.0,0,0,0,5
57,446,1.0,1.0,0,0,0,5
57,447,1.0,1.0,0,0,0,5
57,448,1.0,1.0,0,0,0,5
57,449,1.0,1.0,0,0,0,5
57,450,1.0,1.0,0,0,0,5
57,451,1.0,1.0,0,0,0,5
57,452,1.0,1.0,0,0,0,5
57,453,1.0,1.0,0,0,0,5
57,454,1.0,1.0,0,0,0,5
57,455,1.0,1.0,0,0,0,5
57,456,1.0,1.0,0,0,0,5
57,457,1.0,1.0,0,0,0,5
57,458,1.0,1.0,0,0,0,5
57,459,1.0,1.0,0,0,0,5
57,460,1.0,1.0,0,0,0,5
57,461,1.0,1.0,0,0,0,5
57,462,1.0,1.0,0,0,0,5
57,463,1.0,1.0,0,0,0,5
57,464,1.0,1.0,0,0,0,5
57,465,1.0,1.0,0,0,0,5
57,466,1.0,1.0,0,0,0,5
57,467,1.0,1.0,0,0,0,5
57,468,1.0,0.0,0,0,0,5
57,469,1.0,0.0,0,0,0,5
57,470,1.0,0.0,0,0,0,5
57,471,1.0,0.0,0,0,0,5
57,472,1.0,0.0,0,0,0,5
57,473,1.0,0.0,0,0,0,5
57,474,1.0,0.0,0,0,0,5
57,475,0.0,0.0,0,0,0,5
57,476,0.0,0.0,0,0,0,5
57,477,0.0,0.0,0,0,0,5
57,478,0.0,0.0,0,0,0,5
57,479,0.0,0.0,0,0,0,5
57,480,0.0,0.0,0,0,0,5
57,481,0.0,0.0,0,0,0,5
57,482,0.0,0.0,0,0,0,5
57,483,0.0,0.0,0,0,0,5
57,484,0.0,0.0,0,0,0,5
57,485,0.0,0.0,0,0,0,5
57,486,0.0,0.0,0,0,0,5
57,487,0.0,0.0,0,0,0,5
57,488,0.0,0.0,0,0,0,5
57,489,0.0,0.0,0,0,0,5
57,490,0.0,0.0,0,0,0,5
57,491,0.0,0.0,0,0,0,5
57,492,0.0,0.0,0,0,0,5
57,493,0.0,0.0,0,0,0,5
57,494,0.0,0.0,0,0,0,5
57,495,0.0,0.0,0,0,0,5
57,496,0.0,0.0,0,0,0,5
57,497,0.0,0.0,0,0,0,5
57,498,0.0,0.0,0,0,0,5
57,499,0.0,0.0,0,0,0,5
57,500,0.0,0.0,0,0,0,5
57,501,0.0,0.0,0,0,0,5
57,502,0.0,0.0,0,0,0,5
57,503,0.0,0.0,0,0,0,5
57,504,0.0,0.0,0,0,0,5
57,505,0.0,0.0,0,0,0,5
57,506,0.0,0.0,0,0,0,5
57,507,0.0,0.0,0,0,0,5
57,508,0.0,0.0,0,0,0,5
57,509,0.0,0.0,0,0,0,5
57,510,0.0,0.0,0,0,0,5
57,511,0.0,0.0,0,0,0,5
57,512,0.0,0.0,0,0,0,5
57,513,0.0,0.0,0,0,0,5
57,514,0.0,0.0,0,0,0,5
57,515,0.0,0.0,0,0,0,5
57,516,0.0,0.0,0,0,0,5
57,517,0.0,0.0,0,0,0,5
57,518,0.0,0.0,0,0,0,5
57,519,0.0,0.0,0,0,0,5
57,520,0.0,0.0,0,0,0,5
57,521,0.0,0.0,0,0,0,5
57,522,0.0,0.0,0,0,0,5
57,523,0.0,0.0,0,0,0,5
57,524,0.0,0.0,0,0,0,5
57,525,0.0,0.0,0,0,0,5
57,526,0.0,0.0,0,0,0,5
57,527,0.0,0.0,0,0,0,5
57,528,0.0,0.0,0,0,0,5
57,529,0.0,0.0,0,0,0,5
57,530,0.0,0.0,0,0,0,5
57,531,0.0,0.0,0,0,0,5
57,532,0.0,0.0,0,0,0,5
57,533,0.0,0.0,0,0,0,5
57,534,0.0,0.0,0,0,0,5
57,535,0.0,0.0,0,0,0,5
57,536,0.0,0.0,0,0,0,5
57,537,0.0,0.0,0,0,0,5
57,538,0.0,0.0,0,0,0,5
57,539,0.0,0.0,0,0,0,5
57,540,0.0,0.0,0,0,0,5
57,541,0.0,0.0,0,0,0,5
57,542,0.0,0.0,0,0,0,5
57,543,0.0,0.0,0,0,0,5
57,544,0.0,0.0,0,0,0,5
57,545,0.0,0.0,0,0,0,5
57,546,0.0,0.0,0,0,0,5
57,547,0.0,0.0,0,0,0,5
57,548,0.0,0.0,0,0,0,5
57,549,0.0,0.0,0,0,0,5
57,550,0.0,0.0,0,0,0,5
57,551,0.0,0.0,0,0,0,5
57,552,0.0,0.0,0,0,0,5
57,553,0.0,0.0,0,0,0,5
57,554,0.0,0.0,0,0,0,5
57,555,0.0,0.0,0,0,0,5
57,556,0.0,0.0,0,0,0,5
57,557,0.0,0.0,0,0,0,5
57,558,0.0,0.0,0,0,0,5
57,559,0.0,0.0,0,0,0,5
57,560,0.0,0.0,0,0,0,5
57,561,0.0,0.0,0,0,0,5
57,562,0.0,0.0,0,0,0,5
57,563,0.0,0.0,0,0,0,5
57,564,0.0,0.0,0,0,0,5
57,565,0.0,0.0,0,0,0,5
57,566,0.0,0.0,0,0,0,5
57,567,0.0,0.0,0,0,0,5
57,568,0.0,0.0,0,0,0,5
57,569,0.0,0.0,0,0,0,5
57,570,0.0,0.0,0,0,0,5
57,571,0.0,0.0,0,0,0,5
57,572,0.0,0.0,0,0,0,5
57,573,0.0,0.0,0,0,0,5
57,574,0.0,0.0,0,0,0,5
57,575,0.0,0.0,0,0,0,5
57,576,0.0,0.0,0,0,0,5
57,577,0.0,0.0,0,0,0,5
57,578,0.0,0.0,0,0,0,5
57,579,0.0,0.0,0,0,0,5
57,580,0.0,0.0,0,0,0,5
57,581,0.0,0.0,0,0,0,5
57,582,0.0,0.0,0,0,0,5
57,583,0.0,0.0,0,0,0,5
57,584,0.0,0.0,0,0,0,5
57,585,0.0,0.0,0,0,0,5
57,586,0.0,0.0,0,0,0,5
57,587,0.0,0.0,0,0,0,5
57,588,0.0,0.0,0,0,0,5
57,589,0.0,0.0,0,0,0,5
57,590,0.0,0.0,0,0,0,5
57,591,0.0,0.0,0,0,0,5
57,592,0.0,0.0,0,0,0,5
57,593,0.0,0.0,0,0,0,5
57,594,0.0,0.0,0,0,0,5
57,595,0.0,0.0,0,0,0,5
57,596,0.0,0.0,0,0,0,5
57,597,0.0,0.0,0,0,0,5
57,598,0.0,0.0,0,0,0,5
57,599,0.0,0.0,0,0,0,5
57,600,0.0,0.0,0,0,0,5
57,601,0.0,0.0,0,0,0,5
57,602,0.0,0.0,0,0,0,5
57,603,0.0,0.0,0,0,0,5
57,604,0.0,0.0,0,0,0,5
57,605,0.0,0.0,0,0,0,5
57,606,0.0,0.0,0,0,0,5
57,607,0.0,0.0,0,0,0,5
57,608,0.0,0.0,0,0,0,5
57,609,0.0,0.0,0,0,0,5
57,610,0.0,0.0,0,0,0,5
57,611,0.0,0.0,0,0,0,5
57,612,0.0,0.0,0,0,0,5
57,613,0.0,0.0,0,0,0,5
57,614,0.0,0.0,0,0,0,5
57,615,0.0,0.0,0,0,0,5
57,616,0.0,0.0,0,0,0,5
57,617,0.0,0.0,0,0,0,5
57,618,0.0,0.0,0,0,0,5
57,619,0.0,0.0,0,0,0,5
57,620,0.0,0.0,0,0,0,5
57,621,0.0,0.0,0,0,0,5
57,622,0.0,0.0,0,0,0,5
57,623,0.0,0.0,0,0,0,5
57,624,0.0,0.0,0,0,0,5
57,625,0.0,0.0,0,0,0,5
57,626,0.0,0.0,0,0,0,5
57,627,0.0,0.0,0,0,0,5
57,628,0.0,0.0,0,0,0,5
57,629,0.0,0.0,0,0,0,5
57,630,0.0,0.0,0,0,0,5
57,631,0.0,0.0,0,0,0,5
57,632,0.0,0.0,0,0,0,5
57,633,0.0,0.0,0,0,0,5
57,634,0.0,0.0,0,0,0,5
57,635,0.0,0.0,0,0,0,5
57,636,0.0,0.0,0,0,0,5
57,637,0.0,0.0,0,0,0,5
57,638,0.0,0.0,0,0,0,5
57,639,0.0,0.0,0,0,0,5
57,640,0.0,0.0,0,0,0,5
57,641,0.0,0.0,0,0,0,5
57,642,0.0,0.0,0,0,0,5
57,643,0.0,0.0,0,0,0,5
57,644,0.0,0.0,0,0,0,5
57,645,0.0,0.0,0,0,0,5
57,646,0.0,0.0,0,0,0,5
57,647,0.0,0.0,0,0,0,5
57,648,0.0,0.0,0,0,0,5
57,649,0.0,0.0,0,0,0,5
57,650,0.0,0.0,0,0,0,5
57,651,0.0,0.0,0,0,0,5
57,652,0.0,0.0,0,0,0,5
57,653,0.0,0.0,0,0,0,5
57,654,0.0,0.0,0,0,0,5
57,655,0.0,0.0,0,0,0,5
57,656,0.0,0.0,0,0,0,5
57,657,0.0,0.0,0,0,0,5
57,658,0.0,0.0,0,0,0,5
57,659,0.0,0.0,0,0,0,5
57,660,0.0,0.0,0,0,0,5
57,661,0.0,0.0,0,0,0,5
57,662,0.0,0.0,0,0,0,5
57,663,0.0,0.0,0,0,0,5
57,664,0.0,0.0,0,0,0,5
57,665,0.0,0.0,0,0,0,5
57,666,0.0,0.0,0,0,0,5
57,667,0.0,0.0,0,0,0,5
57,668,0.0,0.0,0,0,0,5
57,669,0.0,0.0,0,0,0,5
57,670,0.0,0.0,0,0,0,5
57,671,0.0,0.0,0,0,0,5
57,672,0.0,0.0,0,0,0,5
57,673,0.0,0.0,0,0,0,5
57,674,0.0,0.0,0,0,0,5
57,675,0.0,0.0,0,0,0,5
57,676,0.0,0.0,0,0,0,5
57,677,0.0,0.0,0,0,0,5
57,678,0.0,0.0,0,0,0,5
57,679,0.0,0.0,0,0,0,5
57,680,0.0,0.0,0,0,0,5
57,681,0.0,0.0,0,0,0,5
57,682,0.0,0.0,0,0,0,5
57,683,0.0,0.0,0,0,0,5
57,684,0.0,0.0,0,0,0,5
57,685,0.0,0.0,0,0,0,5
57,686,0.0,0.0,0,0,0,5
57,687,0.0,0.0,0,0,0,5
57,688,0.0,0.0,0,0,0,5
57,689,0.0,0.0,0,0,0,5
57,690,0.0,0.0,0,0,0,5
57,691,0.0,0.0,0,0,0,5
57,692,0.0,0.0,0,0,0,5
57,693,0.0,0.0,0,0,0,5
57,694,0.0,0.0,0,0,0,5
57,695,0.0,0.0,0,0,0,5
57,696,0.0,0.0,0,0,0,5
57,697,0.0,0.0,0,0,0,5
57,698,0.0,0.0,0,0,0,5
57,699,0.0,0.0,0,0,0,5
57,700,0.0,0.0,0,0,0,5
57,701,0.0,0.0,0,0,0,5
57,702,0.0,0.0,0,0,0,5
57,703,0.0,0.0,0,0,0,5
57,704,0.0,0.0,0,0,0,5
57,705,0.0,0.0,0,0,0,5
57,706,0.0,0.0,0,0,0,5
57,707,0.0,0.0,0,0,0,5
57,708,0.0,0.0,0,0,0,5
57,709,0.0,0.0,0,0,0,5
57,710,0.0,0.0,0,0,0,5
57,711,0.0,0.0,0,0,0,5
57,712,0.0,0.0,0,0,0,5
57,713,0.0,0.0,0,0,0,5
57,714,0.0,0.0,0,0,0,5
57,715,0.0,0.0,0,0,0,5
57,716,0.0,0.0,0,0,0,5
57,717,0.0,0.0,0,0,0,5
57,718,0.0,0.0,0,0,0,5
57,719,0.0,0.0,0,0,0,5
57,720,0.0,0.0,0,0,0,5
57,721,0.0,0.0,0,0,0,5
57,722,0.0,0.0,0,0,0,5
57,723,0.0,0.0,0,0,0,5
57,724,0.0,0.0,0,0,0,5
57,725,0.0,0.0,0,0,0,5
57,726,0.0,0.0,0,0,0,5
57,727,0.0,0.0,0,0,0,5
57,728,0.0,0.0,0,0,0,5
57,729,0.0,0.0,0,0,0,5
57,730,0.0,0.0,0,0,0,5
57,731,0.0,0.0,0,0,0,5
57,732,0.0,0.0,0,0,0,5
57,733,0.0,0.0,0,0,0,5
57,734,0.0,0.0,0,0,0,5
57,735,0.0,0.0,0,0,0,5
57,736,0.0,0.0,0,0,0,5
57,737,0.0,0.0,0,0,0,5
57,738,0.0,0.0,0,0,0,5
57,739,0.0,0.0,0,0,0,5
57,740,0.0,0.0,0,0,0,5
57,741,0.0,0.0,0,0,0,5
57,742,0.0,0.0,0,0,0,5
57,743,0.0,0.0,0,0,0,5
57,744,0.0,0.0,0,0,0,5
57,745,0.0,0.0,0,0,0,5
57,746,0.0,0.0,0,0,0,5
57,747,0.0,0.0,0,0,0,5
57,748,0.0,0.0,0,0,0,5
57,749,0.0,0.0,0,0,0,5
57,750,0.0,0.0,0,0,0,5
57,751,0.0,0.0,0,0,0,5
57,752,0.0,0.0,0,0,0,5
57,753,0.0,0.0,0,0,0,5
57,754,0.0,0.0,0,0,0,5
57,755,0.0,0.0,0,0,0,5
57,756,0.0,0.0,0,0,0,5
57,757,0.0,0.0,0,0,0,5
57,758,0.0,0.0,0,0,0,5
57,759,0.0,0.0,0,0,0,5
57,760,0.0,0.0,0,0,0,5
57,761,0.0,0.0,0,0,0,5
57,762,0.0,0.0,0,0,0,5
57,763,0.0,0.0,0,0,0,5
57,764,0.0,0.0,0,0,0,5
57,765,0.0,0.0,0,0,0,5
57,766,0.0,0.0,0,0,0,5
57,767,0.0,0.0,0,0,0,5
57,768,0.0,0.0,0,0,0,5
57,769,0.0,0.0,0,0,0,5
57,770,0.0,0.0,0,0,0,5
57,771,0.0,0.0,0,0,0,5
57,772,0.0,0.0,0,0,0,5
57,773,0.0,0.0,0,0,0,5
57,774,0.0,0.0,0,0,0,5
57,775,0.0,0.0,0,0,0,5
57,776,0.0,0.0,0,0,0,5
57,777,0.0,0.0,0,0,0,5
57,778,0.0,0.0,0,0,0,5
57,779,0.0,0.0,0,0,0,5
57,780,0.0,0.0,0,0,0,5
57,781,0.0,0.0,0,0,0,5
57,782,0.0,0.0,0,0,0,5
57,783,0.0,0.0,0,0,0,5
57,784,0.0,0.0,0,0,0,5
57,785,0.0,0.0,0,0,0,5
57,786,0.0,0.0,0,0,0,5
57,787,0.0,0.0,0,0,0,5
57,788,0.0,0.0,0,0,0,5
57,789,0.0,0.0,0,0,0,5
57,790,0.0,0.0,0,0,0,5
57,791,0.0,0.0,0,0,0,5
57,792,0.0,0.0,0,0,0,5
57,793,0.0,0.0,0,0,0,5
57,794,0.0,0.0,0,0,0,5
57,795,0.0,0.0,0,0,0,5
57,796,0.0,0.0,0,0,0,5
57,797,0.0,0.0,0,1,0,5
57,798,0.0,0.0,0,0,0,5
57,799,0.0,0.0,0,0,0,5
57,800,0.0,0.0,0,0,0,5
57,801,0.0,0.0,0,0,0,5
57,802,0.0,0.0,0,0,0,5
57,803,0.0,0.0,0,0,0,5
57,804,0.0,0.0,0,0,0,5
57,805,0.0,0.0,0,0,0,5
57,806,0.0,0.0,0,0,0,5
57,807,0.0,0.0,0,0,0,5
57,808,0.0,0.0,0,0,0,5
57,809,0.0,0.0,0,0,0,5
57,810,0.0,0.0,0,0,0,5
57,811,0.0,0.0,0,0,0,5
57,812,0.0,0.0,0,0,0,5
57,813,0.0,0.0,0,0,0,5
57,814,0.0,0.0,0,0,0,5
57,815,0.0,0.0,0,0,0,5
57,816,0.0,0.0,0,0,0,5
57,817,0.0,0.0,0,0,0,5
57,818,0.0,0.0,0,0,0,5
57,819,0.0,0.0,0,0,0,5
57,820,0.0,0.0,0,0,0,5
57,821,0.0,0.0,0,0,0,5
57,822,0.0,0.0,0,0,0,5
57,823,0.0,0.0,0,0,0,5
57,824,0.0,0.0,0,0,0,5
57,825,0.0,0.0,0,0,0,5
57,826,0.0,0.0,0,0,0,5
57,827,0.0,0.0,0,0,0,5
57,828,0.0,0.0,0,0,0,5
57,829,0.0,0.0,0,0,0,5
57,830,0.0,0.0,0,0,0,5
57,831,0.0,0.0,0,0,0,5
57,832,0.0,0.0,0,0,0,5
57,833,0.0,0.0,0,0,0,5
57,834,0.0,0.0,0,0,0,5
57,835,0.0,0.0,0,0,0,5
57,836,0.0,0.0,0,0,0,5
57,837,0.0,0.0,0,0,0,5
57,838,0.0,0.0,0,0,0,5
57,839,0.0,0.0,0,0,0,5
57,840,0.0,0.0,0,0,0,5
57,841,0.0,0.0,0,0,0,5
57,842,0.0,0.0,0,0,0,5
57,843,0.0,0.0,0,0,0,5
57,844,0.0,0.0,0,0,0,5
57,845,0.0,0.0,0,0,0,5
57,846,0.0,0.0,0,0,0,5
57,847,0.0,0.0,0,0,0,5
57,848,0.0,0.0,0,0,0,5
57,849,0.0,0.0,0,0,0,5
57,850,0.0,0.0,0,0,0,5
57,851,0.0,0.0,0,0,0,5
57,852,0.0,0.0,0,0,0,5
57,853,0.0,0.0,0,0,0,5
57,854,0.0,0.0,0,0,0,5
57,855,0.0,0.0,0,0,0,5
57,856,0.0,0.0,0,0,0,5
57,857,0.0,0.0,0,0,0,5
57,858,0.0,0.0,0,0,0,5
57,859,0.0,0.0,0,0,0,5
57,860,0.0,0.0,0,0,0,5
57,861,0.0,0.0,0,0,0,5
57,862,0.0,0.0,0,0,0,5
57,863,0.0,0.0,0,0,0,5
57,864,0.0,0.0,0,0,0,5
57,865,0.0,0.0,0,0,0,5
57,866,0.0,0.0,0,0,0,5
57,867,0.0,0.0,0,0,0,5
57,868,0.0,0.0,0,0,0,5
57,869,0.0,0.0,0,0,0,5
57,870,0.0,0.0,0,0,0,5
57,871,0.0,0.0,0,0,0,5
57,872,0.0,0.0,0,0,0,5
57,873,0.0,0.0,0,0,0,5
57,874,0.0,0.0,0,0,0,5
57,875,0.0,0.0,0,0,0,5
57,876,0.0,0.0,0,0,0,5
57,877,0.0,0.0,0,0,0,5
57,878,0.0,0.0,0,0,0,5
57,879,0.0,0.0,0,0,0,5
57,880,0.0,0.0,0,0,0,5
57,881,0.0,0.0,0,0,0,5
57,882,0.0,0.0,0,0,0,5
57,883,0.0,0.0,0,0,0,5
57,884,0.0,0.0,0,0,0,5
57,885,0.0,0.0,0,0,0,5
57,886,0.0,0.0,0,0,0,5
57,887,0.0,0.0,0,0,0,5
57,888,0.0,0.0,0,0,0,5
57,889,0.0,0.0,0,0,0,5
57,890,0.0,0.0,0,0,0,5
57,891,0.0,0.0,0,0,0,5
57,892,0.0,0.0,0,0,0,5
57,893,0.0,0.0,0,0,0,5
57,894,0.0,0.0,0,0,0,5
57,895,0.0,0.0,0,0,0,5
57,896,0.0,0.0,0,0,0,5
57,897,0.0,0.0,0,0,0,5
57,898,0.0,0.0,0,0,0,5
57,899,0.0,0.0,0,0,0,5
57,900,0.0,0.0,0,0,0,5
57,901,0.0,0.0,0,0,0,5
57,902,0.0,0.0,0,0,0,5
57,903,0.0,0.0,0,0,0,5
57,904,0.0,0.0,0,0,0,5
57,905,0.0,0.0,0,0,0,5
57,906,0.0,0.0,0,0,0,5
57,907,0.0,0.0,0,0,0,5
57,908,0.0,0.0,0,0,0,5
57,909,0.0,0.0,0,0,0,5
57,910,0.0,0.0,0,0,0,5
57,911,0.0,0.0,0,0,0,5
57,912,0.0,0.0,0,0,0,5
57,913,0.0,0.0,0,0,0,5
57,914,0.0,0.0,0,0,0,5
57,915,0.0,0.0,0,0,0,5
57,916,0.0,0.0,0,0,0,5
57,917,0.0,0.0,0,0,0,5
57,918,0.0,0.0,0,0,0,5
57,919,0.0,0.0,0,0,0,5
57,920,0.0,0.0,0,0,0,5
57,921,0.0,0.0,0,0,0,5
57,922,0.0,0.0,0,0,0,5
57,923,0.0,0.0,0,0,0,5
57,924,0.0,0.0,0,0,0,5
57,925,0.0,0.0,0,0,0,5
57,926,0.0,0.0,0,0,0,5
57,927,0.0,0.0,0,0,0,5
57,928,0.0,0.0,0,0,0,5
57,929,0.0,0.0,0,0,0,5
57,930,0.0,0.0,0,0,0,5
57,931,0.0,0.0,0,0,0,5
57,932,0.0,0.0,0,0,0,5
57,933,0.0,0.0,0,0,0,5
57,934,0.0,0.0,0,0,0,5
57,935,0.0,0.0,0,0,0,5
57,936,0.0,0.0,0,0,0,5
57,937,0.0,0.0,0,0,0,5
57,938,0.0,0.0,0,0,0,5
57,939,0.0,0.0,0,0,0,5
57,940,0.0,0.0,0,0,0,5
57,941,0.0,0.0,0,0,0,5
57,942,0.0,0.0,0,0,0,5
57,943,0.0,0.0,0,0,0,5
57,944,0.0,0.0,0,0,0,5
57,945,0.0,0.0,0,0,0,5
57,946,0.0,0.0,0,0,0,5
57,947,0.0,0.0,0,0,0,5
57,948,0.0,0.0,0,0,0,5
57,949,0.0,0.0,0,0,0,5
57,950,0.0,0.0,0,0,0,5
57,951,0.0,0.0,0,0,0,5
57,952,0.0,0.0,0,0,0,5
57,953,0.0,0.0,0,0,0,5
57,954,0.0,0.0,0,0,0,5
57,955,0.0,0.0,0,0,0,5
57,956,0.0,0.0,0,0,0,5
57,957,0.0,0.0,0,0,0,5
57,958,0.0,0.0,0,0,0,5
57,959,0.0,0.0,0,0,0,5
57,960,0.0,0.0,0,0,0,5
57,961,0.0,0.0,0,0,0,5
57,962,0.0,0.0,0,0,0,5
57,963,0.0,0.0,0,0,0,5
57,964,0.0,0.0,0,0,0,5
57,965,0.0,0.0,0,0,0,5
57,966,0.0,0.0,0,0,0,5
57,967,0.0,0.0,0,0,0,5
57,968,0.0,0.0,0,0,0,5
57,969,0.0,0.0,0,0,0,5
57,970,0.0,0.0,0,0,0,5
57,971,0.0,0.0,0,0,0,5
57,972,0.0,0.0,0,0,0,5
57,973,0.0,0.0,0,0,0,5
57,974,0.0,0.0,0,0,0,5
57,975,0.0,0.0,0,0,0,5
57,976,0.0,0.0,0,0,0,5
57,977,0.0,0.0,0,0,0,5
57,978,0.0,0.0,0,0,0,5
57,979,0.0,0.0,0,0,0,5
57,980,0.0,0.0,0,0,0,5
57,981,0.0,0.0,0,0,0,5
57,982,0.0,0.0,0,0,0,5
57,983,0.0,0.0,0,0,0,5
57,984,0.0,0.0,0,0,0,5
57,985,0.0,0.0,0,0,0,5
57,986,0.0,0.0,0,0,0,5
57,987,0.0,0.0,0,0,0,5
57,988,0.0,0.0,0,0,0,5
57,989,0.0,0.0,0,0,0,5
57,990,0.0,0.0,0,0,0,5
57,991,0.0,0.0,0,0,0,5
57,992,0.0,0.0,0,0,0,5
57,993,0.0,0.0,0,0,0,5
57,994,0.0,0.0,0,0,0,5
57,995,0.0,0.0,0,0,0,5
57,996,0.0,0.0,0,0,0,5
57,997,0.0,0.0,0,0,0,5
57,998,0.0,0.0,0,0,0,5
57,999,0.0,0.0,0,0,0,5
57,1000,0.0,0.0,0,0,0,5
57,1001,0.0,0.0,0,0,0,5
57,1002,0.0,0.0,0,0,0,5
57,1003,0.0,0.0,0,0,0,5
57,1004,0.0,0.0,0,0,0,5
57,1005,0.0,0.0,0,0,0,5
57,1006,0.0,0.0,0,0,0,5
57,1007,0.0,0.0,0,0,0,5
57,1008,0.0,0.0,0,0,0,5
57,1009,0.0,0.0,0,0,0,5
57,1010,0.0,0.0,0,0,0,5
57,1011,0.0,0.0,0,0,0,5
57,1012,0.0,0.0,0,0,0,5
57,1013,0.0,0.0,0,0,0,5
57,1014,0.0,0.0,0,0,0,5
57,1015,0.0,0.0,0,0,0,5
57,1016,0.0,0.0,0,0,0,5
57,1017,0.0,0.0,0,0,0,5
57,1018,0.0,0.0,0,0,0,5
57,1019,0.0,0.0,0,0,0,5
57,1020,0.0,0.0,0,0,0,5
57,1021,0.0,0.0,0,0,0,5
57,1022,0.0,0.0,0,0,0,5
57,1023,0.0,0.0,0,0,0,5
57,1024,0.0,0.0,0,0,0,5
57,1025,0.0,0.0,0,0,0,5
57,1026,0.0,0.0,0,0,0,5
57,1027,0.0,0.0,0,0,0,5
57,1028,0.0,0.0,0,0,0,5
57,1029,0.0,0.0,0,0,0,5
57,1030,0.0,0.0,0,0,0,5
57,1031,0.0,0.0,0,0,0,5
57,1032,0.0,0.0,0,0,0,5
57,1033,0.0,0.0,0,0,0,5
57,1034,0.0,0.0,0,0,0,5
57,1035,0.0,0.0,0,0,0,5
57,1036,0.0,0.0,0,0,0,5
57,1037,0.0,0.0,0,0,0,5
57,1038,0.0,0.0,0,0,0,5
57,1039,0.0,0.0,0,0,0,5
57,1040,0.0,0.0,0,0,0,5
57,1041,0.0,0.0,0,0,0,5
57,1042,0.0,0.0,0,0,0,5
57,1043,0.0,0.0,0,0,0,5
57,1044,0.0,0.0,0,0,0,5
57,1045,0.0,0.0,0,0,0,5
57,1046,0.0,0.0,0,0,0,5
57,1047,0.0,0.0,0,0,0,5
57,1048,0.0,0.0,0,0,0,5
57,1049,0.0,0.0,0,0,0,5
57,1050,0.0,0.0,0,0,0,5
57,1051,0.0,0.0,0,0,0,5
57,1052,0.0,1.0,0,0,0,5
57,1053,0.0,1.0,0,0,0,5
57,1054,0.0,1.0,0,0,0,5
57,1055,0.0,1.0,0,0,0,5
57,1056,0.0,1.0,0,0,0,5
57,1057,0.0,1.0,0,0,0,5
57,1058,0.0,1.0,0,0,0,5
57,1059,1.0,1.0,0,0,0,5
57,1060,1.0,1.0,0,0,0,5
57,1061,1.0,1.0,0,0,0,5
57,1062,1.0,1.0,0,0,0,5
57,1063,1.0,1.0,0,0,0,5
57,1064,1.0,1.0,0,0,0,5
57,1065,1.0,1.0,0,0,0,5
57,1066,1.0,1.0,0,0,0,5
57,1067,1.0,1.0,0,0,0,5
57,1068,1.0,1.0,0,0,0,5
57,1069,1.0,1.0,0,0,0,5
57,1070,1.0,1.0,0,0,0,5
57,1071,1.0,1.0,0,0,0,5
57,1072,1.0,1.0,0,0,0,5
57,1073,1.0,1.0,0,0,0,5
57,1074,1.0,1.0,0,0,0,5
57,1075,1.0,1.0,0,0,0,5
57,1076,1.0,1.0,0,0,0,5
57,1077,1.0,1.0,0,0,0,5
57,1078,1.0,1.0,0,0,0,5
57,1079,1.0,1.0,0,0,0,5
57,1080,1.0,1.0,0,0,0,5
57,1081,1.0,1.0,0,0,0,5
57,1082,1.0,1.0,0,0,0,5
57,1083,1.0,1.0,0,0,0,5
57,1084,1.0,1.0,0,0,0,5
57,1085,1.0,1.0,0,0,0,5
57,1086,1.0,1.0,0,0,0,5
57,1087,1.0,1.0,0,0,0,5
57,1088,1.0,1.0,0,0,0,5
57,1089,1.0,1.0,0,0,0,5
57,1090,1.0,1.0,0,0,0,5
57,1091,1.0,1.0,0,0,0,5
57,1092,1.0,1.0,0,0,0,5
57,1093,1.0,1.0,0,0,0,5
57,1094,1.0,1.0,0,0,0,5
57,1095,1.0,1.0,0,0,0,5
57,1096,1.0,1.0,0,0,0,5
57,1097,1.0,1.0,0,0,0,5
57,1098,1.0,1.0,0,0,0,5
57,1099,1.0,1.0,0,0,0,5
57,1100,1.0,1.0,0,0,0,5
57,1101,1.0,1.0,0,0,0,5
57,1102,1.0,1.0,0,0,0,5
57,1103,1.0,1.0,0,0,0,5
57,1104,1.0,1.0,0,0,0,5
57,1105,1.0,1.0,0,0,0,5
57,1106,1.0,1.0,0,0,0,5
57,1107,1.0,1.0,0,0,0,5
57,1108,1.0,1.0,0,0,0,5
57,1109,1.0,1.0,0,0,0,5
57,1110,1.0,1.0,0,0,0,5
57,1111,1.0,1.0,0,0,0,5
57,1112,1.0,1.0,0,0,0,5
57,1113,1.0,1.0,0,0,0,5
57,1114,1.0,1.0,0,0,0,5
57,1115,1.0,1.0,0,0,0,5
57,1116,1.0,1.0,0,0,0,5
57,1117,1.0,1.0,0,0,0,5
57,1118,1.0,1.0,0,0,0,5
57,1119,1.0,1.0,0,0,0,5
57,1120,1.0,1.0,0,0,0,5
57,1121,1.0,1.0,0,0,0,5
57,1122,1.0,1.0,0,0,0,5
57,1123,1.0,1.0,0,0,0,5
57,1124,1.0,1.0,0,0,0,5
57,1125,1.0,1.0,0,0,0,5
57,1126,1.0,1.0,0,0,0,5
57,1127,1.0,1.0,0,0,0,5
57,1128,1.0,1.0,0,0,0,5
57,1129,1.0,1.0,0,0,0,5
57,1130,1.0,1.0,0,0,0,5
57,1131,1.0,1.0,0,0,0,5
57,1132,1.0,1.0,0,0,0,5
57,1133,1.0,1.0,0,0,0,5
57,1134,1.0,1.0,0,0,0,5
57,1135,1.0,1.0,0,0,0,5
57,1136,1.0,1.0,0,0,0,5
57,1137,1.0,1.0,0,0,0,5
57,1138,1.0,1.0,0,0,0,5
57,1139,1.0,1.0,0,0,0,5
57,1140,1.0,1.0,0,0,0,5
57,1141,1.0,1.0,0,0,0,5
57,1142,1.0,1.0,0,0,0,5
57,1143,1.0,1.0,0,0,0,5
57,1144,1.0,1.0,0,0,0,5
57,1145,1.0,1.0,0,0,0,5
57,1146,1.0,1.0,0,0,0,5
57,1147,1.0,1.0,0,0,0,5
57,1148,1.0,1.0,0,0,0,5
57,1149,1.0,1.0,0,0,0,5
57,1150,1.0,1.0,0,0,0,5
57,1151,1.0,1.0,0,0,0,5
57,1152,1.0,1.0,0,0,0,5
57,1153,1.0,1.0,0,0,0,5
57,1154,1.0,1.0,0,0,0,5
57,1155,1.0,1.0,0,0,0,5
57,1156,1.0,1.0,0,0,0,5
57,1157,1.0,1.0,0,0,0,5
57,1158,1.0,1.0,0,0,0,5
57,1159,1.0,1.0,0,0,0,5
57,1160,1.0,1.0,0,0,0,5
57,1161,1.0,1.0,0,0,0,5
57,1162,1.0,1.0,0,0,0,5
57,1163,1.0,1.0,0,0,0,5
57,1164,1.0,1.0,0,0,0,5
57,1165,1.0,1.0,0,0,0,5
57,1166,1.0,1.0,0,0,0,5
57,1167,1.0,1.0,0,0,0,5
57,1168,1.0,1.0,0,0,0,5
57,1169,1.0,1.0,0,0,0,5
57,1170,1.0,1.0,0,0,0,5
57,1171,1.0,1.0,0,0,0,5
57,1172,1.0,1.0,0,0,0,5
57,1173,1.0,1.0,0,0,0,5
57,1174,1.0,1.0,0,0,0,5
57,1175,1.0,1.0,0,0,0,5
57,1176,1.0,1.0,0,0,0,5
57,1177,1.0,1.0,0,0,0,5
57,1178,1.0,1.0,0,0,0,5
57,1179,1.0,1.0,0,0,0,5
57,1180,1.0,1.0,0,0,0,5
57,1181,1.0,1.0,0,0,0,5
57,1182,1.0,1.0,0,0,0,5
57,1183,1.0,1.0,0,0,0,5
57,1184,1.0,1.0,0,0,0,5
57,1185,1.0,1.0,0,0,0,5
57,1186,1.0,1.0,0,0,0,5
57,1187,1.0,1.0,0,0,0,5
57,1188,1.0,1.0,0,0,0,5
57,1189,1.0,1.0,0,0,0,5
57,1190,1.0,1.0,0,0,0,5
57,1191,1.0,1.0,0,0,0,5
57,1192,1.0,1.0,0,0,0,5
57,1193,1.0,1.0,0,0,0,5
57,1194,1.0,1.0,0,0,0,5
57,1195,1.0,1.0,0,0,0,5
57,1196,1.0,1.0,0,0,0,5
57,1197,1.0,1.0,0,0,0,5
57,1198,1.0,1.0,0,0,0,5
57,1199,1.0,1.0,0,0,0,5
57,1200,1.0,1.0,0,0,0,5
57,1201,1.0,1.0,0,0,0,5
57,1202,1.0,1.0,0,0,0,5
57,1203,1.0,1.0,0,0,0,5
57,1204,1.0,1.0,0,0,0,5
57,1205,1.0,1.0,0,0,0,5
57,1206,1.0,1.0,0,0,0,5
57,1207,1.0,1.0,0,0,0,5
57,1208,1.0,1.0,0,0,0,5
57,1209,1.0,1.0,0,0,0,5
57,1210,1.0,1.0,0,0,0,5
57,1211,1.0,1.0,0,0,0,5
57,1212,1.0,1.0,0,0,0,5
57,1213,1.0,1.0,0,0,0,5
57,1214,1.0,1.0,0,0,0,5
57,1215,1.0,1.0,0,0,0,5
57,1216,1.0,1.0,0,0,0,5
57,1217,1.0,1.0,0,0,0,5
57,1218,1.0,1.0,0,0,0,5
57,1219,1.0,1.0,0,0,0,5
57,1220,1.0,1.0,0,0,0,5
57,1221,1.0,1.0,0,0,0,5
57,1222,1.0,1.0,0,0,0,5
57,1223,1.0,1.0,0,0,0,5
57,1224,1.0,1.0,0,0,0,5
57,1225,1.0,1.0,0,0,0,5
57,1226,1.0,1.0,0,0,0,5
57,1227,1.0,1.0,0,0,0,5
57,1228,1.0,1.0,0,0,0,5
57,1229,1.0,1.0,0,0,0,5
57,1230,1.0,1.0,0,0,0,5
57,1231,1.0,1.0,0,0,0,5
57,1232,1.0,1.0,0,0,0,5
57,1233,1.0,1.0,0,0,0,5
57,1234,1.0,1.0,0,0,0,5
57,1235,1.0,1.0,0,0,0,5
57,1236,1.0,1.0,0,0,0,5
57,1237,1.0,1.0,0,0,0,5
57,1238,1.0,1.0,0,0,0,5
57,1239,1.0,1.0,0,0,0,5
57,1240,1.0,1.0,0,0,0,5
57,1241,1.0,1.0,0,0,0,5
57,1242,1.0,1.0,0,0,0,5
57,1243,1.0,1.0,0,0,0,5
57,1244,1.0,1.0,0,0,0,5
57,1245,1.0,1.0,0,0,0,5
57,1246,1.0,1.0,0,0,0,5
57,1247,1.0,1.0,0,0,0,5
57,1248,1.0,1.0,0,0,0,5
57,1249,1.0,1.0,0,0,0,5
57,1250,1.0,1.0,0,0,0,5
57,1251,1.0,1.0,0,0,0,5
57,1252,1.0,1.0,0,0,0,5
57,1253,1.0,1.0,0,0,0,5
57,1254,1.0,0.0,0,0,0,5
57,1255,1.0,0.0,0,0,0,5
57,1256,1.0,0.0,0,0,0,5
57,1257,1.0,0.0,0,0,0,5
57,1258,1.0,0.0,0,0,0,5
57,1259,1.0,0.0,0,0,0,5
57,1260,1.0,0.0,0,0,0,5
57,1261,0.0,0.0,0,0,0,5
57,1262,0.0,0.0,0,0,0,5
57,1263,0.0,0.0,0,0,0,5
57,1264,0.0,0.0,0,0,0,5
57,1265,0.0,0.0,0,0,0,5
57,1266,0.0,0.0,0,0,0,5
57,1267,0.0,0.0,0,0,0,5
57,1268,0.0,0.0,0,0,0,5
57,1269,0.0,0.0,0,0,0,5
57,1270,0.0,0.0,0,0,0,5
57,1271,0.0,0.0,0,0,0,5
57,1272,0.0,0.0,0,0,0,5
57,1273,0.0,0.0,0,0,0,5
57,1274,0.0,0.0,0,0,0,5
57,1275,0.0,0.0,0,0,0,5
57,1276,0.0,0.0,0,0,0,5
57,1277,0.0,0.0,0,0,0,5
57,1278,0.0,0.0,0,0,0,5
57,1279,0.0,0.0,0,0,0,5
57,1280,0.0,0.0,0,0,0,5
57,1281,0.0,0.0,0,0,0,5
57,1282,0.0,0.0,0,0,0,5
57,1283,0.0,0.0,0,0,0,5
57,1284,0.0,0.0,0,0,0,5
57,1285,0.0,0.0,0,0,0,5
57,1286,0.0,0.0,0,0,0,5
57,1287,0.0,0.0,0,0,0,5
57,1288,0.0,0.0,0,0,0,5
57,1289,0.0,0.0,0,0,0,5
57,1290,0.0,0.0,0,0,0,5
57,1291,0.0,0.0,0,0,0,5
57,1292,0.0,0.0,0,0,0,5
57,1293,0.0,0.0,0,0,0,5
57,1294,0.0,0.0,0,0,0,5
57,1295,0.0,0.0,0,0,0,5
57,1296,0.0,0.0,0,0,0,5
57,1297,0.0,0.0,0,0,0,5
57,1298,0.0,0.0,0,0,0,5
57,1299,0.0,0.0,0,0,0,5
57,1300,0.0,0.0,0,0,0,5
57,1301,0.0,0.0,0,0,0,5
57,1302,0.0,0.0,0,0,0,5
57,1303,0.0,0.0,0,0,0,5
57,1304,0.0,0.0,0,0,0,5
57,1305,0.0,0.0,0,0,0,5
57,1306,0.0,0.0,0,0,0,5
57,1307,0.0,0.0,0,0,0,5
57,1308,0.0,0.0,0,0,0,5
57,1309,0.0,0.0,0,0,0,5
57,1310,0.0,0.0,0,0,0,5
57,1311,0.0,0.0,0,0,0,5
57,1312,0.0,0.0,0,0,0,5
57,1313,0.0,0.0,0,0,0,5
57,1314,0.0,0.0,0,0,0,5
57,1315,0.0,0.0,0,0,0,5
57,1316,0.0,0.0,0,0,0,5
57,1317,0.0,0.0,0,0,0,5
57,1318,0.0,0.0,0,0,0,5
57,1319,0.0,0.0,0,0,0,5
57,1320,0.0,0.0,0,0,0,5
57,1321,0.0,0.0,0,0,0,5
57,1322,0.0,0.0,0,0,0,5
57,1323,0.0,0.0,0,0,0,5
57,1324,0.0,0.0,0,0,0,5
57,1325,0.0,0.0,0,0,0,5
57,1326,0.0,0.0,0,0,0,5
57,1327,0.0,0.0,0,0,0,5
57,1328,0.0,0.0,0,0,0,5
57,1329,0.0,0.0,0,0,0,5
57,1330,0.0,0.0,0,0,0,5
57,1331,0.0,0.0,0,0,0,5
57,1332,0.0,0.0,0,0,0,5
57,1333,0.0,0.0,0,0,0,5
57,1334,0.0,0.0,0,0,0,5
57,1335,0.0,0.0,0,0,0,5
57,1336,0.0,0.0,0,0,0,5
57,1337,0.0,0.0,0,0,0,5
57,1338,0.0,0.0,0,0,0,5
57,1339,0.0,0.0,0,0,0,5
57,1340,0.0,0.0,0,0,0,5
57,1341,0.0,0.0,0,0,0,5
57,1342,0.0,0.0,0,0,0,5
57,1343,0.0,0.0,0,0,0,5
57,1344,0.0,0.0,0,0,0,5
57,1345,0.0,0.0,0,0,0,5
57,1346,0.0,0.0,0,0,0,5
57,1347,0.0,0.0,0,0,0,5
57,1348,0.0,0.0,0,0,0,5
57,1349,0.0,0.0,0,0,0,5
57,1350,0.0,0.0,0,0,0,5
57,1351,0.0,0.0,0,0,0,5
57,1352,0.0,0.0,0,0,0,5
57,1353,0.0,0.0,0,0,0,5
57,1354,0.0,0.0,0,0,0,5
57,1355,0.0,0.0,0,0,0,5
57,1356,0.0,0.0,0,0,0,5
57,1357,0.0,0.0,0,0,0,5
57,1358,0.0,0.0,0,0,0,5
57,1359,0.0,0.0,0,0,0,5
57,1360,0.0,0.0,0,0,0,5
57,1361,0.0,0.0,0,0,0,5
57,1362,0.0,0.0,0,0,0,5
57,1363,0.0,0.0,0,0,0,5
57,1364,0.0,0.0,0,0,0,5
57,1365,0.0,0.0,0,0,0,5
57,1366,0.0,0.0,0,0,0,5
57,1367,0.0,0.0,0,0,0,5
57,1368,0.0,0.0,0,0,0,5
57,1369,0.0,0.0,0,0,0,5
57,1370,0.0,0.0,0,0,0,5
57,1371,0.0,0.0,0,0,0,5
57,1372,0.0,0.0,0,0,0,5
57,1373,0.0,0.0,0,0,0,5
57,1374,0.0,0.0,0,0,0,5
57,1375,0.0,0.0,0,0,0,5
57,1376,0.0,0.0,0,0,0,5
57,1377,0.0,0.0,0,0,0,5
57,1378,0.0,0.0,0,0,0,5
57,1379,0.0,0.0,0,0,0,5
57,1380,0.0,0.0,0,0,0,5
57,1381,0.0,0.0,0,0,0,5
57,1382,0.0,0.0,0,0,0,5
57,1383,0.0,0.0,0,0,0,5
57,1384,0.0,0.0,0,0,0,5
57,1385,0.0,0.0,0,0,0,5
57,1386,0.0,0.0,0,0,0,5
57,1387,0.0,0.0,0,0,0,5
57,1388,0.0,0.0,0,0,0,5
57,1389,0.0,0.0,0,0,0,5
57,1390,0.0,0.0,0,0,0,5
57,1391,0.0,0.0,0,0,0,5
57,1392,0.0,0.0,0,0,0,5
57,1393,0.0,0.0,0,0,0,5
57,1394,0.0,0.0,0,0,0,5
57,1395,0.0,0.0,0,0,0,5
57,1396,0.0,0.0,0,0,0,5
57,1397,0.0,0.0,0,0,0,5
57,1398,0.0,0.0,0,0,0,5
57,1399,0.0,0.0,0,0,0,5
57,1400,0.0,0.0,0,0,0,5
57,1401,0.0,0.0,0,0,0,5
57,1402,0.0,0.0,0,0,0,5
57,1403,0.0,0.0,0,0,0,5
57,1404,0.0,0.0,0,0,0,5
57,1405,0.0,0.0,0,0,0,5
57,1406,0.0,0.0,0,0,0,5
57,1407,0.0,0.0,0,0,0,5
57,1408,0.0,0.0,0,0,0,5
57,1409,0.0,0.0,0,0,0,5
57,1410,0.0,0.0,0,0,0,5
57,1411,0.0,1.0,0,0,0,5
57,1412,0.0,1.0,0,0,0,5
57,1413,0.0,1.0,0,0,0,5
57,1414,0.0,1.0,0,0,0,5
57,1415,0.0,1.0,0,0,0,5
57,1416,0.0,1.0,0,0,0,5
57,1417,0.0,1.0,0,0,0,5
57,1418,1.0,1.0,0,0,0,5
57,1419,1.0,1.0,0,0,0,5
57,1420,1.0,1.0,0,0,0,5
57,1421,1.0,1.0,0,0,0,5
57,1422,1.0,1.0,0,0,0,5
57,1423,1.0,1.0,0,0,0,5
57,1424,1.0,1.0,0,0,0,5
57,1425,1.0,1.0,0,0,0,5
57,1426,1.0,1.0,0,0,0,5
57,1427,1.0,1.0,0,0,0,5
57,1428,1.0,1.0,0,0,0,5
57,1429,1.0,1.0,0,0,0,5
57,1430,1.0,1.0,0,0,0,5
57,1431,1.0,1.0,0,0,0,5
57,1432,1.0,1.0,0,0,0,5
57,1433,1.0,1.0,0,0,0,5
57,1434,1.0,1.0,0,0,0,5
57,1435,1.0,1.0,0,0,0,5
57,1436,1.0,1.0,0,0,0,5
57,1437,1.0,1.0,0,0,0,5
57,1438,1.0,1.0,0,0,0,5
57,1439,1.0,1.0,0,0,0,5
57,1440,1.0,1.0,0,0,0,5
57,1441,1.0,1.0,0,0,0,5
57,1442,1.0,1.0,0,0,0,5
57,1443,1.0,1.0,0,0,0,5
57,1444,1.0,1.0,0,0,0,5
57,1445,1.0,1.0,0,0,0,5
57,1446,1.0,1.0,0,0,0,5
57,1447,1.0,1.0,0,0,0,5
57,1448,1.0,1.0,0,0,0,5
57,1449,1.0,1.0,0,0,0,5
57,1450,1.0,1.0,0,0,0,5
57,1451,1.0,1.0,0,0,0,5
57,1452,1.0,1.0,0,0,0,5
57,1453,1.0,1.0,0,0,0,5
57,1454,1.0,1.0,0,0,0,5
57,1455,1.0,1.0,0,0,0,5
57,1456,1.0,1.0,0,0,0,5
57,1457,1.0,1.0,0,0,0,5
57,1458,1.0,1.0,0,0,0,5
57,1459,1.0,1.0,0,0,0,5
57,1460,1.0,1.0,0,0,0,5
57,1461,1.0,1.0,0,0,0,5
57,1462,1.0,1.0,0,0,0,5
57,1463,1.0,1.0,0,0,0,5
57,1464,1.0,1.0,0,0,0,5
57,1465,1.0,1.0,0,0,0,5
57,1466,1.0,1.0,0,0,0,5
57,1467,1.0,1.0,0,0,0,5
57,1468,1.0,1.0,0,0,0,5
57,1469,1.0,1.0,0,0,0,5
57,1470,1.0,1.0,0,0,0,5
57,1471,1.0,1.0,0,0,0,5
57,1472,1.0,1.0,0,0,0,5
57,1473,1.0,1.0,0,0,0,5
57,1474,1.0,1.0,0,0,0,5
57,1475,1.0,1.0,0,0,0,5
57,1476,1.0,1.0,0,0,0,5
57,1477,1.0,1.0,0,0,0,5
57,1478,1.0,1.0,0,0,0,5
57,1479,1.0,1.0,0,0,0,5
57,1480,1.0,1.0,0,0,0,5
57,1481,1.0,1.0,0,0,0,5
57,1482,1.0,1.0,0,0,0,5
57,1483,1.0,0.0,0,0,0,5
57,1484,1.0,0.0,0,0,0,5
57,1485,1.0,0.0,0,0,0,5
57,1486,1.0,0.0,0,0,0,5
57,1487,1.0,0.0,0,0,0,5
57,1488,1.0,0.0,0,0,0,5
57,1489,1.0,0.0,0,0,0,5
57,1490,0.0,0.0,0,0,0,5
57,1491,0.0,0.0,0,0,0,5
57,1492,0.0,0.0,0,0,0,5
57,1493,0.0,0.0,0,0,0,5
57,1494,0.0,0.0,0,0,0,5
57,1495,0.0,0.0,0,0,0,5
57,1496,0.0,0.0,0,0,0,5
57,1497,0.0,0.0,0,0,0,5
57,1498,0.0,0.0,0,0,0,5
57,1499,0.0,0.0,0,0,0,5
57,1500,0.0,0.0,0,0,0,5
57,1501,0.0,0.0,0,0,0,5
57,1502,0.0,0.0,0,0,0,5
57,1503,0.0,0.0,0,0,0,5
57,1504,0.0,0.0,0,0,0,5
57,1505,0.0,0.0,0,0,0,5
57,1506,0.0,0.0,0,0,0,5
57,1507,0.0,0.0,0,0,0,5
57,1508,0.0,0.0,0,0,0,5
57,1509,0.0,0.0,0,0,0,5
57,1510,0.0,0.0,0,0,0,5
57,1511,0.0,0.0,0,0,0,5
57,1512,0.0,0.0,0,0,0,5
57,1513,0.0,0.0,0,0,0,5
57,1514,0.0,0.0,0,0,0,5
57,1515,0.0,0.0,0,0,0,5
57,1516,0.0,0.0,0,0,0,5
57,1517,0.0,0.0,0,0,0,5
57,1518,0.0,0.0,0,0,0,5
57,1519,0.0,0.0,0,0,0,5
57,1520,0.0,0.0,0,0,0,5
57,1521,0.0,0.0,0,0,0,5
57,1522,0.0,0.0,0,0,0,5
57,1523,0.0,0.0,0,0,0,5
57,1524,0.0,0.0,0,0,0,5
57,1525,0.0,0.0,0,0,0,5
57,1526,0.0,0.0,0,0,0,5
57,1527,0.0,0.0,0,0,0,5
57,1528,0.0,0.0,0,0,0,5
57,1529,0.0,0.0,0,0,0,5
57,1530,0.0,0.0,0,0,0,5
57,1531,0.0,0.0,0,0,0,5
57,1532,0.0,0.0,0,0,0,5
57,1533,0.0,0.0,0,0,0,5
57,1534,0.0,0.0,0,0,0,5
57,1535,0.0,0.0,0,0,0,5
57,1536,0.0,0.0,0,0,0,5
57,1537,0.0,0.0,0,0,0,5
57,1538,0.0,0.0,0,0,0,5
57,1539,0.0,0.0,0,0,0,5
57,1540,0.0,0.0,0,0,0,5
57,1541,0.0,0.0,0,0,0,5
57,1542,0.0,0.0,0,0,0,5
57,1543,0.0,0.0,0,0,0,5
57,1544,0.0,0.0,0,0,0,5
57,1545,0.0,0.0,0,0,0,5
57,1546,0.0,0.0,0,0,0,5
57,1547,0.0,0.0,0,0,0,5
57,1548,0.0,0.0,0,0,0,5
57,1549,0.0,0.0,0,0,0,5
57,1550,0.0,0.0,0,0,0,5
57,1551,0.0,0.0,0,0,0,5
57,1552,0.0,0.0,0,0,0,5
57,1553,0.0,0.0,0,0,0,5
57,1554,0.0,0.0,0,0,0,5
57,1555,0.0,0.0,0,0,0,5
57,1556,0.0,0.0,0,0,0,5
57,1557,0.0,0.0,0,0,0,5
57,1558,0.0,0.0,0,0,0,5
57,1559,0.0,0.0,0,0,0,5
57,1560,0.0,0.0,0,0,0,5
57,1561,0.0,0.0,0,0,0,5
57,1562,0.0,0.0,0,0,0,5
57,1563,0.0,0.0,0,0,0,5
57,1564,0.0,0.0,0,0,0,5
57,1565,0.0,0.0,0,0,0,5
57,1566,0.0,0.0,0,0,0,5
57,1567,0.0,0.0,0,0,0,5
57,1568,0.0,0.0,0,0,0,5
57,1569,0.0,0.0,0,0,0,5
57,1570,0.0,0.0,0,0,0,5
57,1571,0.0,0.0,0,0,0,5
57,1572,0.0,0.0,0,0,0,5
57,1573,0.0,0.0,0,0,0,5
57,1574,0.0,0.0,0,0,0,5
57,1575,0.0,0.0,0,0,0,5
57,1576,0.0,0.0,0,0,0,5
57,1577,0.0,0.0,0,0,0,5
57,1578,0.0,0.0,0,0,0,5
57,1579,0.0,0.0,0,0,0,5
57,1580,0.0,0.0,0,0,0,5
57,1581,0.0,0.0,0,0,0,5
57,1582,0.0,0.0,0,0,0,5
57,1583,0.0,0.0,0,0,0,5
57,1584,0.0,0.0,0,0,0,5
57,1585,0.0,0.0,0,0,0,5
57,1586,0.0,0.0,0,0,0,5
57,1587,0.0,0.0,0,0,0,5
57,1588,0.0,0.0,0,0,0,5
57,1589,0.0,0.0,0,0,0,5
57,1590,0.0,0.0,0,0,0,5
57,1591,0.0,0.0,0,0,0,5
57,1592,0.0,0.0,0,0,0,5
57,1593,0.0,0.0,0,0,0,5
57,1594,0.0,0.0,0,0,0,5
57,1595,0.0,0.0,0,0,0,5
57,1596,0.0,0.0,0,0,0,5
57,1597,0.0,0.0,0,0,0,5
57,1598,0.0,0.0,0,0,0,5
57,1599,0.0,0.0,0,0,0,5
57,1600,0.0,0.0,0,0,0,5
57,1601,0.0,0.0,0,0,0,5
57,1602,0.0,0.0,0,0,0,5
57,1603,0.0,0.0,0,0,0,5
57,1604,0.0,0.0,0,0,0,5
57,1605,0.0,0.0,0,0,0,5
57,1606,0.0,0.0,0,0,0,5
57,1607,0.0,0.0,0,0,0,5
57,1608,0.0,0.0,0,0,0,5
57,1609,0.0,0.0,0,0,0,5
57,1610,0.0,0.0,0,0,0,5
57,1611,0.0,0.0,0,0,0,5
57,1612,0.0,0.0,0,0,0,5
57,1613,0.0,0.0,0,0,0,5
57,1614,0.0,0.0,0,0,0,5
57,1615,0.0,0.0,0,0,0,5
57,1616,0.0,0.0,0,0,0,5
57,1617,0.0,0.0,0,0,0,5
57,1618,0.0,0.0,0,0,0,5
57,1619,0.0,0.0,0,0,0,5
57,1620,0.0,0.0,0,0,0,5
57,1621,0.0,0.0,0,0,0,5
57,1622,0.0,0.0,0,0,0,5
57,1623,0.0,0.0,0,0,0,5
57,1624,0.0,0.0,0,0,0,5
57,1625,0.0,0.0,0,0,0,5
57,1626,0.0,0.0,0,0,0,5
57,1627,0.0,0.0,0,0,0,5
57,1628,0.0,0.0,0,0,0,5
57,1629,0.0,0.0,0,0,0,5
57,1630,0.0,0.0,0,0,0,5
57,1631,0.0,0.0,0,0,0,5
57,1632,0.0,0.0,0,0,0,5
57,1633,0.0,0.0,0,0,0,5
57,1634,0.0,0.0,0,0,0,5
57,1635,0.0,0.0,0,0,0,5
57,1636,0.0,0.0,0,0,0,5
57,1637,0.0,0.0,0,0,0,5
57,1638,0.0,0.0,0,0,0,5
57,1639,0.0,0.0,0,0,0,5
57,1640,0.0,0.0,0,0,0,5
57,1641,0.0,0.0,0,0,0,5
57,1642,0.0,0.0,0,0,0,5
57,1643,0.0,0.0,0,0,0,5
57,1644,0.0,0.0,0,0,0,5
57,1645,0.0,0.0,0,0,0,5
57,1646,0.0,0.0,0,0,0,5
57,1647,0.0,0.0,0,0,0,5
57,1648,0.0,0.0,0,0,0,5
57,1649,0.0,0.0,0,0,0,5
57,1650,0.0,0.0,0,0,0,5
57,1651,0.0,0.0,0,0,0,5
57,1652,0.0,0.0,0,0,0,5
57,1653,0.0,0.0,0,0,0,5
57,1654,0.0,0.0,0,0,0,5
57,1655,0.0,0.0,0,0,0,5
57,1656,0.0,0.0,0,0,0,5
57,1657,0.0,0.0,0,0,0,5
57,1658,0.0,0.0,0,0,0,5
57,1659,0.0,0.0,0,0,0,5
57,1660,0.0,0.0,0,0,0,5
57,1661,0.0,0.0,0,0,0,5
57,1662,0.0,0.0,0,0,0,5
57,1663,0.0,0.0,0,0,0,5
57,1664,0.0,0.0,0,0,0,5
57,1665,0.0,0.0,0,0,0,5
57,1666,0.0,0.0,0,0,0,5
57,1667,0.0,0.0,0,0,0,5
57,1668,0.0,0.0,0,0,0,5
57,1669,0.0,0.0,0,0,0,5
57,1670,0.0,0.0,0,0,0,5
57,1671,0.0,0.0,0,0,0,5
57,1672,0.0,0.0,0,0,0,5
57,1673,0.0,0.0,0,0,0,5
57,1674,0.0,0.0,0,0,0,5
57,1675,0.0,0.0,0,0,0,5
57,1676,0.0,0.0,0,0,0,5
57,1677,0.0,0.0,0,0,0,5
57,1678,0.0,0.0,0,0,0,5
57,1679,0.0,0.0,0,0,0,5
57,1680,0.0,0.0,0,0,0,5
57,1681,0.0,0.0,0,0,0,5
57,1682,0.0,0.0,0,0,0,5
57,1683,0.0,0.0,0,0,0,5
57,1684,0.0,0.0,0,0,0,5
57,1685,0.0,0.0,0,0,0,5
57,1686,0.0,0.0,0,0,0,5
57,1687,0.0,0.0,0,0,0,5
57,1688,0.0,0.0,0,0,0,5
57,1689,0.0,0.0,0,0,0,5
57,1690,0.0,0.0,0,0,0,5
57,1691,0.0,0.0,0,0,0,5
57,1692,0.0,0.0,0,0,0,5
57,1693,0.0,0.0,0,0,0,5
57,1694,0.0,0.0,0,0,0,5
57,1695,0.0,0.0,0,0,0,5
57,1696,0.0,0.0,0,0,0,5
57,1697,0.0,0.0,0,0,0,5
57,1698,0.0,0.0,0,0,0,5
57,1699,0.0,0.0,0,0,0,5
57,1700,0.0,1.0,0,0,0,5
57,1701,0.0,1.0,0,0,0,5
57,1702,0.0,1.0,0,0,0,5
57,1703,0.0,1.0,0,0,0,5
57,1704,0.0,1.0,0,0,0,5
57,1705,0.0,1.0,0,0,0,5
57,1706,0.0,1.0,0,0,0,5
57,1707,1.0,1.0,0,0,0,5
57,1708,1.0,1.0,0,0,0,5
57,1709,1.0,1.0,0,0,0,5
57,1710,1.0,1.0,0,0,0,5
57,1711,1.0,1.0,0,0,0,5
57,1712,1.0,1.0,0,0,0,5
57,1713,1.0,1.0,0,0,0,5
57,1714,1.0,1.0,0,0,0,5
57,1715,1.0,1.0,0,0,0,5
57,1716,1.0,1.0,0,0,0,5
57,1717,1.0,1.0,0,0,0,5
57,1718,1.0,1.0,0,0,0,5
57,1719,1.0,1.0,0,0,0,5
57,1720,1.0,1.0,0,0,0,5
57,1721,1.0,1.0,0,0,0,5
57,1722,1.0,1.0,0,0,0,5
57,1723,1.0,1.0,0,0,0,5
57,1724,1.0,1.0,0,0,0,5
57,1725,1.0,1.0,0,0,0,5
57,1726,1.0,1.0,0,0,0,5
57,1727,1.0,1.0,0,0,0,5
57,1728,1.0,1.0,0,0,0,5
57,1729,1.0,1.0,0,0,0,5
57,1730,1.0,1.0,0,0,0,5
57,1731,1.0,1.0,0,0,0,5
57,1732,1.0,1.0,0,0,0,5
57,1733,1.0,1.0,0,0,0,5
57,1734,1.0,1.0,0,0,0,5
57,1735,1.0,1.0,0,0,0,5
57,1736,1.0,1.0,0,0,0,5
57,1737,1.0,1.0,0,0,0,5
57,1738,1.0,1.0,0,0,0,5
57,1739,1.0,1.0,0,0,0,5
57,1740,1.0,1.0,0,0,0,5
57,1741,1.0,1.0,0,0,0,5
57,1742,1.0,1.0,0,0,0,5
57,1743,1.0,1.0,0,0,0,5
57,1744,1.0,1.0,0,0,0,5
57,1745,1.0,1.0,0,0,0,5
57,1746,1.0,1.0,0,0,0,5
57,1747,1.0,1.0,0,0,0,5
57,1748,1.0,1.0,0,0,0,5
57,1749,1.0,1.0,0,0,0,5
57,1750,1.0,1.0,0,0,0,5
57,1751,1.0,1.0,0,0,0,5
57,1752,1.0,1.0,0,0,0,5
57,1753,1.0,1.0,0,0,0,5
57,1754,1.0,1.0,0,0,0,5
57,1755,1.0,1.0,0,0,0,5
57,1756,1.0,1.0,0,0,0,5
57,1757,1.0,1.0,0,0,0,5
57,1758,1.0,1.0,0,0,0,5
57,1759,1.0,1.0,0,0,0,5
57,1760,1.0,1.0,0,0,0,5
57,1761,1.0,1.0,0,0,0,5
57,1762,1.0,1.0,0,0,0,5
57,1763,1.0,1.0,0,0,0,5
57,1764,1.0,1.0,0,0,0,5
57,1765,1.0,1.0,0,0,0,5
57,1766,1.0,1.0,0,0,0,5
57,1767,1.0,1.0,0,0,0,5
57,1768,1.0,1.0,0,0,0,5
57,1769,1.0,1.0,0,0,0,5
57,1770,1.0,1.0,0,0,0,5
57,1771,1.0,1.0,0,0,0,5
57,1772,1.0,1.0,0,0,0,5
57,1773,1.0,1.0,0,0,0,5
57,1774,1.0,1.0,0,0,0,5
57,1775,1.0,1.0,0,0,0,5
57,1776,1.0,1.0,0,0,0,5
57,1777,1.0,1.0,0,0,0,5
57,1778,1.0,0.0,0,0,0,5
57,1779,1.0,0.0,0,0,0,5
57,1780,1.0,0.0,0,0,0,5
57,1781,1.0,0.0,0,0,0,5
57,1782,1.0,0.0,0,0,0,5
57,1783,1.0,0.0,0,0,0,5
57,1784,1.0,0.0,0,0,0,5
57,1785,0.0,0.0,0,0,0,5
57,1786,0.0,0.0,0,0,0,5
57,1787,0.0,0.0,0,0,0,5
57,1788,0.0,0.0,0,0,0,5
57,1789,0.0,0.0,0,0,0,5
57,1790,0.0,0.0,0,0,0,5
57,1791,0.0,0.0,0,0,0,5
57,1792,0.0,0.0,0,0,0,5
57,1793,0.0,0.0,0,0,0,5
57,1794,0.0,0.0,0,0,0,5
57,1795,0.0,0.0,0,0,0,5
57,1796,0.0,0.0,0,0,0,5
57,1797,0.0,0.0,0,0,0,5
57,1798,0.0,0.0,0,0,0,5
57,1799,0.0,0.0,0,0,0,5
57,1800,0.0,0.0,0,0,0,5
57,1801,0.0,0.0,0,0,0,5
57,1802,0.0,0.0,0,0,0,5
57,1803,0.0,0.0,0,0,0,5
57,1804,0.0,0.0,0,0,0,5
57,1805,0.0,0.0,0,0,0,5
57,1806,0.0,0.0,0,0,0,5
57,1807,0.0,0.0,0,0,0,5
57,1808,0.0,0.0,0,0,0,5
57,1809,0.0,0.0,0,0,0,5
57,1810,0.0,0.0,0,0,0,5
57,1811,0.0,0.0,0,0,0,5
57,1812,0.0,0.0,0,0,0,5
57,1813,0.0,0.0,0,0,0,5
57,1814,0.0,0.0,0,0,0,5
57,1815,0.0,0.0,0,0,0,5
57,1816,0.0,0.0,0,0,0,5
57,1817,0.0,0.0,0,0,0,5
57,1818,0.0,0.0,0,0,0,5
57,1819,0.0,0.0,0,0,0,5
57,1820,0.0,0.0,0,0,0,5
57,1821,0.0,0.0,0,0,0,5
57,1822,0.0,0.0,0,0,0,5
57,1823,0.0,0.0,0,0,0,5
57,1824,0.0,0.0,0,0,0,5
57,1825,0.0,0.0,0,0,0,5
57,1826,0.0,0.0,0,0,0,5
57,1827,0.0,0.0,0,0,0,5
57,1828,0.0,0.0,0,0,0,5
57,1829,0.0,0.0,0,0,0,5
57,1830,0.0,0.0,0,0,0,5
57,1831,0.0,0.0,0,0,0,5
57,1832,0.0,0.0,0,0,0,5
57,1833,0.0,0.0,0,0,0,5
57,1834,0.0,0.0,0,0,0,5
57,1835,0.0,0.0,0,0,0,5
57,1836,0.0,0.0,0,0,0,5
57,1837,0.0,0.0,0,0,0,5
57,1838,0.0,0.0,0,0,0,5
57,1839,0.0,0.0,0,0,0,5
57,1840,0.0,0.0,0,0,0,5
57,1841,0.0,0.0,0,0,0,5
57,1842,0.0,0.0,0,0,0,5
57,1843,0.0,0.0,0,0,0,5
57,1844,0.0,0.0,0,0,0,5
57,1845,0.0,0.0,0,0,0,5
57,1846,0.0,0.0,0,0,0,5
57,1847,0.0,0.0,0,0,0,5
57,1848,0.0,0.0,0,0,0,5
57,1849,0.0,0.0,0,0,0,5
57,1850,0.0,0.0,0,0,0,5
57,1851,0.0,0.0,0,0,0,5
57,1852,0.0,0.0,0,0,0,5
57,1853,0.0,0.0,0,0,0,5
57,1854,0.0,0.0,0,0,0,5
57,1855,0.0,0.0,0,0,0,5
57,1856,0.0,0.0,0,0,0,5
57,1857,0.0,0.0,0,0,0,5
57,1858,0.0,0.0,0,0,0,5
57,1859,0.0,0.0,0,0,0,5
57,1860,0.0,0.0,0,0,0,5
57,1861,0.0,0.0,0,0,0,5
57,1862,0.0,0.0,0,0,0,5
57,1863,0.0,0.0,0,0,0,5
57,1864,0.0,0.0,0,0,0,5
57,1865,0.0,0.0,0,0,0,5
57,1866,0.0,0.0,0,0,0,5
57,1867,0.0,0.0,0,0,0,5
57,1868,0.0,0.0,0,0,0,5
57,1869,0.0,0.0,0,0,0,5
57,1870,0.0,0.0,0,0,0,5
57,1871,0.0,0.0,0,0,0,5
57,1872,0.0,0.0,0,0,0,5
57,1873,0.0,0.0,0,0,0,5
57,1874,0.0,0.0,0,0,0,5
57,1875,0.0,0.0,0,0,0,5
57,1876,0.0,0.0,0,0,0,5
57,1877,0.0,0.0,0,0,0,5
57,1878,0.0,0.0,0,0,0,5
57,1879,0.0,0.0,0,0,0,5
57,1880,0.0,0.0,0,0,0,5
57,1881,0.0,0.0,0,0,0,5
57,1882,0.0,0.0,0,0,0,5
57,1883,0.0,0.0,0,0,0,5
57,1884,0.0,0.0,0,0,0,5
57,1885,0.0,0.0,0,0,0,5
57,1886,0.0,0.0,0,0,0,5
57,1887,0.0,0.0,0,0,0,5
57,1888,0.0,0.0,0,0,0,5
57,1889,0.0,0.0,0,0,0,5
57,1890,0.0,0.0,0,0,0,5
57,1891,0.0,0.0,0,0,0,5
57,1892,0.0,0.0,0,0,0,5
57,1893,0.0,0.0,0,0,0,5
57,1894,0.0,0.0,0,0,0,5
57,1895,0.0,0.0,0,0,0,5
57,1896,0.0,0.0,0,0,0,5
57,1897,0.0,0.0,0,0,0,5
57,1898,0.0,0.0,0,0,0,5
57,1899,0.0,0.0,0,0,0,5
57,1900,0.0,0.0,0,0,0,5
57,1901,0.0,0.0,0,0,0,5
57,1902,0.0,0.0,0,0,0,5
57,1903,0.0,0.0,0,0,0,5
57,1904,0.0,0.0,0,0,0,5
57,1905,0.0,0.0,0,0,0,5
57,1906,0.0,0.0,0,0,0,5
57,1907,0.0,0.0,0,0,0,5
57,1908,0.0,0.0,0,0,0,5
57,1909,0.0,0.0,0,0,0,5
57,1910,0.0,0.0,0,0,0,5
57,1911,0.0,0.0,0,0,0,5
57,1912,0.0,0.0,0,0,0,5
57,1913,0.0,0.0,0,0,0,5
57,1914,0.0,0.0,0,0,0,5
57,1915,0.0,0.0,0,0,0,5
57,1916,0.0,0.0,0,0,0,5
57,1917,0.0,0.0,0,0,0,5
57,1918,0.0,0.0,0,0,0,5
57,1919,0.0,0.0,0,0,0,5
57,1920,0.0,0.0,0,0,0,5
57,1921,0.0,0.0,0,0,0,5
57,1922,0.0,0.0,0,0,0,5
57,1923,0.0,0.0,0,0,0,5
57,1924,0.0,0.0,0,0,0,5
57,1925,0.0,0.0,0,0,0,5
57,1926,0.0,0.0,0,0,0,5
57,1927,0.0,0.0,0,0,0,5
57,1928,0.0,0.0,0,0,0,5
57,1929,0.0,0.0,0,0,0,5
57,1930,0.0,0.0,0,0,0,5
57,1931,0.0,0.0,0,0,0,5
57,1932,0.0,0.0,0,0,0,5
57,1933,0.0,0.0,0,0,0,5
57,1934,0.0,0.0,0,0,0,5
57,1935,0.0,0.0,0,0,0,5
57,1936,0.0,0.0,0,0,0,5
57,1937,0.0,0.0,0,0,0,5
57,1938,0.0,0.0,0,0,0,5
57,1939,0.0,0.0,0,0,0,5
57,1940,0.0,0.0,0,0,0,5
57,1941,0.0,0.0,0,0,0,5
57,1942,0.0,0.0,0,0,0,5
57,1943,0.0,0.0,0,0,0,5
57,1944,0.0,0.0,0,0,0,5
57,1945,0.0,0.0,0,0,0,5
57,1946,0.0,0.0,0,0,0,5
57,1947,0.0,0.0,0,0,0,5
57,1948,0.0,0.0,0,0,0,5
57,1949,0.0,0.0,0,0,0,5
57,1950,0.0,0.0,0,0,0,5
57,1951,0.0,0.0,0,0,0,5
57,1952,0.0,0.0,0,0,0,5
57,1953,0.0,0.0,0,0,0,5
57,1954,0.0,0.0,0,0,0,5
57,1955,0.0,0.0,0,0,0,5
57,1956,0.0,0.0,0,0,0,5
57,1957,0.0,0.0,0,0,0,5
57,1958,0.0,0.0,0,0,0,5
57,1959,0.0,0.0,0,0,0,5
57,1960,0.0,0.0,0,0,0,5
57,1961,0.0,0.0,0,0,0,5
57,1962,0.0,0.0,0,0,0,5
57,1963,0.0,0.0,0,0,0,5
57,1964,0.0,0.0,0,0,0,5
57,1965,0.0,0.0,0,0,0,5
57,1966,0.0,0.0,0,0,0,5
57,1967,0.0,0.0,0,0,0,5
57,1968,0.0,0.0,0,0,0,5
57,1969,0.0,0.0,0,0,0,5
57,1970,0.0,0.0,0,0,0,5
57,1971,0.0,0.0,0,0,0,5
57,1972,0.0,0.0,0,0,0,5
57,1973,0.0,0.0,0,0,0,5
57,1974,0.0,0.0,0,0,0,5
57,1975,0.0,0.0,0,0,0,5
57,1976,0.0,0.0,0,0,0,5
57,1977,0.0,0.0,0,0,0,5
57,1978,0.0,0.0,0,0,0,5
57,1979,0.0,0.0,0,0,0,5
57,1980,0.0,0.0,0,0,0,5
57,1981,0.0,0.0,0,0,0,5
57,1982,0.0,0.0,0,0,0,5
57,1983,0.0,0.0,0,0,0,5
57,1984,0.0,0.0,0,0,0,5
57,1985,0.0,0.0,0,0,0,5
57,1986,0.0,0.0,0,0,0,5
57,1987,0.0,0.0,0,0,0,5
57,1988,0.0,0.0,0,0,0,5
57,1989,0.0,0.0,0,0,0,5
57,1990,0.0,0.0,0,0,0,5
57,1991,0.0,0.0,0,0,0,5
57,1992,0.0,0.0,0,0,0,5
57,1993,0.0,0.0,0,0,0,5
57,1994,0.0,0.0,0,0,0,5
57,1995,0.0,0.0,0,0,0,5
57,1996,0.0,0.0,0,0,0,5
57,1997,0.0,0.0,0,0,0,5
57,1998,0.0,0.0,0,0,0,5
57,1999,0.0,0.0,0,0,0,5
58,0,1.0,1.0,0,0,0,5
58,1,1.0,1.0,0,0,0,5
58,2,1.0,1.0,0,0,0,5
58,3,1.0,1.0,0,0,0,5
58,4,1.0,1.0,0,0,0,5
58,5,1.0,1.0,0,0,0,5
58,6,1.0,1.0,0,0,0,5
58,7,1.0,1.0,0,0,0,5
58,8,1.0,1.0,0,0,0,5
58,9,1.0,1.0,0,0,0,5
58,10,1.0,1.0,0,0,0,5
58,11,1.0,1.0,0,0,0,5
58,12,1.0,1.0,0,0,0,5
58,13,1.0,1.0,0,0,0,5
58,14,1.0,1.0,0,0,0,5
58,15,1.0,1.0,0,0,0,5
58,16,1.0,1.0,0,0,0,5
58,17,1.0,1.0,0,0,0,5
58,18,1.0,1.0,0,0,0,5
58,19,1.0,1.0,0,0,0,5
58,20,1.0,1.0,0,0,0,5
58,21,1.0,1.0,0,0,0,5
58,22,1.0,1.0,0,0,0,5
58,23,1.0,1.0,0,0,0,5
58,24,1.0,1.0,0,0,0,5
58,25,1.0,1.0,0,0,0,5
58,26,1.0,1.0,0,0,0,5
58,27,1.0,1.0,0,0,0,5
58,28,1.0,1.0,0,0,0,5
58,29,1.0,1.0,0,0,0,5
58,30,1.0,1.0,0,0,0,5
58,31,1.0,1.0,0,0,0,5
58,32,1.0,1.0,0,0,0,5
58,33,1.0,1.0,0,0,0,5
58,34,1.0,1.0,0,0,0,5
58,35,1.0,1.0,0,0,0,5
58,36,1.0,1.0,0,0,0,5
58,37,1.0,1.0,0,0,0,5
58,38,1.0,1.0,0,0,0,5
58,39,1.0,1.0,0,0,0,5
58,40,1.0,1.0,0,0,0,5
58,41,1.0,1.0,0,0,0,5
58,42,1.0,1.0,0,0,0,5
58,43,1.0,1.0,0,0,0,5
58,44,1.0,1.0,0,0,0,5
58,45,1.0,1.0,0,0,0,5
58,46,1.0,1.0,0,0,0,5
58,47,1.0,1.0,0,0,0,5
58,48,1.0,1.0,0,0,0,5
58,49,1.0,1.0,0,0,0,5
58,50,1.0,1.0,0,0,0,5
58,51,1.0,1.0,0,0,0,5
58,52,1.0,1.0,0,0,0,5
58,53,1.0,1.0,0,0,0,5
58,54,1.0,1.0,0,0,0,5
58,55,1.0,1.0,0,0,0,5
58,56,1.0,1.0,0,0,0,5
58,57,1.0,1.0,0,0,0,5
58,58,1.0,0.0,0,0,0,5
58,59,1.0,0.0,0,0,0,5
58,60,1.0,0.0,0,0,0,5
58,61,1.0,0.0,0,0,0,5
58,62,1.0,0.0,0,0,0,5
58,63,1.0,0.0,0,0,0,5
58,64,0.0,0.0,0,0,0,5
58,65,0.0,0.0,0,0,0,5
58,66,0.0,0.0,0,0,0,5
58,67,0.0,0.0,0,0,0,5
58,68,0.0,0.0,0,0,0,5
58,69,0.0,0.0,0,0,0,5
58,70,0.0,0.0,0,0,0,5
58,71,0.0,0.0,0,0,0,5
58,72,0.0,0.0,0,0,0,5
58,73,0.0,0.0,0,0,0,5
58,74,0.0,0.0,0,0,0,5
58,75,0.0,0.0,0,0,0,5
58,76,0.0,0.0,0,0,0,5
58,77,0.0,0.0,0,0,0,5
58,78,0.0,0.0,0,0,0,5
58,79,0.0,0.0,0,0,0,5
58,80,0.0,0.0,0,0,0,5
58,81,0.0,0.0,0,0,0,5
58,82,0.0,0.0,0,0,0,5
58,83,0.0,0.0,0,0,0,5
58,84,0.0,0.0,0,0,0,5
58,85,0.0,0.0,0,0,0,5
58,86,0.0,0.0,0,0,0,5
58,87,0.0,0.0,0,0,0,5
58,88,0.0,0.0,0,0,0,5
58,89,0.0,0.0,0,0,0,5
58,90,0.0,0.0,0,0,0,5
58,91,0.0,0.0,0,0,0,5
58,92,0.0,0.0,0,0,0,5
58,93,0.0,0.0,0,0,0,5
58,94,0.0,0.0,0,0,0,5
58,95,0.0,0.0,0,0,0,5
58,96,0.0,0.0,0,0,0,5
58,97,0.0,0.0,0,0,0,5
58,98,0.0,0.0,0,0,0,5
58,99,0.0,0.0,0,0,0,5
58,100,0.0,0.0,0,0,0,5
58,101,0.0,0.0,0,0,0,5
58,102,0.0,0.0,0,0,0,5
58,103,0.0,0.0,0,0,0,5
58,104,0.0,0.0,0,0,0,5
58,105,0.0,0.0,0,0,0,5
58,106,0.0,0.0,0,0,0,5
58,107,0.0,0.0,0,0,0,5
58,108,0.0,0.0,0,0,0,5
58,109,0.0,0.0,0,0,0,5
58,110,0.0,0.0,0,0,0,5
58,111,0.0,0.0,0,0,0,5
58,112,0.0,0.0,0,0,0,5
58,113,0.0,0.0,0,0,0,5
58,114,0.0,0.0,0,0,0,5
58,115,0.0,0.0,0,0,0,5
58,116,0.0,0.0,0,0,0,5
58,117,0.0,0.0,0,0,0,5
58,118,0.0,0.0,0,0,0,5
58,119,0.0,0.0,0,0,0,5
58,120,0.0,0.0,0,0,0,5
58,121,0.0,0.0,0,0,0,5
58,122,0.0,0.0,0,0,0,5
58,123,0.0,0.0,0,0,0,5
58,124,0.0,0.0,0,0,0,5
58,125,0.0,0.0,0,0,0,5
58,126,0.0,0.0,0,0,0,5
58,127,0.0,0.0,0,0,0,5
58,128,0.0,0.0,0,0,0,5
58,129,0.0,0.0,0,0,0,5
58,130,0.0,0.0,0,0,0,5
58,131,0.0,0.0,0,0,0,5
58,132,0.0,0.0,0,0,0,5
58,133,0.0,0.0,0,0,0,5
58,134,0.0,0.0,0,0,0,5
58,135,0.0,0.0,0,0,0,5
58,136,0.0,0.0,0,0,0,5
58,137,0.0,0.0,0,0,0,5
58,138,0.0,0.0,0,0,0,5
58,139,0.0,0.0,0,0,0,5
58,140,0.0,0.0,0,0,0,5
58,141,0.0,0.0,0,0,0,5
58,142,0.0,0.0,0,0,0,5
58,143,0.0,0.0,0,0,0,5
58,144,0.0,0.0,0,0,0,5
58,145,0.0,0.0,0,0,0,5
58,146,0.0,0.0,0,0,0,5
58,147,0.0,0.0,0,0,0,5
58,148,0.0,0.0,0,0,0,5
58,149,0.0,0.0,0,0,0,5
58,150,0.0,0.0,0,0,0,5
58,151,0.0,0.0,0,0,0,5
58,152,0.0,0.0,0,0,0,5
58,153,0.0,0.0,0,0,0,5
58,154,0.0,0.0,0,0,0,5
58,155,0.0,0.0,0,0,0,5
58,156,0.0,0.0,0,0,0,5
58,157,0.0,0.0,0,0,0,5
58,158,0.0,0.0,0,0,0,5
58,159,0.0,0.0,0,0,0,5
58,160,0.0,0.0,0,0,0,5
58,161,0.0,0.0,0,0,0,5
58,162,0.0,0.0,0,0,0,5
58,163,0.0,0.0,0,0,0,5
58,164,0.0,0.0,0,0,0,5
58,165,0.0,0.0,0,0,0,5
58,166,0.0,0.0,0,0,0,5
58,167,0.0,0.0,0,0,0,5
58,168,0.0,0.0,0,0,0,5
58,169,0.0,0.0,0,0,0,5
58,170,0.0,0.0,0,0,0,5
58,171,0.0,0.0,0,0,0,5
58,172,0.0,0.0,0,0,0,5
58,173,0.0,0.0,0,0,0,5
58,174,0.0,0.0,0,0,0,5
58,175,0.0,0.0,0,0,0,5
58,176,0.0,0.0,0,0,0,5
58,177,0.0,0.0,0,0,0,5
58,178,0.0,0.0,0,0,0,5
58,179,0.0,0.0,0,0,0,5
58,180,0.0,0.0,0,0,0,5
58,181,0.0,0.0,0,0,0,5
58,182,0.0,0.0,0,0,0,5
58,183,0.0,0.0,0,0,0,5
58,184,0.0,0.0,0,0,0,5
58,185,0.0,0.0,0,0,0,5
58,186,0.0,0.0,0,0,0,5
58,187,0.0,0.0,0,0,0,5
58,188,0.0,0.0,0,0,0,5
58,189,0.0,0.0,0,0,0,5
58,190,0.0,0.0,0,0,0,5
58,191,0.0,0.0,0,0,0,5
58,192,0.0,0.0,0,0,0,5
58,193,0.0,0.0,0,0,0,5
58,194,0.0,0.0,0,0,0,5
58,195,0.0,0.0,0,0,0,5
58,196,0.0,0.0,0,0,0,5
58,197,0.0,0.0,0,0,0,5
58,198,0.0,0.0,0,0,0,5
58,199,0.0,0.0,0,0,0,5
58,200,0.0,0.0,0,0,0,5
58,201,0.0,0.0,0,0,0,5
58,202,0.0,0.0,0,0,0,5
58,203,0.0,0.0,0,0,0,5
58,204,0.0,0.0,0,0,0,5
58,205,0.0,0.0,0,0,0,5
58,206,0.0,0.0,0,0,0,5
58,207,0.0,0.0,0,0,0,5
58,208,0.0,0.0,0,0,0,5
58,209,0.0,0.0,0,0,0,5
58,210,0.0,0.0,0,0,0,5
58,211,0.0,0.0,0,0,0,5
58,212,0.0,0.0,0,0,0,5
58,213,0.0,0.0,0,0,0,5
58,214,0.0,0.0,0,0,0,5
58,215,0.0,0.0,0,0,0,5
58,216,0.0,1.0,0,0,0,5
58,217,0.0,1.0,0,0,0,5
58,218,0.0,1.0,0,0,0,5
58,219,0.0,1.0,0,0,0,5
58,220,0.0,1.0,0,0,0,5
58,221,0.0,1.0,0,0,0,5
58,222,0.0,1.0,0,0,0,5
58,223,1.0,1.0,0,0,0,5
58,224,1.0,1.0,0,0,0,5
58,225,1.0,1.0,0,0,0,5
58,226,1.0,1.0,0,0,0,5
58,227,1.0,1.0,0,0,0,5
58,228,1.0,1.0,0,0,0,5
58,229,1.0,1.0,0,0,0,5
58,230,1.0,1.0,0,0,0,5
58,231,1.0,1.0,0,0,0,5
58,232,1.0,1.0,0,0,0,5
58,233,1.0,1.0,0,0,0,5
58,234,1.0,1.0,0,0,0,5
58,235,1.0,1.0,0,0,0,5
58,236,1.0,1.0,0,0,0,5
58,237,1.0,1.0,0,0,0,5
58,238,1.0,1.0,0,0,0,5
58,239,1.0,1.0,0,0,0,5
58,240,1.0,1.0,0,0,0,5
58,241,1.0,1.0,0,0,0,5
58,242,1.0,1.0,0,0,0,5
58,243,1.0,1.0,0,0,0,5
58,244,1.0,1.0,0,0,0,5
58,245,1.0,1.0,0,0,0,5
58,246,1.0,1.0,0,0,0,5
58,247,1.0,1.0,0,0,0,5
58,248,1.0,1.0,0,0,0,5
58,249,1.0,1.0,0,0,0,5
58,250,1.0,1.0,0,0,0,5
58,251,1.0,1.0,0,0,0,5
58,252,1.0,1.0,0,0,0,5
58,253,1.0,1.0,0,0,0,5
58,254,1.0,1.0,0,0,0,5
58,255,1.0,1.0,0,0,0,5
58,256,1.0,1.0,0,0,0,5
58,257,1.0,1.0,0,0,0,5
58,258,1.0,1.0,0,0,0,5
58,259,1.0,1.0,0,0,0,5
58,260,1.0,1.0,0,0,0,5
58,261,1.0,1.0,0,0,0,5
58,262,1.0,1.0,0,0,0,5
58,263,1.0,1.0,0,0,0,5
58,264,1.0,1.0,0,0,0,5
58,265,1.0,1.0,0,0,0,5
58,266,1.0,1.0,0,0,0,5
58,267,1.0,1.0,0,0,0,5
58,268,1.0,1.0,0,0,0,5
58,269,1.0,1.0,0,0,0,5
58,270,1.0,1.0,0,0,0,5
58,271,1.0,1.0,0,0,0,5
58,272,1.0,1.0,0,0,0,5
58,273,1.0,1.0,0,0,0,5
58,274,1.0,1.0,0,0,0,5
58,275,1.0,1.0,0,0,0,5
58,276,1.0,1.0,0,0,0,5
58,277,1.0,1.0,0,0,0,5
58,278,1.0,1.0,0,0,0,5
58,279,1.0,1.0,0,0,0,5
58,280,1.0,1.0,0,0,0,5
58,281,1.0,1.0,0,0,0,5
58,282,1.0,1.0,0,0,0,5
58,283,1.0,1.0,0,0,0,5
58,284,1.0,1.0,0,0,0,5
58,285,1.0,1.0,0,0,0,5
58,286,1.0,1.0,0,0,0,5
58,287,1.0,1.0,0,0,0,5
58,288,1.0,1.0,0,0,0,5
58,289,1.0,1.0,0,0,0,5
58,290,1.0,1.0,0,0,0,5
58,291,1.0,1.0,0,0,0,5
58,292,1.0,1.0,0,0,0,5
58,293,1.0,1.0,0,0,0,5
58,294,1.0,1.0,0,0,0,5
58,295,1.0,1.0,0,0,0,5
58,296,1.0,1.0,0,0,0,5
58,297,1.0,1.0,0,0,0,5
58,298,1.0,1.0,0,0,0,5
58,299,1.0,1.0,0,0,0,5
58,300,1.0,1.0,0,0,0,5
58,301,1.0,1.0,0,0,0,5
58,302,1.0,1.0,0,0,0,5
58,303,1.0,1.0,0,0,0,5
58,304,1.0,1.0,0,0,0,5
58,305,1.0,1.0,0,0,0,5
58,306,1.0,1.0,0,0,0,5
58,307,1.0,1.0,0,0,0,5
58,308,1.0,1.0,0,0,0,5
58,309,1.0,1.0,0,0,0,5
58,310,1.0,1.0,0,0,0,5
58,311,1.0,1.0,0,0,0,5
58,312,1.0,1.0,0,0,0,5
58,313,1.0,1.0,0,0,0,5
58,314,1.0,1.0,0,0,0,5
58,315,1.0,1.0,0,0,0,5
58,316,1.0,1.0,0,0,0,5
58,317,1.0,1.0,0,0,0,5
58,318,1.0,1.0,0,0,0,5
58,319,1.0,1.0,0,0,0,5
58,320,1.0,1.0,0,0,0,5
58,321,1.0,1.0,0,0,0,5
58,322,1.0,1.0,0,0,0,5
58,323,1.0,1.0,0,0,0,5
58,324,1.0,1.0,0,0,0,5
58,325,1.0,1.0,0,0,0,5
58,326,1.0,1.0,0,0,0,5
58,327,1.0,1.0,0,0,0,5
58,328,1.0,1.0,0,0,0,5
58,329,1.0,1.0,0,0,0,5
58,330,1.0,1.0,0,0,0,5
58,331,1.0,1.0,0,0,0,5
58,332,1.0,1.0,0,0,0,5
58,333,1.0,1.0,0,0,0,5
58,334,1.0,1.0,0,0,0,5
58,335,1.0,1.0,0,0,0,5
58,336,1.0,1.0,0,0,0,5
58,337,1.0,1.0,0,0,0,5
58,338,1.0,1.0,0,0,0,5
58,339,1.0,1.0,0,0,0,5
58,340,1.0,1.0,0,0,0,5
58,341,1.0,1.0,0,0,0,5
58,342,1.0,1.0,0,0,0,5
58,343,1.0,1.0,0,0,0,5
58,344,1.0,1.0,0,0,0,5
58,345,1.0,1.0,0,0,0,5
58,346,1.0,1.0,0,0,0,5
58,347,1.0,1.0,0,0,0,5
58,348,1.0,1.0,0,0,0,5
58,349,1.0,1.0,0,0,0,5
58,350,1.0,1.0,0,0,0,5
58,351,1.0,1.0,0,0,0,5
58,352,1.0,1.0,0,0,0,5
58,353,1.0,1.0,0,0,0,5
58,354,1.0,1.0,0,0,0,5
58,355,1.0,1.0,0,0,0,5
58,356,1.0,1.0,0,0,0,5
58,357,1.0,1.0,0,0,0,5
58,358,1.0,1.0,0,0,0,5
58,359,1.0,1.0,0,0,0,5
58,360,1.0,1.0,0,0,0,5
58,361,1.0,1.0,0,0,0,5
58,362,1.0,1.0,0,0,0,5
58,363,1.0,1.0,0,0,0,5
58,364,1.0,1.0,0,0,0,5
58,365,1.0,1.0,0,0,0,5
58,366,1.0,1.0,0,0,0,5
58,367,1.0,1.0,0,0,0,5
58,368,1.0,1.0,0,0,0,5
58,369,1.0,1.0,0,0,0,5
58,370,1.0,1.0,0,0,0,5
58,371,1.0,1.0,0,0,0,5
58,372,1.0,1.0,0,0,0,5
58,373,1.0,1.0,0,0,0,5
58,374,1.0,1.0,0,0,0,5
58,375,1.0,1.0,0,0,0,5
58,376,1.0,1.0,0,0,0,5
58,377,1.0,1.0,0,0,0,5
58,378,1.0,1.0,0,0,0,5
58,379,1.0,1.0,0,0,0,5
58,380,1.0,1.0,0,0,0,5
58,381,1.0,1.0,0,0,0,5
58,382,1.0,1.0,0,0,0,5
58,383,1.0,1.0,0,0,0,5
58,384,1.0,1.0,0,0,0,5
58,385,1.0,1.0,0,0,0,5
58,386,1.0,1.0,0,0,0,5
58,387,1.0,1.0,0,0,0,5
58,388,1.0,0.0,0,0,0,5
58,389,1.0,0.0,0,0,0,5
58,390,1.0,0.0,0,0,0,5
58,391,1.0,0.0,0,0,0,5
58,392,1.0,0.0,0,0,0,5
58,393,1.0,0.0,0,0,0,5
58,394,1.0,0.0,0,0,0,5
58,395,0.0,0.0,0,0,0,5
58,396,0.0,0.0,0,0,0,5
58,397,0.0,0.0,0,0,0,5
58,398,0.0,0.0,0,0,0,5
58,399,0.0,0.0,0,0,0,5
58,400,0.0,0.0,0,0,0,5
58,401,0.0,0.0,0,0,0,5
58,402,0.0,0.0,0,0,0,5
58,403,0.0,0.0,0,0,0,5
58,404,0.0,0.0,0,0,0,5
58,405,0.0,0.0,0,0,0,5
58,406,0.0,0.0,0,0,0,5
58,407,0.0,0.0,0,0,0,5
58,408,0.0,0.0,0,0,0,5
58,409,0.0,0.0,0,0,0,5
58,410,0.0,0.0,0,0,0,5
58,411,0.0,0.0,0,0,0,5
58,412,0.0,0.0,0,0,0,5
58,413,0.0,0.0,0,0,0,5
58,414,0.0,0.0,0,0,0,5
58,415,0.0,0.0,0,0,0,5
58,416,0.0,0.0,0,0,0,5
58,417,0.0,0.0,0,0,0,5
58,418,0.0,0.0,0,0,0,5
58,419,0.0,0.0,0,0,0,5
58,420,0.0,0.0,0,0,0,5
58,421,0.0,0.0,0,0,0,5
58,422,0.0,0.0,0,0,0,5
58,423,0.0,0.0,0,0,0,5
58,424,0.0,0.0,0,0,0,5
58,425,0.0,0.0,0,0,0,5
58,426,0.0,0.0,0,0,0,5
58,427,0.0,0.0,0,0,0,5
58,428,0.0,0.0,0,0,0,5
58,429,0.0,0.0,0,0,0,5
58,430,0.0,0.0,0,0,0,5
58,431,0.0,0.0,0,0,0,5
58,432,0.0,0.0,0,0,0,5
58,433,0.0,0.0,0,0,0,5
58,434,0.0,0.0,0,0,0,5
58,435,0.0,0.0,0,0,0,5
58,436,0.0,0.0,0,0,0,5
58,437,0.0,0.0,0,0,0,5
58,438,0.0,0.0,0,0,0,5
58,439,0.0,0.0,0,0,0,5
58,440,0.0,0.0,0,0,0,5
58,441,0.0,0.0,0,0,0,5
58,442,0.0,0.0,0,0,0,5
58,443,0.0,0.0,0,0,0,5
58,444,0.0,0.0,0,0,0,5
58,445,0.0,0.0,0,0,0,5
58,446,0.0,0.0,0,0,0,5
58,447,0.0,0.0,0,0,0,5
58,448,0.0,0.0,0,0,0,5
58,449,0.0,0.0,0,0,0,5
58,450,0.0,0.0,0,0,0,5
58,451,0.0,0.0,0,0,0,5
58,452,0.0,0.0,0,0,0,5
58,453,0.0,0.0,0,0,0,5
58,454,0.0,0.0,0,0,0,5
58,455,0.0,0.0,0,0,0,5
58,456,0.0,0.0,0,0,0,5
58,457,0.0,0.0,0,0,0,5
58,458,0.0,0.0,0,0,0,5
58,459,0.0,0.0,0,0,0,5
58,460,0.0,0.0,0,0,0,5
58,461,0.0,0.0,0,0,0,5
58,462,0.0,0.0,0,0,0,5
58,463,0.0,0.0,0,0,0,5
58,464,0.0,0.0,0,0,0,5
58,465,0.0,0.0,0,0,0,5
58,466,0.0,0.0,0,0,0,5
58,467,0.0,0.0,0,0,0,5
58,468,0.0,0.0,0,0,0,5
58,469,0.0,0.0,0,0,0,5
58,470,0.0,0.0,0,0,0,5
58,471,0.0,0.0,0,0,0,5
58,472,0.0,0.0,0,0,0,5
58,473,0.0,0.0,1,0,0,5
58,474,0.0,0.0,1,0,0,5
58,475,0.0,0.0,1,0,0,5
58,476,0.0,0.0,1,0,0,5
58,477,0.0,0.0,1,0,0,5
58,478,0.0,0.0,1,0,0,5
58,479,0.0,0.0,1,0,0,5
58,480,0.0,0.0,1,0,0,5
58,481,0.0,0.0,1,0,0,5
58,482,0.0,0.0,1,0,0,5
58,483,0.0,0.0,1,0,0,5
58,484,0.0,0.0,1,0,0,5
58,485,0.0,0.0,1,0,0,5
58,486,0.0,0.0,1,0,0,5
58,487,0.0,0.0,1,0,0,5
58,488,0.0,0.0,1,0,0,5
58,489,0.0,0.0,1,0,0,5
58,490,0.0,0.0,1,0,0,5
58,491,0.0,0.0,1,0,0,5
58,492,0.0,0.0,1,0,0,5
58,493,0.0,0.0,1,0,0,5
58,494,0.0,0.0,1,0,0,5
58,495,0.0,0.0,1,0,0,5
58,496,0.0,0.0,1,0,0,5
58,497,0.0,0.0,1,0,0,5
58,498,0.0,0.0,1,0,0,5
58,499,0.0,0.0,1,0,0,5
58,500,0.0,0.0,1,0,0,5
58,501,0.0,0.0,1,0,0,5
58,502,0.0,0.0,1,0,0,5
58,503,0.0,0.0,1,0,0,5
58,504,0.0,0.0,1,0,0,5
58,505,0.0,0.0,1,0,0,5
58,506,0.0,0.0,1,0,0,5
58,507,0.0,0.0,1,0,0,5
58,508,0.0,0.0,1,0,0,5
58,509,0.0,0.0,1,0,0,5
58,510,0.0,0.0,1,0,0,5
58,511,0.0,0.0,1,0,0,5
58,512,0.0,0.0,1,0,0,5
58,513,0.0,0.0,1,0,0,5
58,514,0.0,0.0,1,0,0,5
58,515,0.0,0.0,1,0,0,5
58,516,0.0,0.0,1,0,0,5
58,517,0.0,0.0,1,0,0,5
58,518,0.0,0.0,1,0,0,5
58,519,0.0,0.0,1,0,0,5
58,520,0.0,0.0,1,0,0,5
58,521,0.0,0.0,1,0,0,5
58,522,0.0,0.0,1,0,0,5
58,523,0.0,0.0,1,0,0,5
58,524,0.0,0.0,1,0,0,5
58,525,0.0,0.0,1,0,0,5
58,526,0.0,0.0,1,0,0,5
58,527,0.0,0.0,1,0,0,5
58,528,0.0,0.0,1,0,0,5
58,529,0.0,0.0,1,0,0,5
58,530,0.0,0.0,1,0,0,5
58,531,0.0,0.0,1,0,0,5
58,532,0.0,0.0,1,0,0,5
58,533,0.0,0.0,1,0,0,5
58,534,0.0,0.0,1,0,0,5
58,535,0.0,0.0,1,0,0,5
58,536,0.0,0.0,1,0,0,5
58,537,0.0,0.0,1,0,0,5
58,538,0.0,0.0,1,0,0,5
58,539,0.0,0.0,1,0,0,5
58,540,0.0,0.0,1,0,0,5
58,541,0.0,0.0,1,0,0,5
58,542,0.0,0.0,1,0,0,5
58,543,0.0,0.0,1,0,0,5
58,544,0.0,0.0,1,0,0,5
58,545,0.0,0.0,1,0,0,5
58,546,0.0,0.0,1,0,0,5
58,547,0.0,0.0,1,0,0,5
58,548,0.0,0.0,1,0,0,5
58,549,0.0,0.0,1,0,0,5
58,550,0.0,0.0,1,0,0,5
58,551,0.0,0.0,1,0,0,5
58,552,0.0,0.0,1,0,0,5
58,553,0.0,0.0,1,0,0,5
58,554,0.0,0.0,1,0,0,5
58,555,0.0,0.0,1,0,0,5
58,556,0.0,0.0,1,0,0,5
58,557,0.0,0.0,1,0,0,5
58,558,0.0,0.0,1,0,0,5
58,559,0.0,0.0,1,0,0,5
58,560,0.0,0.0,1,0,0,5
58,561,0.0,0.0,1,0,0,5
58,562,0.0,0.0,1,0,0,5
58,563,0.0,0.0,1,0,0,5
58,564,0.0,0.0,1,0,0,5
58,565,0.0,0.0,1,0,0,5
58,566,0.0,0.0,1,0,0,5
58,567,0.0,0.0,1,0,0,5
58,568,0.0,0.0,1,0,0,5
58,569,0.0,1.0,1,0,0,5
58,570,0.0,1.0,1,0,0,5
58,571,0.0,1.0,1,0,0,5
58,572,0.0,1.0,1,0,0,5
58,573,0.0,1.0,1,0,0,5
58,574,0.0,1.0,1,0,0,5
58,575,1.0,1.0,1,0,0,5
58,576,1.0,1.0,1,0,0,5
58,577,1.0,1.0,1,0,0,5
58,578,1.0,1.0,1,0,0,5
58,579,1.0,1.0,1,0,0,5
58,580,1.0,1.0,1,0,0,5
58,581,1.0,1.0,1,0,0,5
58,582,1.0,1.0,1,0,0,5
58,583,1.0,1.0,1,0,0,5
58,584,1.0,1.0,1,0,0,5
58,585,1.0,1.0,1,0,0,5
58,586,1.0,1.0,1,0,0,5
58,587,1.0,1.0,1,0,0,5
58,588,1.0,1.0,1,0,0,5
58,589,1.0,1.0,1,0,0,5
58,590,1.0,1.0,1,0,0,5
58,591,1.0,1.0,1,0,0,5
58,592,1.0,1.0,1,0,0,5
58,593,1.0,1.0,1,0,0,5
58,594,1.0,1.0,1,0,0,5
58,595,1.0,1.0,1,0,0,5
58,596,1.0,1.0,1,0,0,5
58,597,1.0,1.0,1,0,0,5
58,598,1.0,1.0,1,0,0,5
58,599,1.0,1.0,1,0,0,5
58,600,1.0,1.0,1,0,0,5
58,601,1.0,1.0,1,0,0,5
58,602,1.0,1.0,1,0,0,5
58,603,1.0,1.0,1,0,0,5
58,604,1.0,1.0,1,0,0,5
58,605,1.0,1.0,1,0,0,5
58,606,1.0,1.0,1,0,0,5
58,607,1.0,1.0,1,0,0,5
58,608,1.0,1.0,1,0,0,5
58,609,1.0,1.0,1,0,0,5
58,610,1.0,1.0,1,0,0,5
58,611,1.0,1.0,1,0,0,5
58,612,1.0,1.0,1,0,0,5
58,613,1.0,1.0,1,0,0,5
58,614,1.0,1.0,1,0,0,5
58,615,1.0,1.0,1,0,0,5
58,616,1.0,1.0,1,0,0,5
58,617,1.0,1.0,1,0,0,5
58,618,1.0,1.0,1,0,0,5
58,619,1.0,1.0,1,0,0,5
58,620,1.0,1.0,1,0,0,5
58,621,1.0,1.0,1,0,0,5
58,622,1.0,1.0,1,0,0,5
58,623,1.0,1.0,1,0,0,5
58,624,1.0,1.0,1,0,0,5
58,625,1.0,1.0,1,0,0,5
58,626,1.0,1.0,1,0,0,5
58,627,1.0,1.0,1,0,0,5
58,628,1.0,1.0,1,0,0,5
58,629,1.0,1.0,1,0,0,5
58,630,1.0,1.0,1,0,0,5
58,631,1.0,1.0,1,0,0,5
58,632,1.0,1.0,1,0,0,5
58,633,1.0,1.0,1,0,0,5
58,634,1.0,1.0,1,0,0,5
58,635,1.0,1.0,1,0,0,5
58,636,1.0,1.0,1,0,0,5
58,637,1.0,1.0,1,0,0,5
58,638,1.0,1.0,1,0,0,5
58,639,1.0,1.0,1,0,0,5
58,640,1.0,1.0,1,0,0,5
58,641,1.0,1.0,1,0,0,5
58,642,1.0,1.0,1,0,0,5
58,643,1.0,1.0,1,0,0,5
58,644,1.0,1.0,1,0,0,5
58,645,1.0,1.0,1,0,0,5
58,646,1.0,1.0,1,0,0,5
58,647,1.0,1.0,1,0,0,5
58,648,1.0,1.0,1,0,0,5
58,649,1.0,1.0,1,0,0,5
58,650,1.0,1.0,1,0,0,5
58,651,1.0,1.0,1,0,0,5
58,652,1.0,1.0,1,0,0,5
58,653,1.0,1.0,1,0,0,5
58,654,1.0,0.0,1,0,0,5
58,655,1.0,0.0,1,0,0,5
58,656,1.0,0.0,1,0,0,5
58,657,1.0,0.0,1,0,0,5
58,658,1.0,0.0,1,0,0,5
58,659,1.0,0.0,1,0,0,5
58,660,0.0,0.0,1,0,0,5
58,661,0.0,0.0,1,0,0,5
58,662,0.0,0.0,1,0,0,5
58,663,0.0,0.0,1,0,0,5
58,664,0.0,0.0,1,0,0,5
58,665,0.0,0.0,1,0,0,5
58,666,0.0,0.0,1,0,0,5
58,667,0.0,0.0,1,0,0,5
58,668,0.0,0.0,1,0,0,5
58,669,0.0,0.0,1,0,0,5
58,670,0.0,0.0,1,0,0,5
58,671,0.0,0.0,1,0,0,5
58,672,0.0,0.0,1,0,0,5
58,673,0.0,0.0,1,0,0,5
58,674,0.0,0.0,1,0,0,5
58,675,0.0,0.0,1,0,0,5
58,676,0.0,0.0,1,0,0,5
58,677,0.0,0.0,1,0,0,5
58,678,0.0,0.0,1,0,0,5
58,679,0.0,0.0,1,0,0,5
58,680,0.0,0.0,1,0,0,5
58,681,0.0,0.0,1,0,0,5
58,682,0.0,0.0,1,0,0,5
58,683,0.0,0.0,1,0,0,5
58,684,0.0,0.0,1,0,0,5
58,685,0.0,0.0,1,0,0,5
58,686,0.0,0.0,1,0,0,5
58,687,0.0,0.0,1,0,0,5
58,688,0.0,0.0,1,0,0,5
58,689,0.0,0.0,1,0,0,5
58,690,0.0,0.0,1,0,0,5
58,691,0.0,0.0,1,0,0,5
58,692,0.0,0.0,1,0,0,5
58,693,0.0,0.0,1,0,0,5
58,694,0.0,0.0,1,0,0,5
58,695,0.0,0.0,1,0,0,5
58,696,0.0,0.0,1,0,0,5
58,697,0.0,0.0,1,0,0,5
58,698,0.0,0.0,1,0,0,5
58,699,0.0,0.0,1,0,0,5
58,700,0.0,0.0,1,0,0,5
58,701,0.0,0.0,1,0,0,5
58,702,0.0,0.0,1,0,0,5
58,703,0.0,0.0,1,0,0,5
58,704,0.0,0.0,1,0,0,5
58,705,0.0,0.0,1,0,0,5
58,706,0.0,0.0,1,0,0,5
58,707,0.0,0.0,1,0,0,5
58,708,0.0,0.0,1,0,0,5
58,709,0.0,0.0,1,0,0,5
58,710,0.0,0.0,1,0,0,5
58,711,0.0,0.0,1,0,0,5
58,712,0.0,0.0,1,0,0,5
58,713,0.0,0.0,1,0,0,5
58,714,0.0,0.0,1,0,0,5
58,715,0.0,0.0,1,0,0,5
58,716,0.0,0.0,1,0,0,5
58,717,0.0,0.0,1,0,0,5
58,718,0.0,0.0,1,0,0,5
58,719,0.0,0.0,1,0,0,5
58,720,0.0,0.0,1,0,0,5
58,721,0.0,0.0,1,0,0,5
58,722,0.0,0.0,1,0,0,5
58,723,0.0,0.0,1,0,0,5
58,724,0.0,0.0,1,0,0,5
58,725,0.0,0.0,1,0,0,5
58,726,0.0,0.0,1,0,0,5
58,727,0.0,0.0,1,0,0,5
58,728,0.0,0.0,1,0,0,5
58,729,0.0,0.0,1,0,0,5
58,730,0.0,0.0,1,0,0,5
58,731,0.0,0.0,1,0,0,5
58,732,0.0,0.0,1,0,0,5
58,733,0.0,0.0,1,0,0,5
58,734,0.0,0.0,1,0,0,5
58,735,0.0,0.0,1,0,0,5
58,736,0.0,0.0,1,0,0,5
58,737,0.0,0.0,1,0,0,5
58,738,0.0,0.0,1,0,0,5
58,739,0.0,0.0,1,0,0,5
58,740,0.0,0.0,1,0,0,5
58,741,0.0,0.0,1,0,0,5
58,742,0.0,0.0,1,0,0,5
58,743,0.0,0.0,1,0,0,5
58,744,0.0,0.0,1,0,0,5
58,745,0.0,0.0,1,0,0,5
58,746,0.0,0.0,1,0,0,5
58,747,0.0,0.0,1,0,0,5
58,748,0.0,0.0,1,0,0,5
58,749,0.0,0.0,1,0,0,5
58,750,0.0,0.0,1,0,0,5
58,751,0.0,0.0,1,0,0,5
58,752,0.0,0.0,1,0,0,5
58,753,0.0,0.0,1,0,0,5
58,754,0.0,0.0,1,0,0,5
58,755,0.0,0.0,1,0,0,5
58,756,0.0,0.0,1,0,0,5
58,757,0.0,0.0,1,0,0,5
58,758,0.0,0.0,1,0,0,5
58,759,0.0,0.0,1,0,0,5
58,760,0.0,0.0,1,0,0,5
58,761,0.0,0.0,1,0,0,5
58,762,0.0,0.0,1,0,0,5
58,763,0.0,0.0,1,0,0,5
58,764,0.0,0.0,1,0,0,5
58,765,0.0,0.0,1,0,0,5
58,766,0.0,0.0,1,0,0,5
58,767,0.0,0.0,1,0,0,5
58,768,0.0,0.0,1,0,0,5
58,769,0.0,0.0,1,0,0,5
58,770,0.0,0.0,1,0,0,5
58,771,0.0,0.0,1,0,0,5
58,772,0.0,0.0,1,0,0,5
58,773,0.0,0.0,1,0,0,5
58,774,0.0,0.0,1,0,0,5
58,775,0.0,0.0,1,0,0,5
58,776,0.0,0.0,1,0,0,5
58,777,0.0,0.0,1,0,0,5
58,778,0.0,0.0,1,0,0,5
58,779,0.0,0.0,1,0,0,5
58,780,0.0,0.0,1,0,0,5
58,781,0.0,0.0,1,0,0,5
58,782,0.0,0.0,1,0,0,5
58,783,0.0,0.0,1,0,0,5
58,784,0.0,0.0,1,0,0,5
58,785,0.0,0.0,1,0,0,5
58,786,0.0,0.0,1,0,0,5
58,787,0.0,0.0,1,0,0,5
58,788,0.0,0.0,1,0,0,5
58,789,0.0,0.0,1,0,0,5
58,790,0.0,0.0,1,0,0,5
58,791,0.0,0.0,1,0,0,5
58,792,0.0,0.0,1,0,0,5
58,793,0.0,0.0,1,0,0,5
58,794,0.0,0.0,1,0,0,5
58,795,0.0,0.0,1,0,0,5
58,796,0.0,0.0,1,0,0,5
58,797,0.0,0.0,1,0,0,5
58,798,0.0,0.0,1,0,0,5
58,799,0.0,0.0,1,0,0,5
58,800,0.0,0.0,1,0,0,5
58,801,0.0,0.0,1,0,0,5
58,802,0.0,0.0,1,0,0,5
58,803,0.0,0.0,1,0,0,5
58,804,0.0,0.0,1,0,0,5
58,805,0.0,0.0,1,0,0,5
58,806,0.0,0.0,1,0,0,5
58,807,0.0,0.0,1,0,0,5
58,808,0.0,0.0,1,0,0,5
58,809,0.0,0.0,1,0,0,5
58,810,0.0,0.0,1,0,0,5
58,811,0.0,0.0,1,0,0,5
58,812,0.0,0.0,1,0,0,5
58,813,0.0,0.0,1,0,0,5
58,814,0.0,0.0,1,0,0,5
58,815,0.0,0.0,1,0,0,5
58,816,0.0,0.0,1,0,0,5
58,817,0.0,0.0,1,0,0,5
58,818,0.0,0.0,1,0,0,5
58,819,0.0,0.0,1,0,0,5
58,820,0.0,0.0,1,0,0,5
58,821,0.0,0.0,1,0,0,5
58,822,0.0,0.0,1,0,0,5
58,823,0.0,0.0,1,0,0,5
58,824,0.0,0.0,1,0,0,5
58,825,0.0,0.0,1,0,0,5
58,826,0.0,0.0,1,0,0,5
58,827,0.0,0.0,1,0,0,5
58,828,0.0,0.0,1,0,0,5
58,829,0.0,0.0,1,0,0,5
58,830,0.0,0.0,1,0,0,5
58,831,0.0,0.0,1,0,0,5
58,832,0.0,0.0,1,0,0,5
58,833,0.0,0.0,1,0,0,5
58,834,0.0,0.0,1,0,0,5
58,835,0.0,0.0,1,0,0,5
58,836,0.0,0.0,1,0,0,5
58,837,0.0,0.0,1,0,0,5
58,838,0.0,0.0,1,0,0,5
58,839,0.0,0.0,1,0,0,5
58,840,0.0,0.0,1,0,0,5
58,841,0.0,0.0,1,0,0,5
58,842,0.0,0.0,1,0,0,5
58,843,0.0,0.0,1,0,0,5
58,844,0.0,0.0,1,0,0,5
58,845,0.0,0.0,1,0,0,5
58,846,0.0,0.0,1,0,0,5
58,847,0.0,0.0,1,0,0,5
58,848,0.0,0.0,1,0,0,5
58,849,0.0,0.0,1,0,0,5
58,850,0.0,0.0,1,0,0,5
58,851,0.0,0.0,1,0,0,5
58,852,0.0,0.0,1,0,0,5
58,853,0.0,0.0,1,0,0,5
58,854,0.0,0.0,1,0,0,5
58,855,0.0,0.0,1,0,0,5
58,856,0.0,0.0,1,0,0,5
58,857,0.0,0.0,1,0,0,5
58,858,0.0,0.0,1,0,0,5
58,859,0.0,0.0,1,0,0,5
58,860,0.0,0.0,1,0,0,5
58,861,0.0,0.0,1,0,0,5
58,862,0.0,0.0,1,0,0,5
58,863,0.0,0.0,1,0,0,5
58,864,0.0,0.0,1,0,0,5
58,865,0.0,0.0,1,0,0,5
58,866,0.0,0.0,1,0,0,5
58,867,0.0,0.0,1,0,0,5
58,868,0.0,0.0,1,0,0,5
58,869,0.0,0.0,1,0,0,5
58,870,0.0,0.0,1,0,0,5
58,871,0.0,0.0,1,0,0,5
58,872,0.0,0.0,1,0,0,5
58,873,0.0,0.0,1,0,0,5
58,874,0.0,0.0,1,0,0,5
58,875,0.0,0.0,1,0,0,5
58,876,0.0,0.0,1,0,0,5
58,877,0.0,0.0,1,0,0,5
58,878,0.0,0.0,1,0,0,5
58,879,0.0,0.0,1,0,0,5
58,880,0.0,0.0,1,0,0,5
58,881,0.0,0.0,1,0,0,5
58,882,0.0,0.0,1,0,0,5
58,883,0.0,0.0,1,0,0,5
58,884,0.0,0.0,1,0,0,5
58,885,0.0,0.0,1,0,0,5
58,886,0.0,0.0,1,0,0,5
58,887,0.0,0.0,1,0,0,5
58,888,0.0,0.0,1,0,0,5
58,889,0.0,0.0,1,0,0,5
58,890,0.0,0.0,1,0,0,5
58,891,0.0,0.0,1,0,0,5
58,892,0.0,0.0,1,0,0,5
58,893,0.0,0.0,1,0,0,5
58,894,0.0,0.0,1,0,0,5
58,895,0.0,0.0,1,0,0,5
58,896,0.0,0.0,1,0,0,5
58,897,0.0,0.0,1,0,0,5
58,898,0.0,0.0,1,0,0,5
58,899,0.0,0.0,1,0,0,5
58,900,0.0,0.0,1,0,0,5
58,901,0.0,0.0,1,0,0,5
58,902,0.0,0.0,1,0,0,5
58,903,0.0,0.0,1,0,0,5
58,904,0.0,0.0,1,0,0,5
58,905,0.0,0.0,1,0,0,5
58,906,0.0,0.0,1,0,0,5
58,907,0.0,0.0,1,0,0,5
58,908,0.0,0.0,1,0,0,5
58,909,0.0,0.0,1,0,0,5
58,910,0.0,0.0,1,0,0,5
58,911,0.0,0.0,1,0,0,5
58,912,0.0,0.0,1,0,0,5
58,913,0.0,0.0,1,0,0,5
58,914,0.0,0.0,1,0,0,5
58,915,0.0,0.0,1,0,0,5
58,916,0.0,0.0,1,0,0,5
58,917,0.0,0.0,1,0,0,5
58,918,0.0,0.0,1,0,0,5
58,919,0.0,0.0,1,0,0,5
58,920,0.0,0.0,1,0,0,5
58,921,0.0,0.0,1,0,0,5
58,922,0.0,0.0,1,0,0,5
58,923,0.0,0.0,1,0,0,5
58,924,0.0,0.0,1,0,0,5
58,925,0.0,0.0,1,0,0,5
58,926,0.0,1.0,1,0,0,5
58,927,0.0,1.0,1,0,0,5
58,928,0.0,1.0,1,0,0,5
58,929,0.0,1.0,1,0,0,5
58,930,0.0,1.0,1,0,0,5
58,931,0.0,1.0,1,0,0,5
58,932,0.0,1.0,1,0,0,5
58,933,1.0,1.0,1,0,0,5
58,934,1.0,1.0,1,0,0,5
58,935,1.0,1.0,1,0,0,5
58,936,1.0,1.0,1,0,0,5
58,937,1.0,1.0,1,0,0,5
58,938,1.0,1.0,1,0,0,5
58,939,1.0,1.0,1,0,0,5
58,940,1.0,1.0,1,0,0,5
58,941,1.0,1.0,1,0,0,5
58,942,1.0,1.0,1,0,0,5
58,943,1.0,1.0,1,0,0,5
58,944,1.0,1.0,1,0,0,5
58,945,1.0,1.0,1,0,0,5
58,946,1.0,1.0,1,0,0,5
58,947,1.0,1.0,1,0,0,5
58,948,1.0,1.0,1,0,0,5
58,949,1.0,1.0,1,0,0,5
58,950,1.0,1.0,1,0,0,5
58,951,1.0,1.0,1,0,0,5
58,952,1.0,1.0,1,0,0,5
58,953,1.0,1.0,1,0,0,5
58,954,1.0,1.0,1,0,0,5
58,955,1.0,1.0,1,0,0,5
58,956,1.0,1.0,1,0,0,5
58,957,1.0,1.0,1,0,0,5
58,958,1.0,1.0,1,0,0,5
58,959,1.0,1.0,1,0,0,5
58,960,1.0,1.0,1,0,0,5
58,961,1.0,1.0,1,0,0,5
58,962,1.0,1.0,1,0,0,5
58,963,1.0,1.0,1,0,0,5
58,964,1.0,1.0,1,0,0,5
58,965,1.0,1.0,1,0,0,5
58,966,1.0,1.0,1,0,0,5
58,967,1.0,1.0,1,0,0,5
58,968,1.0,1.0,1,0,0,5
58,969,1.0,1.0,1,0,0,5
58,970,1.0,1.0,1,0,0,5
58,971,1.0,1.0,1,0,0,5
58,972,1.0,1.0,1,0,0,5
58,973,1.0,1.0,1,0,0,5
58,974,1.0,1.0,1,0,0,5
58,975,1.0,1.0,1,0,0,5
58,976,1.0,1.0,1,0,0,5
58,977,1.0,1.0,1,0,0,5
58,978,1.0,1.0,1,0,0,5
58,979,1.0,1.0,1,0,0,5
58,980,1.0,1.0,1,0,0,5
58,981,1.0,1.0,1,0,0,5
58,982,1.0,1.0,1,0,0,5
58,983,1.0,1.0,1,0,0,5
58,984,1.0,1.0,1,0,0,5
58,985,1.0,1.0,1,0,0,5
58,986,1.0,1.0,1,0,0,5
58,987,1.0,1.0,1,0,0,5
58,988,1.0,1.0,1,0,0,5
58,989,1.0,1.0,1,0,0,5
58,990,1.0,1.0,1,0,0,5
58,991,1.0,1.0,1,0,0,5
58,992,1.0,1.0,1,0,0,5
58,993,1.0,1.0,1,0,0,5
58,994,1.0,1.0,1,0,0,5
58,995,1.0,1.0,1,0,0,5
58,996,1.0,1.0,1,0,0,5
58,997,1.0,1.0,1,0,0,5
58,998,1.0,1.0,1,0,0,5
58,999,1.0,1.0,1,0,0,5
58,1000,1.0,1.0,1,0,0,5
58,1001,1.0,1.0,1,0,0,5
58,1002,1.0,1.0,1,0,0,5
58,1003,1.0,1.0,1,0,0,5
58,1004,1.0,1.0,1,0,0,5
58,1005,1.0,1.0,1,0,0,5
58,1006,1.0,1.0,1,0,0,5
58,1007,1.0,1.0,1,0,0,5
58,1008,1.0,1.0,1,0,0,5
58,1009,1.0,1.0,1,0,0,5
58,1010,1.0,1.0,1,0,0,5
58,1011,1.0,1.0,1,0,0,5
58,1012,1.0,1.0,1,0,0,5
58,1013,1.0,1.0,1,0,0,5
58,1014,1.0,1.0,1,0,0,5
58,1015,1.0,1.0,1,0,0,5
58,1016,1.0,1.0,1,0,0,5
58,1017,1.0,1.0,1,0,0,5
58,1018,1.0,1.0,1,0,0,5
58,1019,1.0,1.0,1,0,0,5
58,1020,1.0,1.0,1,0,0,5
58,1021,1.0,1.0,1,0,0,5
58,1022,1.0,1.0,1,0,0,5
58,1023,1.0,1.0,1,0,0,5
58,1024,1.0,1.0,1,0,0,5
58,1025,1.0,1.0,1,0,0,5
58,1026,1.0,1.0,1,0,0,5
58,1027,1.0,1.0,1,0,0,5
58,1028,1.0,1.0,1,0,0,5
58,1029,1.0,1.0,1,0,0,5
58,1030,1.0,1.0,1,0,0,5
58,1031,1.0,1.0,1,0,0,5
58,1032,1.0,1.0,1,0,0,5
58,1033,1.0,1.0,1,0,0,5
58,1034,1.0,1.0,1,0,0,5
58,1035,1.0,1.0,1,0,0,5
58,1036,1.0,1.0,1,0,0,5
58,1037,1.0,1.0,1,0,0,5
58,1038,1.0,1.0,1,0,0,5
58,1039,1.0,1.0,1,0,0,5
58,1040,1.0,1.0,1,0,0,5
58,1041,1.0,1.0,1,0,0,5
58,1042,1.0,1.0,1,0,0,5
58,1043,1.0,1.0,1,0,0,5
58,1044,1.0,1.0,1,0,0,5
58,1045,1.0,1.0,1,0,0,5
58,1046,1.0,1.0,1,0,0,5
58,1047,1.0,1.0,1,0,0,5
58,1048,1.0,1.0,1,0,0,5
58,1049,1.0,1.0,1,0,0,5
58,1050,1.0,1.0,1,0,0,5
58,1051,1.0,1.0,1,0,0,5
58,1052,1.0,1.0,1,0,0,5
58,1053,1.0,1.0,1,0,0,5
58,1054,1.0,1.0,1,0,0,5
58,1055,1.0,1.0,1,0,0,5
58,1056,1.0,1.0,1,0,0,5
58,1057,1.0,1.0,1,0,0,5
58,1058,1.0,1.0,1,0,0,5
58,1059,1.0,1.0,1,0,0,5
58,1060,1.0,1.0,1,0,0,5
58,1061,1.0,1.0,1,0,0,5
58,1062,1.0,1.0,1,0,0,5
58,1063,1.0,1.0,1,0,0,5
58,1064,1.0,1.0,1,0,0,5
58,1065,1.0,1.0,1,0,0,5
58,1066,1.0,1.0,1,0,0,5
58,1067,1.0,1.0,1,0,0,5
58,1068,1.0,1.0,1,0,0,5
58,1069,1.0,1.0,1,0,0,5
58,1070,1.0,1.0,1,0,0,5
58,1071,1.0,1.0,1,0,0,5
58,1072,1.0,1.0,1,0,0,5
58,1073,1.0,1.0,1,0,0,5
58,1074,1.0,1.0,1,0,0,5
58,1075,1.0,1.0,1,0,0,5
58,1076,1.0,1.0,1,0,0,5
58,1077,1.0,1.0,1,0,0,5
58,1078,1.0,1.0,1,0,0,5
58,1079,1.0,1.0,1,0,0,5
58,1080,1.0,1.0,1,0,0,5
58,1081,1.0,1.0,1,0,0,5
58,1082,1.0,1.0,1,0,0,5
58,1083,1.0,1.0,1,0,0,5
58,1084,1.0,1.0,1,0,0,5
58,1085,1.0,1.0,1,0,0,5
58,1086,1.0,1.0,1,0,0,5
58,1087,1.0,1.0,1,0,0,5
58,1088,1.0,1.0,1,0,0,5
58,1089,1.0,1.0,1,0,0,5
58,1090,1.0,1.0,1,0,0,5
58,1091,1.0,1.0,1,0,0,5
58,1092,1.0,1.0,1,0,0,5
58,1093,1.0,1.0,1,0,0,5
58,1094,1.0,1.0,1,0,0,5
58,1095,1.0,1.0,1,0,0,5
58,1096,1.0,1.0,1,0,0,5
58,1097,1.0,1.0,1,0,0,5
58,1098,1.0,1.0,1,0,0,5
58,1099,1.0,1.0,1,0,0,5
58,1100,1.0,1.0,1,0,0,5
58,1101,1.0,1.0,1,0,0,5
58,1102,1.0,1.0,1,0,0,5
58,1103,1.0,1.0,1,0,0,5
58,1104,1.0,1.0,1,0,0,5
58,1105,1.0,1.0,1,0,0,5
58,1106,1.0,1.0,1,0,0,5
58,1107,1.0,1.0,1,0,0,5
58,1108,1.0,1.0,1,0,0,5
58,1109,1.0,1.0,1,0,0,5
58,1110,1.0,1.0,1,0,0,5
58,1111,1.0,1.0,1,0,0,5
58,1112,1.0,1.0,1,0,0,5
58,1113,1.0,1.0,1,0,0,5
58,1114,1.0,1.0,1,0,0,5
58,1115,1.0,1.0,1,0,0,5
58,1116,1.0,1.0,1,0,0,5
58,1117,1.0,1.0,1,0,0,5
58,1118,1.0,1.0,1,0,0,5
58,1119,1.0,1.0,1,0,0,5
58,1120,1.0,1.0,1,0,0,5
58,1121,1.0,1.0,1,0,0,5
58,1122,1.0,1.0,1,0,0,5
58,1123,1.0,1.0,1,0,0,5
58,1124,1.0,1.0,1,0,0,5
58,1125,1.0,1.0,1,0,0,5
58,1126,1.0,1.0,1,0,0,5
58,1127,1.0,1.0,1,0,0,5
58,1128,1.0,1.0,1,0,0,5
58,1129,1.0,1.0,1,0,0,5
58,1130,1.0,0.0,1,0,0,5
58,1131,1.0,0.0,1,0,0,5
58,1132,1.0,0.0,1,0,0,5
58,1133,1.0,0.0,1,0,0,5
58,1134,1.0,0.0,0,0,0,5
58,1135,1.0,0.0,0,0,0,5
58,1136,1.0,0.0,0,0,0,5
58,1137,0.0,0.0,0,0,0,5
58,1138,0.0,0.0,0,0,0,5
58,1139,0.0,0.0,0,0,0,5
58,1140,0.0,0.0,0,0,0,5
58,1141,0.0,0.0,0,0,0,5
58,1142,0.0,0.0,0,0,0,5
58,1143,0.0,0.0,0,0,0,5
58,1144,0.0,0.0,0,0,0,5
58,1145,0.0,0.0,0,0,0,5
58,1146,0.0,0.0,0,0,0,5
58,1147,0.0,0.0,0,0,0,5
58,1148,0.0,0.0,0,0,0,5
58,1149,0.0,0.0,0,0,0,5
58,1150,0.0,0.0,0,0,0,5
58,1151,0.0,0.0,0,0,0,5
58,1152,0.0,0.0,0,0,0,5
58,1153,0.0,0.0,0,0,0,5
58,1154,0.0,0.0,0,0,0,5
58,1155,0.0,0.0,0,0,0,5
58,1156,0.0,0.0,0,0,0,5
58,1157,0.0,0.0,0,0,0,5
58,1158,0.0,0.0,0,0,0,5
58,1159,0.0,0.0,0,0,0,5
58,1160,0.0,0.0,0,0,0,5
58,1161,0.0,0.0,0,0,0,5
58,1162,0.0,0.0,0,0,0,5
58,1163,0.0,0.0,0,0,0,5
58,1164,0.0,0.0,0,0,0,5
58,1165,0.0,0.0,0,0,0,5
58,1166,0.0,0.0,0,0,0,5
58,1167,0.0,0.0,0,0,0,5
58,1168,0.0,0.0,0,0,0,5
58,1169,0.0,0.0,0,0,0,5
58,1170,0.0,0.0,0,0,0,5
58,1171,0.0,0.0,0,0,0,5
58,1172,0.0,0.0,0,0,0,5
58,1173,0.0,0.0,0,0,0,5
58,1174,0.0,0.0,0,0,0,5
58,1175,0.0,0.0,0,0,0,5
58,1176,0.0,0.0,0,0,0,5
58,1177,0.0,0.0,0,0,0,5
58,1178,0.0,0.0,0,0,0,5
58,1179,0.0,0.0,0,0,0,5
58,1180,0.0,0.0,0,0,0,5
58,1181,0.0,0.0,1,0,0,5
58,1182,0.0,0.0,1,0,0,5
58,1183,0.0,0.0,1,0,0,5
58,1184,0.0,0.0,0,0,0,5
58,1185,0.0,0.0,0,0,0,5
58,1186,0.0,0.0,0,0,0,5
58,1187,0.0,0.0,0,0,0,5
58,1188,0.0,0.0,0,0,0,5
58,1189,0.0,0.0,0,0,0,5
58,1190,0.0,0.0,0,0,0,5
58,1191,0.0,0.0,0,0,0,5
58,1192,0.0,0.0,0,0,0,5
58,1193,0.0,0.0,0,0,0,5
58,1194,0.0,0.0,0,0,0,5
58,1195,0.0,0.0,0,0,0,5
58,1196,0.0,0.0,0,0,0,5
58,1197,0.0,0.0,0,0,0,5
58,1198,0.0,0.0,0,0,0,5
58,1199,0.0,0.0,0,0,0,5
58,1200,0.0,0.0,0,0,0,5
58,1201,0.0,0.0,0,0,0,5
58,1202,0.0,0.0,0,0,0,5
58,1203,0.0,0.0,0,0,0,5
58,1204,0.0,0.0,0,0,0,5
58,1205,0.0,0.0,0,0,0,5
58,1206,0.0,0.0,0,0,0,5
58,1207,0.0,0.0,0,0,0,5
58,1208,0.0,0.0,0,0,0,5
58,1209,0.0,0.0,0,0,0,5
58,1210,0.0,0.0,0,0,0,5
58,1211,0.0,0.0,0,0,0,5
58,1212,0.0,0.0,0,0,0,5
58,1213,0.0,0.0,0,0,0,5
58,1214,0.0,0.0,0,0,0,5
58,1215,0.0,0.0,0,0,0,5
58,1216,0.0,0.0,0,0,0,5
58,1217,0.0,0.0,0,0,0,5
58,1218,0.0,0.0,0,0,0,5
58,1219,0.0,0.0,0,0,0,5
58,1220,0.0,0.0,0,0,0,5
58,1221,0.0,0.0,0,0,0,5
58,1222,0.0,0.0,0,0,0,5
58,1223,0.0,0.0,0,0,0,5
58,1224,0.0,0.0,0,0,0,5
58,1225,0.0,0.0,0,0,0,5
58,1226,0.0,0.0,0,0,0,5
58,1227,0.0,0.0,0,0,0,5
58,1228,0.0,0.0,0,0,0,5
58,1229,0.0,0.0,0,0,0,5
58,1230,0.0,0.0,0,0,0,5
58,1231,0.0,0.0,0,0,0,5
58,1232,0.0,0.0,0,0,0,5
58,1233,0.0,0.0,0,0,0,5
58,1234,0.0,0.0,0,0,0,5
58,1235,0.0,0.0,0,0,0,5
58,1236,0.0,0.0,0,0,0,5
58,1237,0.0,0.0,0,0,0,5
58,1238,0.0,0.0,0,0,0,5
58,1239,0.0,0.0,0,0,0,5
58,1240,0.0,0.0,0,0,0,5
58,1241,0.0,0.0,0,0,0,5
58,1242,0.0,0.0,0,0,0,5
58,1243,0.0,0.0,0,0,0,5
58,1244,0.0,0.0,0,0,0,5
58,1245,0.0,0.0,0,0,0,5
58,1246,0.0,0.0,0,0,0,5
58,1247,0.0,0.0,0,0,0,5
58,1248,0.0,0.0,0,0,0,5
58,1249,0.0,0.0,0,0,0,5
58,1250,0.0,0.0,0,0,0,5
58,1251,0.0,0.0,0,0,0,5
58,1252,0.0,0.0,0,0,0,5
58,1253,0.0,0.0,0,0,0,5
58,1254,0.0,0.0,0,0,0,5
58,1255,0.0,0.0,0,0,0,5
58,1256,0.0,0.0,0,0,0,5
58,1257,0.0,0.0,0,0,0,5
58,1258,0.0,0.0,0,0,0,5
58,1259,0.0,0.0,0,0,0,5
58,1260,0.0,0.0,0,0,0,5
58,1261,0.0,0.0,0,0,0,5
58,1262,0.0,0.0,0,0,0,5
58,1263,0.0,0.0,0,0,0,5
58,1264,0.0,0.0,0,0,0,5
58,1265,0.0,0.0,0,0,0,5
58,1266,0.0,0.0,0,0,0,5
58,1267,0.0,0.0,0,0,0,5
58,1268,0.0,0.0,0,0,0,5
58,1269,0.0,0.0,0,0,0,5
58,1270,0.0,0.0,0,0,0,5
58,1271,0.0,0.0,0,0,0,5
58,1272,0.0,0.0,0,0,0,5
58,1273,0.0,0.0,0,0,0,5
58,1274,0.0,0.0,0,0,0,5
58,1275,0.0,0.0,0,0,0,5
58,1276,0.0,0.0,0,0,0,5
58,1277,0.0,0.0,0,0,0,5
58,1278,0.0,0.0,0,0,0,5
58,1279,0.0,0.0,0,0,0,5
58,1280,0.0,0.0,0,0,0,5
58,1281,0.0,0.0,0,0,0,5
58,1282,0.0,0.0,0,0,0,5
58,1283,0.0,1.0,0,0,0,5
58,1284,0.0,1.0,0,0,0,5
58,1285,0.0,1.0,0,0,0,5
58,1286,0.0,1.0,0,0,0,5
58,1287,0.0,1.0,0,0,0,5
58,1288,0.0,1.0,0,0,0,5
58,1289,1.0,1.0,0,0,0,5
58,1290,1.0,1.0,0,0,0,5
58,1291,1.0,1.0,0,0,0,5
58,1292,1.0,1.0,0,0,0,5
58,1293,1.0,1.0,0,0,0,5
58,1294,1.0,1.0,0,0,0,5
58,1295,1.0,1.0,0,0,0,5
58,1296,1.0,1.0,0,0,0,5
58,1297,1.0,1.0,0,0,0,5
58,1298,1.0,1.0,0,0,0,5
58,1299,1.0,1.0,0,0,0,5
58,1300,1.0,1.0,0,0,0,5
58,1301,1.0,1.0,0,0,0,5
58,1302,1.0,1.0,0,0,0,5
58,1303,1.0,1.0,0,0,0,5
58,1304,1.0,1.0,0,0,0,5
58,1305,1.0,1.0,0,0,0,5
58,1306,1.0,1.0,0,0,0,5
58,1307,1.0,1.0,0,0,0,5
58,1308,1.0,1.0,0,0,0,5
58,1309,1.0,1.0,0,0,0,5
58,1310,1.0,1.0,0,0,0,5
58,1311,1.0,1.0,0,0,0,5
58,1312,1.0,1.0,0,0,0,5
58,1313,1.0,1.0,0,0,0,5
58,1314,1.0,1.0,0,0,0,5
58,1315,1.0,1.0,0,0,0,5
58,1316,1.0,1.0,0,0,0,5
58,1317,1.0,1.0,0,0,0,5
58,1318,1.0,1.0,0,0,0,5
58,1319,1.0,1.0,0,0,0,5
58,1320,1.0,1.0,0,0,0,5
58,1321,1.0,1.0,0,0,0,5
58,1322,1.0,1.0,0,0,0,5
58,1323,1.0,1.0,0,0,0,5
58,1324,1.0,1.0,0,0,0,5
58,1325,1.0,1.0,0,0,0,5
58,1326,1.0,1.0,0,0,0,5
58,1327,1.0,1.0,0,0,0,5
58,1328,1.0,1.0,0,0,0,5
58,1329,1.0,1.0,0,0,0,5
58,1330,1.0,1.0,0,0,0,5
58,1331,1.0,1.0,0,0,0,5
58,1332,1.0,1.0,0,0,0,5
58,1333,1.0,1.0,0,0,0,5
58,1334,1.0,1.0,0,0,0,5
58,1335,1.0,1.0,0,0,0,5
58,1336,1.0,1.0,0,0,0,5
58,1337,1.0,1.0,0,0,0,5
58,1338,1.0,1.0,0,0,0,5
58,1339,1.0,1.0,0,0,0,5
58,1340,1.0,1.0,0,0,0,5
58,1341,1.0,1.0,0,0,0,5
58,1342,1.0,1.0,0,0,0,5
58,1343,1.0,1.0,0,0,0,5
58,1344,1.0,1.0,0,0,0,5
58,1345,1.0,1.0,0,0,0,5
58,1346,1.0,0.0,0,0,0,5
58,1347,1.0,0.0,0,0,0,5
58,1348,1.0,0.0,0,0,0,5
58,1349,1.0,0.0,0,0,0,5
58,1350,1.0,0.0,0,0,0,5
58,1351,1.0,0.0,0,0,0,5
58,1352,1.0,0.0,0,0,0,5
58,1353,0.0,0.0,0,0,0,5
58,1354,0.0,0.0,0,0,0,5
58,1355,0.0,0.0,0,0,0,5
58,1356,0.0,0.0,0,0,0,5
58,1357,0.0,0.0,0,0,0,5
58,1358,0.0,0.0,0,0,0,5
58,1359,0.0,0.0,0,0,0,5
58,1360,0.0,0.0,0,0,0,5
58,1361,0.0,0.0,0,0,0,5
58,1362,0.0,0.0,0,0,0,5
58,1363,0.0,0.0,0,0,0,5
58,1364,0.0,0.0,0,0,0,5
58,1365,0.0,0.0,0,0,0,5
58,1366,0.0,0.0,0,0,0,5
58,1367,0.0,0.0,0,0,0,5
58,1368,0.0,0.0,0,0,0,5
58,1369,0.0,0.0,0,0,0,5
58,1370,0.0,0.0,0,0,0,5
58,1371,0.0,0.0,0,0,0,5
58,1372,0.0,0.0,0,0,0,5
58,1373,0.0,0.0,0,0,0,5
58,1374,0.0,0.0,0,0,0,5
58,1375,0.0,0.0,0,0,0,5
58,1376,0.0,0.0,0,0,0,5
58,1377,0.0,0.0,0,0,0,5
58,1378,0.0,0.0,0,0,0,5
58,1379,0.0,0.0,0,0,0,5
58,1380,0.0,0.0,0,0,0,5
58,1381,0.0,0.0,0,0,0,5
58,1382,0.0,0.0,0,0,0,5
58,1383,0.0,0.0,0,0,0,5
58,1384,0.0,0.0,0,0,0,5
58,1385,0.0,0.0,0,0,0,5
58,1386,0.0,0.0,0,0,0,5
58,1387,0.0,0.0,0,0,0,5
58,1388,0.0,0.0,0,0,0,5
58,1389,0.0,0.0,0,0,0,5
58,1390,0.0,0.0,0,0,0,5
58,1391,0.0,0.0,0,0,0,5
58,1392,0.0,0.0,0,0,0,5
58,1393,0.0,0.0,0,0,0,5
58,1394,0.0,0.0,0,0,0,5
58,1395,0.0,0.0,0,0,0,5
58,1396,0.0,0.0,0,0,0,5
58,1397,0.0,0.0,0,0,0,5
58,1398,0.0,0.0,0,0,0,5
58,1399,0.0,0.0,0,0,0,5
58,1400,0.0,0.0,0,0,0,5
58,1401,0.0,0.0,0,0,0,5
58,1402,0.0,0.0,0,0,0,5
58,1403,0.0,0.0,0,0,0,5
58,1404,0.0,0.0,0,0,0,5
58,1405,0.0,0.0,0,0,0,5
58,1406,0.0,0.0,0,0,0,5
58,1407,0.0,0.0,0,0,0,5
58,1408,0.0,0.0,0,0,0,5
58,1409,0.0,0.0,0,0,0,5
58,1410,0.0,0.0,0,0,0,5
58,1411,0.0,0.0,0,0,0,5
58,1412,0.0,0.0,0,0,0,5
58,1413,0.0,0.0,0,0,0,5
58,1414,0.0,0.0,0,0,0,5
58,1415,0.0,0.0,0,0,0,5
58,1416,0.0,0.0,0,0,0,5
58,1417,0.0,0.0,0,0,0,5
58,1418,0.0,0.0,0,0,0,5
58,1419,0.0,0.0,0,0,0,5
58,1420,0.0,0.0,0,0,0,5
58,1421,0.0,0.0,0,0,0,5
58,1422,0.0,0.0,0,0,0,5
58,1423,0.0,0.0,0,0,0,5
58,1424,0.0,0.0,0,0,0,5
58,1425,0.0,0.0,0,0,0,5
58,1426,0.0,0.0,0,0,0,5
58,1427,0.0,0.0,0,0,0,5
58,1428,0.0,0.0,0,0,0,5
58,1429,0.0,0.0,0,0,0,5
58,1430,0.0,0.0,0,0,0,5
58,1431,0.0,0.0,0,0,0,5
58,1432,0.0,0.0,0,0,0,5
58,1433,0.0,0.0,0,0,0,5
58,1434,0.0,0.0,0,0,0,5
58,1435,0.0,0.0,0,0,0,5
58,1436,0.0,0.0,0,0,0,5
58,1437,0.0,0.0,0,0,0,5
58,1438,0.0,0.0,0,0,0,5
58,1439,0.0,0.0,0,0,0,5
58,1440,0.0,0.0,0,0,0,5
58,1441,0.0,0.0,0,0,0,5
58,1442,0.0,0.0,0,0,0,5
58,1443,0.0,0.0,0,0,0,5
58,1444,0.0,0.0,0,0,0,5
58,1445,0.0,0.0,0,0,0,5
58,1446,0.0,0.0,0,0,0,5
58,1447,0.0,0.0,0,0,0,5
58,1448,0.0,0.0,0,0,0,5
58,1449,0.0,0.0,0,0,0,5
58,1450,0.0,0.0,0,0,0,5
58,1451,0.0,0.0,0,0,0,5
58,1452,0.0,0.0,0,0,0,5
58,1453,0.0,0.0,0,0,0,5
58,1454,0.0,0.0,0,0,0,5
58,1455,0.0,0.0,0,0,0,5
58,1456,0.0,0.0,0,0,0,5
58,1457,0.0,0.0,0,0,0,5
58,1458,0.0,0.0,0,0,0,5
58,1459,0.0,0.0,0,0,0,5
58,1460,0.0,0.0,0,0,0,5
58,1461,0.0,0.0,0,0,0,5
58,1462,0.0,0.0,0,0,0,5
58,1463,0.0,0.0,0,0,0,5
58,1464,0.0,0.0,0,0,0,5
58,1465,0.0,0.0,0,0,0,5
58,1466,0.0,0.0,0,0,0,5
58,1467,0.0,0.0,0,0,0,5
58,1468,0.0,0.0,0,0,0,5
58,1469,0.0,0.0,0,0,0,5
58,1470,0.0,0.0,0,0,0,5
58,1471,0.0,0.0,0,0,0,5
58,1472,0.0,0.0,0,0,0,5
58,1473,0.0,0.0,0,0,0,5
58,1474,0.0,0.0,0,0,0,5
58,1475,0.0,0.0,0,0,0,5
58,1476,0.0,0.0,0,0,0,5
58,1477,0.0,0.0,0,0,0,5
58,1478,0.0,0.0,0,0,0,5
58,1479,0.0,0.0,0,0,0,5
58,1480,0.0,0.0,0,0,0,5
58,1481,0.0,0.0,0,0,0,5
58,1482,0.0,0.0,0,0,0,5
58,1483,0.0,0.0,0,0,0,5
58,1484,0.0,0.0,0,0,0,5
58,1485,0.0,0.0,0,0,0,5
58,1486,0.0,0.0,0,0,0,5
58,1487,0.0,0.0,0,0,0,5
58,1488,0.0,0.0,0,0,0,5
58,1489,0.0,0.0,0,0,0,5
58,1490,0.0,0.0,0,0,0,5
58,1491,0.0,0.0,0,0,0,5
58,1492,0.0,0.0,0,0,0,5
58,1493,0.0,0.0,0,0,0,5
58,1494,0.0,0.0,0,0,0,5
58,1495,0.0,0.0,0,0,0,5
58,1496,0.0,0.0,0,0,0,5
58,1497,0.0,0.0,0,0,0,5
58,1498,0.0,0.0,0,0,0,5
58,1499,0.0,0.0,0,0,0,5
58,1500,0.0,0.0,0,0,0,5
58,1501,0.0,0.0,0,0,0,5
58,1502,0.0,0.0,0,0,0,5
58,1503,0.0,0.0,0,0,0,5
58,1504,0.0,0.0,0,0,0,5
58,1505,0.0,0.0,0,0,0,5
58,1506,0.0,0.0,0,0,0,5
58,1507,0.0,0.0,0,0,0,5
58,1508,0.0,0.0,0,0,0,5
58,1509,0.0,0.0,0,0,0,5
58,1510,0.0,0.0,0,0,0,5
58,1511,0.0,0.0,0,0,0,5
58,1512,0.0,0.0,0,0,0,5
58,1513,0.0,0.0,0,0,0,5
58,1514,0.0,0.0,0,0,0,5
58,1515,0.0,0.0,0,0,0,5
58,1516,0.0,0.0,0,0,0,5
58,1517,0.0,0.0,0,0,0,5
58,1518,0.0,0.0,0,0,0,5
58,1519,0.0,0.0,0,0,0,5
58,1520,0.0,0.0,0,0,0,5
58,1521,0.0,0.0,0,0,0,5
58,1522,0.0,0.0,0,0,0,5
58,1523,0.0,0.0,0,0,0,5
58,1524,0.0,0.0,0,0,0,5
58,1525,0.0,0.0,0,0,0,5
58,1526,0.0,0.0,0,0,0,5
58,1527,0.0,0.0,0,0,0,5
58,1528,0.0,0.0,0,0,0,5
58,1529,0.0,0.0,0,0,0,5
58,1530,0.0,0.0,0,0,0,5
58,1531,0.0,0.0,0,0,0,5
58,1532,0.0,0.0,0,0,0,5
58,1533,0.0,0.0,0,0,0,5
58,1534,0.0,0.0,0,0,0,5
58,1535,0.0,0.0,0,0,0,5
58,1536,0.0,0.0,0,0,0,5
58,1537,0.0,0.0,0,0,0,5
58,1538,0.0,0.0,0,0,0,5
58,1539,0.0,0.0,0,0,0,5
58,1540,0.0,0.0,0,0,0,5
58,1541,0.0,0.0,0,0,0,5
58,1542,0.0,0.0,0,0,0,5
58,1543,0.0,0.0,0,0,0,5
58,1544,0.0,0.0,0,0,0,5
58,1545,0.0,0.0,0,0,0,5
58,1546,0.0,0.0,0,0,0,5
58,1547,0.0,0.0,0,0,0,5
58,1548,0.0,0.0,0,0,0,5
58,1549,0.0,0.0,0,0,0,5
58,1550,0.0,0.0,0,0,0,5
58,1551,0.0,0.0,0,0,0,5
58,1552,0.0,0.0,0,0,0,5
58,1553,0.0,0.0,0,0,0,5
58,1554,0.0,0.0,0,0,0,5
58,1555,0.0,0.0,0,0,0,5
58,1556,0.0,0.0,0,0,0,5
58,1557,0.0,0.0,0,0,0,5
58,1558,0.0,0.0,0,0,0,5
58,1559,0.0,0.0,0,0,0,5
58,1560,0.0,0.0,0,0,0,5
58,1561,0.0,0.0,0,0,0,5
58,1562,0.0,0.0,0,0,0,5
58,1563,0.0,0.0,0,0,0,5
58,1564,0.0,0.0,0,0,0,5
58,1565,0.0,0.0,0,0,0,5
58,1566,0.0,0.0,0,0,0,5
58,1567,0.0,0.0,0,0,0,5
58,1568,0.0,0.0,0,0,0,5
58,1569,0.0,0.0,0,0,0,5
58,1570,0.0,0.0,0,0,0,5
58,1571,0.0,0.0,0,0,0,5
58,1572,0.0,0.0,0,0,0,5
58,1573,0.0,0.0,0,0,0,5
58,1574,0.0,0.0,0,0,0,5
58,1575,0.0,1.0,0,0,0,5
58,1576,0.0,1.0,0,0,0,5
58,1577,0.0,1.0,0,0,0,5
58,1578,0.0,1.0,0,0,0,5
58,1579,0.0,1.0,0,0,0,5
58,1580,0.0,1.0,0,0,0,5
58,1581,0.0,1.0,0,0,0,5
58,1582,1.0,1.0,0,0,0,5
58,1583,1.0,1.0,0,0,0,5
58,1584,1.0,1.0,0,0,0,5
58,1585,1.0,1.0,0,0,0,5
58,1586,1.0,1.0,0,0,0,5
58,1587,1.0,1.0,0,0,0,5
58,1588,1.0,1.0,0,0,0,5
58,1589,1.0,1.0,0,0,0,5
58,1590,1.0,1.0,0,0,0,5
58,1591,1.0,1.0,0,0,0,5
58,1592,1.0,1.0,0,0,0,5
58,1593,1.0,1.0,0,0,0,5
58,1594,1.0,1.0,0,0,0,5
58,1595,1.0,1.0,0,0,0,5
58,1596,1.0,1.0,0,0,0,5
58,1597,1.0,1.0,0,0,0,5
58,1598,1.0,1.0,0,0,0,5
58,1599,1.0,1.0,0,0,0,5
58,1600,1.0,1.0,0,0,0,5
58,1601,1.0,1.0,0,0,0,5
58,1602,1.0,1.0,0,0,0,5
58,1603,1.0,1.0,0,0,0,5
58,1604,1.0,1.0,0,0,0,5
58,1605,1.0,1.0,0,0,0,5
58,1606,1.0,1.0,0,0,0,5
58,1607,1.0,1.0,0,0,0,5
58,1608,1.0,1.0,0,0,0,5
58,1609,1.0,1.0,0,0,0,5
58,1610,1.0,1.0,0,0,0,5
58,1611,1.0,1.0,0,0,0,5
58,1612,1.0,1.0,0,0,0,5
58,1613,1.0,1.0,0,0,0,5
58,1614,1.0,1.0,0,0,0,5
58,1615,1.0,1.0,0,0,0,5
58,1616,1.0,1.0,0,0,0,5
58,1617,1.0,1.0,0,0,0,5
58,1618,1.0,1.0,0,0,0,5
58,1619,1.0,1.0,0,0,0,5
58,1620,1.0,1.0,0,0,0,5
58,1621,1.0,1.0,0,0,0,5
58,1622,1.0,1.0,0,0,0,5
58,1623,1.0,1.0,0,0,0,5
58,1624,1.0,1.0,0,0,0,5
58,1625,1.0,1.0,0,0,0,5
58,1626,1.0,1.0,0,0,0,5
58,1627,1.0,1.0,0,0,0,5
58,1628,1.0,1.0,0,0,0,5
58,1629,1.0,1.0,0,0,0,5
58,1630,1.0,1.0,0,0,0,5
58,1631,1.0,0.0,0,0,0,5
58,1632,1.0,0.0,0,0,0,5
58,1633,1.0,0.0,0,0,0,5
58,1634,1.0,0.0,0,0,0,5
58,1635,1.0,0.0,0,0,0,5
58,1636,1.0,0.0,0,0,0,5
58,1637,1.0,0.0,0,0,0,5
58,1638,0.0,0.0,0,0,0,5
58,1639,0.0,0.0,0,0,0,5
58,1640,0.0,0.0,0,0,0,5
58,1641,0.0,0.0,0,0,0,5
58,1642,0.0,0.0,0,0,0,5
58,1643,0.0,0.0,0,0,0,5
58,1644,0.0,0.0,0,0,0,5
58,1645,0.0,0.0,0,0,0,5
58,1646,0.0,0.0,0,0,0,5
58,1647,0.0,0.0,0,0,0,5
58,1648,0.0,0.0,0,0,0,5
58,1649,0.0,0.0,0,0,0,5
58,1650,0.0,0.0,0,0,0,5
58,1651,0.0,0.0,0,0,0,5
58,1652,0.0,0.0,0,0,0,5
58,1653,0.0,0.0,0,0,0,5
58,1654,0.0,0.0,0,0,0,5
58,1655,0.0,0.0,0,0,0,5
58,1656,0.0,0.0,0,0,0,5
58,1657,0.0,0.0,0,0,0,5
58,1658,0.0,0.0,0,0,0,5
58,1659,0.0,0.0,0,0,0,5
58,1660,0.0,0.0,0,0,0,5
58,1661,0.0,0.0,0,0,0,5
58,1662,0.0,0.0,0,0,0,5
58,1663,0.0,0.0,0,0,0,5
58,1664,0.0,0.0,0,0,0,5
58,1665,0.0,0.0,0,0,0,5
58,1666,0.0,0.0,0,0,0,5
58,1667,0.0,0.0,0,0,0,5
58,1668,0.0,0.0,0,0,0,5
58,1669,0.0,0.0,0,0,0,5
58,1670,0.0,0.0,0,0,0,5
58,1671,0.0,0.0,0,0,0,5
58,1672,0.0,0.0,0,0,0,5
58,1673,0.0,0.0,0,0,0,5
58,1674,0.0,0.0,0,0,0,5
58,1675,0.0,0.0,0,0,0,5
58,1676,0.0,0.0,0,0,0,5
58,1677,0.0,0.0,0,0,0,5
58,1678,0.0,0.0,0,0,0,5
58,1679,0.0,0.0,0,0,0,5
58,1680,0.0,0.0,0,0,0,5
58,1681,0.0,0.0,0,0,0,5
58,1682,0.0,0.0,0,0,0,5
58,1683,0.0,0.0,0,0,0,5
58,1684,0.0,0.0,0,0,0,5
58,1685,0.0,0.0,0,0,0,5
58,1686,0.0,0.0,0,0,0,5
58,1687,0.0,0.0,0,0,0,5
58,1688,0.0,0.0,0,0,0,5
58,1689,0.0,0.0,0,0,0,5
58,1690,0.0,0.0,0,0,0,5
58,1691,0.0,0.0,0,0,0,5
58,1692,0.0,0.0,0,0,0,5
58,1693,0.0,0.0,0,0,0,5
58,1694,0.0,0.0,0,0,0,5
58,1695,0.0,0.0,0,0,0,5
58,1696,0.0,0.0,0,0,0,5
58,1697,0.0,0.0,0,0,0,5
58,1698,0.0,0.0,0,0,0,5
58,1699,0.0,0.0,0,0,0,5
58,1700,0.0,0.0,0,0,0,5
58,1701,0.0,0.0,0,0,0,5
58,1702,0.0,0.0,0,0,0,5
58,1703,0.0,0.0,0,0,0,5
58,1704,0.0,0.0,0,0,0,5
58,1705,0.0,0.0,0,0,0,5
58,1706,0.0,0.0,0,0,0,5
58,1707,0.0,0.0,0,0,0,5
58,1708,0.0,0.0,0,0,0,5
58,1709,0.0,0.0,0,0,0,5
58,1710,0.0,0.0,0,0,0,5
58,1711,0.0,0.0,0,0,0,5
58,1712,0.0,0.0,0,0,0,5
58,1713,0.0,0.0,0,0,0,5
58,1714,0.0,0.0,0,0,0,5
58,1715,0.0,0.0,0,0,0,5
58,1716,0.0,0.0,0,0,0,5
58,1717,0.0,0.0,0,0,0,5
58,1718,0.0,0.0,0,0,0,5
58,1719,0.0,0.0,0,0,0,5
58,1720,0.0,0.0,0,0,0,5
58,1721,0.0,0.0,0,0,0,5
58,1722,0.0,0.0,0,0,0,5
58,1723,0.0,0.0,0,0,0,5
58,1724,0.0,0.0,0,0,0,5
58,1725,0.0,0.0,0,0,0,5
58,1726,0.0,0.0,0,0,0,5
58,1727,0.0,0.0,0,0,0,5
58,1728,0.0,0.0,0,0,0,5
58,1729,0.0,0.0,0,0,0,5
58,1730,0.0,0.0,0,0,0,5
58,1731,0.0,0.0,0,0,0,5
58,1732,0.0,0.0,0,0,0,5
58,1733,0.0,0.0,0,0,0,5
58,1734,0.0,0.0,0,0,0,5
58,1735,0.0,0.0,0,0,0,5
58,1736,0.0,0.0,0,0,0,5
58,1737,0.0,0.0,0,0,0,5
58,1738,0.0,0.0,0,0,0,5
58,1739,0.0,0.0,0,0,0,5
58,1740,0.0,0.0,0,0,0,5
58,1741,0.0,0.0,0,0,0,5
58,1742,0.0,0.0,0,0,0,5
58,1743,0.0,0.0,0,0,0,5
58,1744,0.0,0.0,0,0,0,5
58,1745,0.0,0.0,0,0,0,5
58,1746,0.0,0.0,0,0,0,5
58,1747,0.0,0.0,0,0,0,5
58,1748,0.0,0.0,0,0,0,5
58,1749,0.0,0.0,0,0,0,5
58,1750,0.0,0.0,0,0,0,5
58,1751,0.0,0.0,0,0,0,5
58,1752,0.0,0.0,0,0,0,5
58,1753,0.0,0.0,0,0,0,5
58,1754,0.0,0.0,0,0,0,5
58,1755,0.0,0.0,0,0,0,5
58,1756,0.0,0.0,0,0,0,5
58,1757,0.0,0.0,0,0,0,5
58,1758,0.0,0.0,0,0,0,5
58,1759,0.0,0.0,0,0,0,5
58,1760,0.0,0.0,0,0,0,5
58,1761,0.0,0.0,0,0,0,5
58,1762,0.0,0.0,0,0,0,5
58,1763,0.0,0.0,0,0,0,5
58,1764,0.0,0.0,0,0,0,5
58,1765,0.0,0.0,0,0,0,5
58,1766,0.0,0.0,0,0,0,5
58,1767,0.0,0.0,0,0,0,5
58,1768,0.0,0.0,0,0,0,5
58,1769,0.0,0.0,0,0,0,5
58,1770,0.0,0.0,0,0,0,5
58,1771,0.0,0.0,0,0,0,5
58,1772,0.0,0.0,0,0,0,5
58,1773,0.0,0.0,0,0,0,5
58,1774,0.0,0.0,0,0,0,5
58,1775,0.0,0.0,0,0,0,5
58,1776,0.0,0.0,0,0,0,5
58,1777,0.0,0.0,0,0,0,5
58,1778,0.0,0.0,0,0,0,5
58,1779,0.0,0.0,0,0,0,5
58,1780,0.0,0.0,0,0,0,5
58,1781,0.0,0.0,0,0,0,5
58,1782,0.0,0.0,0,0,0,5
58,1783,0.0,0.0,0,0,0,5
58,1784,0.0,0.0,0,0,0,5
58,1785,0.0,0.0,0,0,0,5
58,1786,0.0,0.0,0,0,0,5
58,1787,0.0,0.0,0,0,0,5
58,1788,0.0,0.0,0,0,0,5
58,1789,0.0,0.0,0,0,0,5
58,1790,0.0,0.0,0,0,0,5
58,1791,0.0,0.0,0,0,0,5
58,1792,0.0,0.0,0,0,0,5
58,1793,0.0,0.0,0,0,0,5
58,1794,0.0,0.0,0,0,0,5
58,1795,0.0,0.0,0,0,0,5
58,1796,0.0,0.0,0,0,0,5
58,1797,0.0,0.0,0,0,0,5
58,1798,0.0,0.0,0,0,0,5
58,1799,0.0,0.0,0,0,0,5
58,1800,0.0,0.0,0,0,0,5
58,1801,0.0,0.0,0,0,0,5
58,1802,0.0,0.0,0,0,0,5
58,1803,0.0,0.0,0,0,0,5
58,1804,0.0,0.0,0,0,0,5
58,1805,0.0,0.0,0,0,0,5
58,1806,0.0,0.0,0,0,0,5
58,1807,0.0,0.0,0,0,0,5
58,1808,0.0,0.0,0,0,0,5
58,1809,0.0,0.0,0,0,0,5
58,1810,0.0,0.0,0,0,0,5
58,1811,0.0,0.0,0,0,0,5
58,1812,0.0,0.0,0,0,0,5
58,1813,0.0,0.0,0,0,0,5
58,1814,0.0,0.0,0,0,0,5
58,1815,0.0,0.0,0,0,0,5
58,1816,0.0,0.0,0,0,0,5
58,1817,0.0,0.0,0,0,0,5
58,1818,0.0,0.0,0,0,0,5
58,1819,0.0,0.0,0,0,0,5
58,1820,0.0,0.0,0,0,0,5
58,1821,0.0,0.0,0,0,0,5
58,1822,0.0,0.0,0,0,0,5
58,1823,0.0,0.0,0,0,0,5
58,1824,0.0,0.0,0,0,0,5
58,1825,0.0,0.0,0,0,0,5
58,1826,0.0,0.0,0,0,0,5
58,1827,0.0,0.0,0,0,0,5
58,1828,0.0,0.0,0,0,0,5
58,1829,0.0,0.0,0,0,0,5
58,1830,0.0,0.0,0,0,0,5
58,1831,0.0,0.0,0,0,0,5
58,1832,0.0,0.0,0,0,0,5
58,1833,0.0,0.0,0,0,0,5
58,1834,0.0,0.0,0,0,0,5
58,1835,0.0,0.0,0,0,0,5
58,1836,0.0,0.0,0,0,0,5
58,1837,0.0,0.0,0,0,0,5
58,1838,0.0,0.0,0,0,0,5
58,1839,0.0,0.0,0,0,0,5
58,1840,0.0,0.0,0,0,0,5
58,1841,0.0,0.0,0,0,0,5
58,1842,0.0,0.0,0,0,0,5
58,1843,0.0,0.0,0,0,0,5
58,1844,0.0,0.0,0,0,0,5
58,1845,0.0,0.0,0,0,0,5
58,1846,0.0,0.0,0,0,0,5
58,1847,0.0,0.0,0,0,0,5
58,1848,0.0,0.0,0,0,0,5
58,1849,0.0,0.0,0,0,0,5
58,1850,0.0,0.0,0,0,0,5
58,1851,0.0,0.0,0,0,0,5
58,1852,0.0,0.0,0,0,0,5
58,1853,0.0,0.0,0,0,0,5
58,1854,0.0,0.0,0,0,0,5
58,1855,0.0,0.0,0,0,0,5
58,1856,0.0,0.0,0,0,0,5
58,1857,0.0,0.0,0,0,0,5
58,1858,0.0,0.0,0,0,0,5
58,1859,0.0,0.0,0,0,0,5
58,1860,0.0,0.0,0,0,0,5
58,1861,0.0,0.0,0,0,0,5
58,1862,0.0,0.0,0,0,0,5
58,1863,0.0,0.0,0,0,0,5
58,1864,0.0,0.0,0,0,0,5
58,1865,0.0,0.0,0,0,0,5
58,1866,0.0,0.0,0,0,0,5
58,1867,0.0,0.0,0,0,0,5
58,1868,0.0,0.0,0,0,0,5
58,1869,0.0,0.0,0,0,0,5
58,1870,0.0,0.0,0,0,0,5
58,1871,0.0,0.0,0,0,0,5
58,1872,0.0,0.0,0,0,0,5
58,1873,0.0,0.0,0,0,0,5
58,1874,0.0,0.0,0,0,0,5
58,1875,0.0,0.0,0,0,0,5
58,1876,0.0,0.0,0,0,0,5
58,1877,0.0,0.0,0,0,0,5
58,1878,0.0,0.0,0,0,0,5
58,1879,0.0,0.0,0,0,0,5
58,1880,0.0,0.0,0,0,0,5
58,1881,0.0,0.0,0,0,0,5
58,1882,0.0,0.0,0,0,0,5
58,1883,0.0,0.0,0,0,0,5
58,1884,0.0,0.0,0,0,0,5
58,1885,0.0,0.0,0,0,0,5
58,1886,0.0,0.0,0,0,0,5
58,1887,0.0,0.0,0,0,0,5
58,1888,0.0,0.0,0,0,0,5
58,1889,0.0,0.0,0,0,0,5
58,1890,0.0,0.0,0,0,0,5
58,1891,0.0,0.0,0,0,0,5
58,1892,0.0,0.0,0,0,0,5
58,1893,0.0,0.0,0,0,0,5
58,1894,0.0,0.0,0,0,0,5
58,1895,0.0,0.0,0,0,0,5
58,1896,0.0,0.0,0,0,0,5
58,1897,0.0,0.0,0,0,0,5
58,1898,0.0,0.0,0,0,0,5
58,1899,0.0,0.0,0,0,0,5
58,1900,0.0,0.0,0,0,0,5
58,1901,0.0,0.0,0,0,0,5
58,1902,0.0,0.0,0,0,0,5
58,1903,0.0,0.0,0,0,0,5
58,1904,0.0,0.0,0,0,0,5
58,1905,0.0,0.0,0,0,0,5
58,1906,0.0,0.0,0,0,0,5
58,1907,0.0,0.0,0,0,0,5
58,1908,0.0,0.0,0,0,0,5
58,1909,0.0,0.0,0,0,0,5
58,1910,0.0,0.0,0,0,0,5
58,1911,0.0,0.0,0,0,0,5
58,1912,0.0,0.0,0,0,0,5
58,1913,0.0,0.0,0,0,0,5
58,1914,0.0,0.0,0,0,0,5
58,1915,0.0,0.0,0,0,0,5
58,1916,0.0,0.0,0,0,0,5
58,1917,0.0,0.0,0,0,0,5
58,1918,0.0,0.0,0,0,0,5
58,1919,0.0,0.0,0,0,0,5
58,1920,0.0,0.0,0,0,0,5
58,1921,0.0,0.0,0,0,0,5
58,1922,0.0,0.0,0,0,0,5
58,1923,0.0,0.0,0,0,0,5
58,1924,0.0,0.0,0,0,0,5
58,1925,0.0,0.0,0,0,0,5
58,1926,0.0,0.0,0,0,0,5
58,1927,0.0,0.0,0,0,0,5
58,1928,0.0,0.0,0,0,0,5
58,1929,0.0,0.0,0,0,0,5
58,1930,0.0,0.0,0,0,0,5
58,1931,0.0,0.0,0,0,0,5
58,1932,0.0,0.0,0,0,0,5
58,1933,0.0,0.0,0,0,0,5
58,1934,0.0,0.0,0,0,0,5
58,1935,0.0,0.0,0,0,0,5
58,1936,0.0,0.0,0,0,0,5
58,1937,0.0,0.0,0,0,0,5
58,1938,0.0,0.0,0,0,0,5
58,1939,0.0,0.0,0,0,0,5
58,1940,0.0,0.0,0,0,0,5
58,1941,0.0,0.0,0,0,0,5
58,1942,0.0,0.0,0,0,0,5
58,1943,0.0,0.0,0,0,0,5
58,1944,0.0,0.0,0,0,0,5
58,1945,0.0,0.0,0,0,0,5
58,1946,0.0,0.0,0,0,0,5
58,1947,0.0,0.0,0,0,0,5
58,1948,0.0,0.0,0,0,0,5
58,1949,0.0,0.0,0,0,0,5
58,1950,0.0,0.0,0,0,0,5
58,1951,0.0,0.0,0,0,0,5
58,1952,0.0,0.0,0,0,0,5
58,1953,0.0,0.0,0,0,0,5
58,1954,0.0,0.0,0,0,0,5
58,1955,0.0,0.0,0,0,0,5
58,1956,0.0,0.0,0,0,0,5
58,1957,0.0,0.0,0,0,0,5
58,1958,0.0,0.0,0,0,0,5
58,1959,0.0,0.0,0,0,0,5
58,1960,0.0,0.0,0,0,0,5
58,1961,0.0,0.0,0,0,0,5
58,1962,0.0,0.0,0,0,0,5
58,1963,0.0,0.0,0,0,0,5
58,1964,0.0,0.0,0,0,0,5
58,1965,0.0,0.0,0,0,0,5
58,1966,0.0,0.0,0,0,0,5
58,1967,0.0,0.0,0,0,0,5
58,1968,0.0,0.0,0,0,0,5
58,1969,0.0,0.0,0,0,0,5
58,1970,0.0,0.0,0,0,0,5
58,1971,0.0,0.0,0,0,0,5
58,1972,0.0,0.0,0,0,0,5
58,1973,0.0,0.0,0,0,0,5
58,1974,0.0,0.0,0,0,0,5
58,1975,0.0,0.0,0,0,0,5
58,1976,0.0,0.0,0,0,0,5
58,1977,0.0,0.0,0,0,0,5
58,1978,0.0,0.0,0,0,0,5
58,1979,0.0,0.0,0,0,0,5
58,1980,0.0,0.0,0,0,0,5
58,1981,0.0,0.0,0,0,0,5
58,1982,0.0,0.0,0,0,0,5
58,1983,0.0,0.0,0,0,0,5
58,1984,0.0,0.0,0,0,0,5
58,1985,0.0,0.0,0,0,0,5
58,1986,0.0,0.0,0,0,0,5
58,1987,0.0,0.0,0,0,0,5
58,1988,0.0,0.0,0,0,0,5
58,1989,0.0,0.0,0,0,0,5
58,1990,0.0,0.0,0,0,0,5
58,1991,0.0,0.0,0,0,0,5
58,1992,0.0,0.0,0,0,0,5
58,1993,0.0,0.0,0,0,0,5
58,1994,0.0,0.0,0,0,0,5
58,1995,0.0,0.0,0,0,0,5
58,1996,0.0,0.0,0,0,0,5
58,1997,0.0,0.0,0,0,0,5
58,1998,0.0,0.0,0,0,0,5
58,1999,0.0,0.0,0,0,0,5
59,0,0.0,0.0,0,0,0,5
59,1,0.0,0.0,0,0,0,5
59,2,0.0,0.0,0,0,0,5
59,3,0.0,0.0,0,0,0,5
59,4,0.0,0.0,0,0,0,5
59,5,0.0,0.0,0,0,0,5
59,6,0.0,0.0,0,0,0,5
59,7,0.0,0.0,0,0,0,5
59,8,0.0,0.0,0,0,0,5
59,9,0.0,0.0,0,0,0,5
59,10,0.0,0.0,0,0,0,5
59,11,0.0,0.0,0,0,0,5
59,12,0.0,0.0,0,0,0,5
59,13,0.0,0.0,0,0,0,5
59,14,0.0,0.0,0,0,0,5
59,15,0.0,0.0,0,0,0,5
59,16,0.0,0.0,0,0,0,5
59,17,0.0,0.0,0,0,0,5
59,18,0.0,0.0,0,0,0,5
59,19,0.0,0.0,0,0,0,5
59,20,0.0,0.0,0,0,0,5
59,21,0.0,0.0,0,0,0,5
59,22,0.0,0.0,0,0,0,5
59,23,0.0,0.0,0,0,0,5
59,24,0.0,0.0,0,0,0,5
59,25,0.0,0.0,0,0,0,5
59,26,0.0,0.0,0,0,0,5
59,27,0.0,0.0,0,0,0,5
59,28,0.0,0.0,0,0,0,5
59,29,0.0,0.0,0,0,0,5
59,30,0.0,0.0,0,0,0,5
59,31,0.0,0.0,0,0,0,5
59,32,0.0,0.0,0,0,0,5
59,33,0.0,0.0,0,0,0,5
59,34,0.0,0.0,0,0,0,5
59,35,0.0,0.0,0,0,0,5
59,36,0.0,0.0,0,0,0,5
59,37,0.0,0.0,0,0,0,5
59,38,0.0,0.0,0,0,0,5
59,39,0.0,0.0,0,0,0,5
59,40,0.0,0.0,0,0,0,5
59,41,0.0,0.0,0,0,0,5
59,42,0.0,0.0,0,0,0,5
59,43,0.0,0.0,0,0,0,5
59,44,0.0,0.0,0,0,0,5
59,45,0.0,0.0,0,0,0,5
59,46,0.0,0.0,0,0,0,5
59,47,0.0,0.0,0,0,0,5
59,48,0.0,0.0,0,0,0,5
59,49,0.0,0.0,0,0,0,5
59,50,0.0,0.0,0,0,0,5
59,51,0.0,0.0,0,0,0,5
59,52,0.0,0.0,0,0,0,5
59,53,0.0,0.0,0,0,0,5
59,54,0.0,0.0,0,0,0,5
59,55,0.0,0.0,0,0,0,5
59,56,0.0,0.0,0,0,0,5
59,57,0.0,0.0,0,0,0,5
59,58,0.0,0.0,0,0,0,5
59,59,0.0,0.0,0,0,0,5
59,60,0.0,0.0,0,0,0,5
59,61,0.0,0.0,0,0,0,5
59,62,0.0,0.0,0,0,0,5
59,63,0.0,0.0,0,0,0,5
59,64,0.0,0.0,0,0,0,5
59,65,0.0,0.0,0,0,0,5
59,66,0.0,0.0,0,0,0,5
59,67,0.0,0.0,0,0,0,5
59,68,0.0,0.0,0,0,0,5
59,69,0.0,0.0,0,0,0,5
59,70,0.0,0.0,0,0,0,5
59,71,0.0,0.0,0,0,0,5
59,72,0.0,0.0,0,0,0,5
59,73,0.0,0.0,0,0,0,5
59,74,0.0,0.0,0,0,0,5
59,75,0.0,0.0,0,0,0,5
59,76,0.0,0.0,0,0,0,5
59,77,0.0,0.0,0,0,0,5
59,78,0.0,0.0,0,0,0,5
59,79,0.0,0.0,0,0,0,5
59,80,0.0,0.0,0,0,0,5
59,81,0.0,0.0,0,0,0,5
59,82,0.0,0.0,0,0,0,5
59,83,0.0,0.0,0,0,0,5
59,84,0.0,0.0,0,0,0,5
59,85,0.0,0.0,0,0,0,5
59,86,0.0,0.0,0,0,0,5
59,87,0.0,0.0,0,0,0,5
59,88,0.0,0.0,0,0,0,5
59,89,0.0,0.0,0,0,0,5
59,90,0.0,0.0,0,0,0,5
59,91,0.0,0.0,0,0,0,5
59,92,0.0,0.0,0,0,0,5
59,93,0.0,0.0,0,0,0,5
59,94,0.0,0.0,0,0,0,5
59,95,0.0,0.0,0,0,0,5
59,96,0.0,0.0,0,0,0,5
59,97,0.0,0.0,0,0,0,5
59,98,0.0,0.0,0,0,0,5
59,99,0.0,0.0,0,0,0,5
59,100,0.0,0.0,0,0,0,5
59,101,0.0,0.0,0,0,0,5
59,102,0.0,0.0,0,0,0,5
59,103,0.0,0.0,0,0,0,5
59,104,0.0,0.0,0,0,0,5
59,105,0.0,0.0,0,0,0,5
59,106,0.0,0.0,0,0,0,5
59,107,0.0,0.0,0,0,0,5
59,108,0.0,0.0,0,0,0,5
59,109,0.0,0.0,0,0,0,5
59,110,0.0,0.0,0,0,0,5
59,111,0.0,0.0,0,0,0,5
59,112,0.0,0.0,0,0,0,5
59,113,0.0,0.0,0,0,0,5
59,114,0.0,0.0,0,0,0,5
59,115,0.0,0.0,0,0,0,5
59,116,0.0,0.0,0,0,0,5
59,117,0.0,0.0,0,0,0,5
59,118,0.0,0.0,0,0,0,5
59,119,0.0,0.0,0,0,0,5
59,120,0.0,0.0,0,0,0,5
59,121,0.0,0.0,0,0,0,5
59,122,0.0,0.0,0,0,0,5
59,123,0.0,0.0,0,0,0,5
59,124,0.0,0.0,0,0,0,5
59,125,0.0,0.0,0,0,0,5
59,126,0.0,0.0,0,0,0,5
59,127,0.0,0.0,0,0,0,5
59,128,0.0,0.0,0,0,0,5
59,129,0.0,0.0,0,0,0,5
59,130,0.0,0.0,0,0,0,5
59,131,0.0,0.0,0,0,0,5
59,132,0.0,0.0,0,0,0,5
59,133,0.0,0.0,0,0,0,5
59,134,0.0,0.0,0,0,0,5
59,135,0.0,0.0,0,0,0,5
59,136,0.0,0.0,0,0,0,5
59,137,0.0,0.0,0,0,0,5
59,138,0.0,0.0,0,0,0,5
59,139,0.0,0.0,0,0,0,5
59,140,0.0,0.0,0,0,0,5
59,141,0.0,0.0,0,0,0,5
59,142,0.0,0.0,0,0,0,5
59,143,0.0,0.0,0,0,0,5
59,144,0.0,0.0,0,0,0,5
59,145,0.0,0.0,0,0,0,5
59,146,0.0,0.0,0,0,0,5
59,147,0.0,0.0,0,0,0,5
59,148,0.0,0.0,0,0,0,5
59,149,0.0,0.0,0,0,0,5
59,150,0.0,0.0,0,0,0,5
59,151,0.0,0.0,0,0,0,5
59,152,0.0,0.0,0,0,0,5
59,153,0.0,0.0,0,0,0,5
59,154,0.0,0.0,0,0,0,5
59,155,0.0,0.0,0,0,0,5
59,156,0.0,0.0,0,0,0,5
59,157,0.0,0.0,0,0,0,5
59,158,0.0,0.0,0,0,0,5
59,159,0.0,0.0,0,0,0,5
59,160,0.0,0.0,0,0,0,5
59,161,0.0,0.0,0,0,0,5
59,162,0.0,0.0,0,0,0,5
59,163,0.0,0.0,0,0,0,5
59,164,0.0,0.0,0,0,0,5
59,165,0.0,0.0,0,0,0,5
59,166,0.0,0.0,0,0,0,5
59,167,0.0,0.0,0,0,0,5
59,168,0.0,0.0,0,0,0,5
59,169,0.0,0.0,0,0,0,5
59,170,0.0,0.0,0,0,0,5
59,171,0.0,0.0,0,0,0,5
59,172,0.0,0.0,0,0,0,5
59,173,0.0,0.0,0,0,0,5
59,174,0.0,0.0,0,0,0,5
59,175,0.0,0.0,0,0,0,5
59,176,0.0,0.0,0,0,0,5
59,177,0.0,0.0,0,0,0,5
59,178,0.0,0.0,0,0,0,5
59,179,0.0,0.0,0,0,0,5
59,180,0.0,0.0,0,0,0,5
59,181,0.0,0.0,0,0,0,5
59,182,0.0,0.0,0,0,0,5
59,183,0.0,0.0,0,0,0,5
59,184,0.0,0.0,0,0,0,5
59,185,0.0,0.0,0,0,0,5
59,186,0.0,0.0,0,0,0,5
59,187,0.0,0.0,0,0,0,5
59,188,0.0,0.0,0,0,0,5
59,189,0.0,0.0,0,0,0,5
59,190,0.0,0.0,0,0,0,5
59,191,0.0,0.0,0,0,0,5
59,192,0.0,0.0,0,0,0,5
59,193,0.0,0.0,0,0,0,5
59,194,0.0,0.0,0,0,0,5
59,195,0.0,0.0,0,0,0,5
59,196,0.0,0.0,0,0,0,5
59,197,0.0,0.0,0,0,0,5
59,198,0.0,0.0,0,0,0,5
59,199,0.0,0.0,0,0,0,5
59,200,0.0,0.0,0,0,0,5
59,201,0.0,0.0,0,0,0,5
59,202,0.0,0.0,0,0,0,5
59,203,0.0,0.0,0,0,0,5
59,204,0.0,0.0,0,0,0,5
59,205,0.0,0.0,0,0,0,5
59,206,0.0,0.0,0,0,0,5
59,207,0.0,0.0,0,0,0,5
59,208,0.0,0.0,0,0,0,5
59,209,0.0,0.0,0,0,0,5
59,210,0.0,0.0,0,0,0,5
59,211,0.0,0.0,0,0,0,5
59,212,0.0,0.0,0,0,0,5
59,213,0.0,0.0,0,0,0,5
59,214,0.0,0.0,0,0,0,5
59,215,0.0,0.0,0,0,0,5
59,216,0.0,0.0,0,0,0,5
59,217,0.0,0.0,0,0,0,5
59,218,0.0,0.0,0,0,0,5
59,219,0.0,0.0,0,0,0,5
59,220,0.0,0.0,0,0,0,5
59,221,0.0,0.0,0,0,0,5
59,222,0.0,0.0,0,0,0,5
59,223,0.0,0.0,0,0,0,5
59,224,0.0,0.0,0,0,0,5
59,225,0.0,0.0,0,0,0,5
59,226,0.0,0.0,0,0,0,5
59,227,0.0,0.0,0,0,0,5
59,228,0.0,0.0,0,0,0,5
59,229,0.0,0.0,0,0,0,5
59,230,0.0,0.0,0,0,0,5
59,231,0.0,0.0,0,0,0,5
59,232,0.0,0.0,0,0,0,5
59,233,0.0,0.0,0,0,0,5
59,234,0.0,0.0,0,0,0,5
59,235,0.0,0.0,0,0,0,5
59,236,0.0,0.0,0,0,0,5
59,237,0.0,0.0,0,0,0,5
59,238,0.0,0.0,0,0,0,5
59,239,0.0,0.0,0,0,0,5
59,240,0.0,0.0,0,0,0,5
59,241,0.0,0.0,0,0,0,5
59,242,0.0,0.0,0,0,0,5
59,243,0.0,0.0,0,0,0,5
59,244,0.0,0.0,0,0,0,5
59,245,0.0,0.0,0,0,0,5
59,246,0.0,0.0,0,0,0,5
59,247,0.0,0.0,0,0,0,5
59,248,0.0,0.0,0,0,0,5
59,249,0.0,0.0,0,0,0,5
59,250,0.0,0.0,0,0,0,5
59,251,0.0,0.0,0,0,0,5
59,252,0.0,0.0,0,0,0,5
59,253,0.0,0.0,0,0,0,5
59,254,0.0,0.0,0,0,0,5
59,255,0.0,0.0,0,0,0,5
59,256,0.0,0.0,0,0,0,5
59,257,0.0,0.0,0,0,0,5
59,258,0.0,0.0,0,0,0,5
59,259,0.0,0.0,0,0,0,5
59,260,0.0,0.0,0,0,0,5
59,261,0.0,0.0,0,0,0,5
59,262,0.0,0.0,0,0,0,5
59,263,0.0,0.0,0,0,0,5
59,264,0.0,0.0,0,0,0,5
59,265,0.0,0.0,0,0,0,5
59,266,0.0,0.0,0,0,0,5
59,267,0.0,0.0,0,0,0,5
59,268,0.0,0.0,0,0,0,5
59,269,0.0,0.0,0,0,0,5
59,270,0.0,0.0,0,0,0,5
59,271,0.0,0.0,0,0,0,5
59,272,0.0,0.0,0,0,0,5
59,273,0.0,0.0,0,0,0,5
59,274,0.0,0.0,0,0,0,5
59,275,0.0,0.0,0,0,0,5
59,276,0.0,0.0,0,0,0,5
59,277,0.0,0.0,0,0,0,5
59,278,0.0,0.0,0,0,0,5
59,279,0.0,0.0,0,0,0,5
59,280,0.0,0.0,0,0,0,5
59,281,0.0,0.0,0,0,0,5
59,282,0.0,0.0,0,0,0,5
59,283,0.0,0.0,0,0,0,5
59,284,0.0,0.0,0,0,0,5
59,285,0.0,0.0,0,0,0,5
59,286,0.0,0.0,0,0,0,5
59,287,0.0,0.0,0,0,0,5
59,288,0.0,0.0,0,0,0,5
59,289,0.0,0.0,0,0,0,5
59,290,0.0,0.0,0,0,0,5
59,291,0.0,0.0,0,0,0,5
59,292,0.0,0.0,0,0,0,5
59,293,0.0,0.0,0,0,0,5
59,294,0.0,0.0,0,0,0,5
59,295,0.0,0.0,0,0,0,5
59,296,0.0,0.0,0,0,0,5
59,297,0.0,0.0,0,0,0,5
59,298,0.0,0.0,0,0,0,5
59,299,0.0,0.0,0,0,0,5
59,300,0.0,0.0,0,0,0,5
59,301,0.0,0.0,0,0,0,5
59,302,0.0,0.0,0,0,0,5
59,303,0.0,0.0,0,0,0,5
59,304,0.0,0.0,0,0,0,5
59,305,0.0,0.0,0,0,0,5
59,306,0.0,0.0,0,0,0,5
59,307,0.0,0.0,0,0,0,5
59,308,0.0,0.0,0,0,0,5
59,309,0.0,1.0,0,0,0,5
59,310,0.0,1.0,0,0,0,5
59,311,0.0,1.0,0,0,0,5
59,312,0.0,1.0,0,0,0,5
59,313,0.0,1.0,0,0,0,5
59,314,0.0,1.0,0,0,0,5
59,315,0.0,1.0,0,0,0,5
59,316,1.0,1.0,0,0,0,5
59,317,1.0,1.0,0,0,0,5
59,318,1.0,1.0,0,0,0,5
59,319,1.0,1.0,0,0,0,5
59,320,1.0,1.0,0,0,0,5
59,321,1.0,1.0,0,0,0,5
59,322,1.0,1.0,0,0,0,5
59,323,1.0,1.0,0,0,0,5
59,324,1.0,1.0,0,0,0,5
59,325,1.0,1.0,0,0,0,5
59,326,1.0,1.0,0,0,0,5
59,327,1.0,1.0,0,0,0,5
59,328,1.0,1.0,0,0,0,5
59,329,1.0,1.0,0,0,0,5
59,330,1.0,1.0,0,0,0,5
59,331,1.0,1.0,0,0,0,5
59,332,1.0,1.0,0,0,0,5
59,333,1.0,1.0,0,0,0,5
59,334,1.0,1.0,0,0,0,5
59,335,1.0,1.0,0,0,0,5
59,336,1.0,1.0,0,0,0,5
59,337,1.0,1.0,0,0,0,5
59,338,1.0,1.0,0,0,0,5
59,339,1.0,1.0,0,0,0,5
59,340,1.0,1.0,0,0,0,5
59,341,1.0,1.0,0,0,0,5
59,342,1.0,1.0,0,0,0,5
59,343,1.0,1.0,0,0,0,5
59,344,1.0,1.0,0,0,0,5
59,345,1.0,1.0,0,0,0,5
59,346,1.0,1.0,0,0,0,5
59,347,1.0,1.0,0,0,0,5
59,348,1.0,1.0,0,0,0,5
59,349,1.0,1.0,0,0,0,5
59,350,1.0,1.0,0,0,0,5
59,351,1.0,1.0,0,0,0,5
59,352,1.0,1.0,0,0,0,5
59,353,1.0,1.0,0,0,0,5
59,354,1.0,1.0,0,0,0,5
59,355,1.0,1.0,0,0,0,5
59,356,1.0,1.0,0,0,0,5
59,357,1.0,1.0,0,0,0,5
59,358,1.0,1.0,0,0,0,5
59,359,1.0,1.0,0,0,0,5
59,360,1.0,1.0,0,0,0,5
59,361,1.0,1.0,0,0,0,5
59,362,1.0,1.0,0,0,0,5
59,363,1.0,1.0,0,0,0,5
59,364,1.0,1.0,0,0,0,5
59,365,1.0,1.0,0,0,0,5
59,366,1.0,1.0,0,0,0,5
59,367,1.0,1.0,0,0,0,5
59,368,1.0,1.0,0,0,0,5
59,369,1.0,1.0,0,0,0,5
59,370,1.0,1.0,0,0,0,5
59,371,1.0,1.0,0,0,0,5
59,372,1.0,1.0,0,0,0,5
59,373,1.0,1.0,0,0,0,5
59,374,1.0,1.0,0,0,0,5
59,375,1.0,1.0,0,0,0,5
59,376,1.0,1.0,0,0,0,5
59,377,1.0,1.0,0,0,0,5
59,378,1.0,1.0,0,0,0,5
59,379,1.0,1.0,0,0,0,5
59,380,1.0,1.0,0,0,0,5
59,381,1.0,1.0,0,0,0,5
59,382,1.0,1.0,0,0,0,5
59,383,1.0,1.0,0,0,0,5
59,384,1.0,1.0,0,0,0,5
59,385,1.0,1.0,0,0,0,5
59,386,1.0,1.0,0,0,0,5
59,387,1.0,1.0,0,0,0,5
59,388,1.0,1.0,0,0,0,5
59,389,1.0,1.0,0,0,0,5
59,390,1.0,1.0,0,0,0,5
59,391,1.0,1.0,0,0,0,5
59,392,1.0,1.0,0,0,0,5
59,393,1.0,1.0,0,0,0,5
59,394,1.0,1.0,0,0,0,5
59,395,1.0,1.0,0,0,0,5
59,396,1.0,1.0,0,0,0,5
59,397,1.0,1.0,0,0,0,5
59,398,1.0,1.0,0,0,0,5
59,399,1.0,1.0,0,0,0,5
59,400,1.0,1.0,0,0,0,5
59,401,1.0,1.0,0,0,0,5
59,402,1.0,1.0,0,0,0,5
59,403,1.0,1.0,0,0,0,5
59,404,1.0,1.0,0,0,0,5
59,405,1.0,1.0,0,0,0,5
59,406,1.0,1.0,0,0,0,5
59,407,1.0,1.0,0,0,0,5
59,408,1.0,1.0,0,0,0,5
59,409,1.0,1.0,0,1,0,5
59,410,1.0,1.0,0,1,0,5
59,411,1.0,1.0,0,1,0,5
59,412,1.0,1.0,0,1,0,5
59,413,1.0,1.0,0,1,0,5
59,414,1.0,1.0,0,1,0,5
59,415,1.0,1.0,0,1,0,5
59,416,1.0,1.0,0,1,0,5
59,417,1.0,1.0,0,1,0,5
59,418,1.0,1.0,0,1,0,5
59,419,1.0,1.0,0,1,0,5
59,420,1.0,1.0,0,1,0,5
59,421,1.0,1.0,0,1,0,5
59,422,1.0,1.0,0,1,0,5
59,423,1.0,1.0,0,1,0,5
59,424,1.0,1.0,0,1,0,5
59,425,1.0,1.0,0,1,0,5
59,426,1.0,1.0,0,1,0,5
59,427,1.0,1.0,0,1,0,5
59,428,1.0,1.0,0,1,0,5
59,429,1.0,1.0,0,1,0,5
59,430,1.0,1.0,0,1,0,5
59,431,1.0,1.0,0,1,0,5
59,432,1.0,1.0,0,1,0,5
59,433,1.0,1.0,0,1,0,5
59,434,1.0,1.0,0,1,0,5
59,435,1.0,1.0,0,1,0,5
59,436,1.0,1.0,0,1,0,5
59,437,1.0,1.0,0,1,0,5
59,438,1.0,1.0,0,1,0,5
59,439,1.0,1.0,0,1,0,5
59,440,1.0,1.0,0,1,0,5
59,441,1.0,1.0,0,1,0,5
59,442,1.0,1.0,0,1,0,5
59,443,1.0,1.0,0,1,0,5
59,444,1.0,1.0,0,1,0,5
59,445,1.0,1.0,0,1,0,5
59,446,1.0,1.0,0,1,0,5
59,447,1.0,1.0,0,1,0,5
59,448,1.0,1.0,0,1,0,5
59,449,1.0,1.0,0,1,0,5
59,450,1.0,1.0,0,1,0,5
59,451,1.0,1.0,0,1,0,5
59,452,1.0,1.0,0,1,0,5
59,453,1.0,1.0,0,1,0,5
59,454,1.0,1.0,0,1,0,5
59,455,1.0,1.0,0,1,0,5
59,456,1.0,1.0,0,1,0,5
59,457,1.0,1.0,0,1,0,5
59,458,1.0,1.0,0,1,0,5
59,459,1.0,1.0,0,1,0,5
59,460,1.0,1.0,0,1,0,5
59,461,1.0,1.0,0,1,0,5
59,462,1.0,1.0,0,1,0,5
59,463,1.0,1.0,0,1,0,5
59,464,1.0,1.0,0,1,0,5
59,465,1.0,1.0,0,1,0,5
59,466,1.0,1.0,0,1,0,5
59,467,1.0,1.0,0,1,0,5
59,468,1.0,1.0,0,1,0,5
59,469,1.0,1.0,0,1,0,5
59,470,1.0,1.0,0,1,0,5
59,471,1.0,1.0,0,1,0,5
59,472,1.0,1.0,0,1,0,5
59,473,1.0,1.0,0,1,0,5
59,474,1.0,1.0,0,1,0,5
59,475,1.0,1.0,0,1,0,5
59,476,1.0,1.0,0,1,0,5
59,477,1.0,1.0,0,1,0,5
59,478,1.0,1.0,0,1,0,5
59,479,1.0,1.0,0,1,0,5
59,480,1.0,1.0,0,1,0,5
59,481,1.0,1.0,0,1,0,5
59,482,1.0,1.0,0,1,0,5
59,483,1.0,1.0,0,1,0,5
59,484,1.0,1.0,0,1,0,5
59,485,1.0,1.0,0,1,0,5
59,486,1.0,1.0,0,1,0,5
59,487,1.0,1.0,0,1,0,5
59,488,1.0,1.0,0,1,0,5
59,489,1.0,1.0,0,1,0,5
59,490,1.0,1.0,0,1,0,5
59,491,1.0,1.0,0,1,0,5
59,492,1.0,1.0,0,1,0,5
59,493,1.0,1.0,0,1,0,5
59,494,1.0,1.0,0,1,0,5
59,495,1.0,1.0,0,1,0,5
59,496,1.0,1.0,0,1,0,5
59,497,1.0,1.0,0,1,0,5
59,498,1.0,1.0,0,1,0,5
59,499,1.0,1.0,0,1,0,5
59,500,1.0,1.0,0,1,0,5
59,501,1.0,1.0,0,1,0,5
59,502,1.0,1.0,0,1,0,5
59,503,1.0,1.0,0,1,0,5
59,504,1.0,1.0,0,1,0,5
59,505,1.0,1.0,0,1,0,5
59,506,1.0,1.0,0,1,0,5
59,507,1.0,1.0,0,1,0,5
59,508,1.0,1.0,0,1,0,5
59,509,1.0,1.0,0,1,0,5
59,510,1.0,1.0,0,1,0,5
59,511,1.0,1.0,0,1,0,5
59,512,1.0,1.0,0,1,0,5
59,513,1.0,0.0,0,0,0,5
59,514,1.0,0.0,0,0,0,5
59,515,1.0,0.0,0,0,0,5
59,516,1.0,0.0,0,0,0,5
59,517,1.0,0.0,0,0,0,5
59,518,1.0,0.0,0,0,0,5
59,519,1.0,0.0,0,0,0,5
59,520,0.0,0.0,0,0,0,5
59,521,0.0,0.0,0,0,0,5
59,522,0.0,0.0,0,0,0,5
59,523,0.0,0.0,0,0,0,5
59,524,0.0,0.0,0,0,0,5
59,525,0.0,0.0,0,0,0,5
59,526,0.0,0.0,0,0,0,5
59,527,0.0,0.0,0,0,0,5
59,528,0.0,0.0,0,0,0,5
59,529,0.0,0.0,0,0,0,5
59,530,0.0,0.0,0,0,0,5
59,531,0.0,0.0,0,0,0,5
59,532,0.0,0.0,0,0,0,5
59,533,0.0,0.0,0,0,0,5
59,534,0.0,0.0,0,0,0,5
59,535,0.0,0.0,0,0,0,5
59,536,0.0,0.0,0,0,0,5
59,537,0.0,0.0,0,0,0,5
59,538,0.0,0.0,0,0,0,5
59,539,0.0,0.0,0,0,0,5
59,540,0.0,0.0,0,0,0,5
59,541,0.0,0.0,0,0,0,5
59,542,0.0,0.0,0,0,0,5
59,543,0.0,0.0,0,0,0,5
59,544,0.0,0.0,0,0,0,5
59,545,0.0,0.0,0,0,0,5
59,546,0.0,0.0,0,0,0,5
59,547,0.0,0.0,0,0,0,5
59,548,0.0,0.0,0,0,0,5
59,549,0.0,0.0,0,0,0,5
59,550,0.0,0.0,0,0,0,5
59,551,0.0,0.0,0,0,0,5
59,552,0.0,0.0,0,0,0,5
59,553,0.0,0.0,0,0,0,5
59,554,0.0,0.0,0,0,0,5
59,555,0.0,0.0,0,0,0,5
59,556,0.0,0.0,0,0,0,5
59,557,0.0,0.0,0,0,0,5
59,558,0.0,0.0,0,0,0,5
59,559,0.0,0.0,0,0,0,5
59,560,0.0,0.0,0,0,0,5
59,561,0.0,0.0,0,0,0,5
59,562,0.0,0.0,0,0,0,5
59,563,0.0,0.0,0,0,0,5
59,564,0.0,0.0,0,0,0,5
59,565,0.0,0.0,0,0,0,5
59,566,0.0,0.0,0,0,0,5
59,567,0.0,0.0,0,0,0,5
59,568,0.0,0.0,0,0,0,5
59,569,0.0,0.0,0,0,0,5
59,570,0.0,0.0,0,0,0,5
59,571,0.0,0.0,0,0,0,5
59,572,0.0,0.0,0,0,0,5
59,573,0.0,0.0,0,0,0,5
59,574,0.0,0.0,0,0,0,5
59,575,0.0,0.0,0,0,0,5
59,576,0.0,0.0,0,0,0,5
59,577,0.0,0.0,0,0,0,5
59,578,0.0,0.0,0,0,0,5
59,579,0.0,0.0,0,0,0,5
59,580,0.0,0.0,0,0,0,5
59,581,0.0,0.0,0,0,0,5
59,582,0.0,0.0,0,0,0,5
59,583,0.0,0.0,0,0,0,5
59,584,0.0,0.0,0,0,0,5
59,585,0.0,0.0,0,0,0,5
59,586,0.0,0.0,0,0,0,5
59,587,0.0,0.0,0,0,0,5
59,588,0.0,0.0,0,0,0,5
59,589,0.0,0.0,0,0,0,5
59,590,0.0,0.0,0,0,0,5
59,591,0.0,0.0,0,0,0,5
59,592,0.0,0.0,0,0,0,5
59,593,0.0,0.0,0,0,0,5
59,594,0.0,0.0,0,0,0,5
59,595,0.0,0.0,0,0,0,5
59,596,0.0,0.0,0,0,0,5
59,597,0.0,0.0,0,0,0,5
59,598,0.0,0.0,0,0,0,5
59,599,0.0,0.0,0,0,0,5
59,600,0.0,0.0,0,0,0,5
59,601,0.0,0.0,0,0,0,5
59,602,0.0,0.0,0,0,0,5
59,603,0.0,0.0,0,0,0,5
59,604,0.0,0.0,0,0,0,5
59,605,0.0,0.0,0,0,0,5
59,606,0.0,0.0,0,0,0,5
59,607,0.0,0.0,0,0,0,5
59,608,0.0,0.0,0,0,0,5
59,609,0.0,0.0,0,0,0,5
59,610,0.0,0.0,0,0,0,5
59,611,0.0,0.0,0,0,0,5
59,612,0.0,0.0,0,0,0,5
59,613,0.0,0.0,0,0,0,5
59,614,0.0,0.0,0,0,0,5
59,615,0.0,0.0,0,0,0,5
59,616,0.0,0.0,0,1,0,5
59,617,0.0,0.0,0,1,0,5
59,618,0.0,0.0,0,1,0,5
59,619,0.0,0.0,0,0,0,5
59,620,0.0,0.0,0,0,0,5
59,621,0.0,0.0,0,0,0,5
59,622,0.0,0.0,0,0,0,5
59,623,0.0,0.0,0,0,0,5
59,624,0.0,0.0,0,0,0,5
59,625,0.0,0.0,0,0,0,5
59,626,0.0,0.0,0,0,0,5
59,627,0.0,0.0,0,0,0,5
59,628,0.0,0.0,0,0,0,5
59,629,0.0,0.0,0,0,0,5
59,630,0.0,0.0,0,0,0,5
59,631,0.0,0.0,0,0,0,5
59,632,0.0,0.0,0,0,0,5
59,633,0.0,0.0,0,0,0,5
59,634,0.0,0.0,0,0,0,5
59,635,0.0,0.0,0,0,0,5
59,636,0.0,0.0,0,0,0,5
59,637,0.0,0.0,0,0,0,5
59,638,0.0,0.0,0,0,0,5
59,639,0.0,0.0,0,0,0,5
59,640,0.0,0.0,0,0,0,5
59,641,0.0,0.0,0,0,0,5
59,642,0.0,0.0,0,0,0,5
59,643,0.0,0.0,0,0,0,5
59,644,0.0,0.0,0,0,0,5
59,645,0.0,0.0,0,0,0,5
59,646,0.0,0.0,0,0,0,5
59,647,0.0,0.0,0,0,0,5
59,648,0.0,0.0,0,0,0,5
59,649,0.0,0.0,0,0,0,5
59,650,0.0,0.0,0,0,0,5
59,651,0.0,0.0,0,0,0,5
59,652,0.0,0.0,0,0,0,5
59,653,0.0,0.0,0,0,0,5
59,654,0.0,0.0,0,0,0,5
59,655,0.0,0.0,0,0,0,5
59,656,0.0,0.0,0,0,0,5
59,657,0.0,0.0,0,0,0,5
59,658,0.0,0.0,0,0,0,5
59,659,0.0,0.0,0,0,0,5
59,660,0.0,0.0,0,0,0,5
59,661,0.0,0.0,0,0,0,5
59,662,0.0,0.0,0,0,0,5
59,663,0.0,0.0,0,0,0,5
59,664,0.0,0.0,0,0,0,5
59,665,0.0,0.0,0,0,0,5
59,666,0.0,0.0,0,0,0,5
59,667,0.0,0.0,0,0,0,5
59,668,0.0,0.0,0,0,0,5
59,669,0.0,0.0,0,0,0,5
59,670,0.0,0.0,0,0,0,5
59,671,0.0,0.0,0,0,0,5
59,672,0.0,0.0,0,0,0,5
59,673,0.0,0.0,0,0,0,5
59,674,0.0,1.0,0,0,0,5
59,675,0.0,1.0,0,0,0,5
59,676,0.0,1.0,0,0,0,5
59,677,0.0,1.0,0,0,0,5
59,678,0.0,1.0,0,0,0,5
59,679,0.0,1.0,0,0,0,5
59,680,1.0,1.0,0,0,0,5
59,681,1.0,1.0,0,0,0,5
59,682,1.0,1.0,0,0,0,5
59,683,1.0,1.0,0,0,0,5
59,684,1.0,1.0,0,0,0,5
59,685,1.0,1.0,0,0,0,5
59,686,1.0,1.0,0,0,0,5
59,687,1.0,1.0,0,0,0,5
59,688,1.0,1.0,0,0,0,5
59,689,1.0,1.0,0,0,0,5
59,690,1.0,1.0,0,0,0,5
59,691,1.0,1.0,0,0,0,5
59,692,1.0,1.0,0,0,0,5
59,693,1.0,1.0,0,0,0,5
59,694,1.0,1.0,0,0,0,5
59,695,1.0,1.0,0,0,0,5
59,696,1.0,1.0,0,0,0,5
59,697,1.0,1.0,0,0,0,5
59,698,1.0,1.0,0,0,0,5
59,699,1.0,1.0,0,0,0,5
59,700,1.0,1.0,0,0,0,5
59,701,1.0,1.0,0,0,0,5
59,702,1.0,1.0,0,0,0,5
59,703,1.0,1.0,0,0,0,5
59,704,1.0,1.0,0,0,0,5
59,705,1.0,1.0,0,0,0,5
59,706,1.0,1.0,0,0,0,5
59,707,1.0,1.0,0,0,0,5
59,708,1.0,1.0,0,0,0,5
59,709,1.0,1.0,0,0,0,5
59,710,1.0,1.0,0,0,0,5
59,711,1.0,1.0,0,0,0,5
59,712,1.0,1.0,0,0,0,5
59,713,1.0,1.0,0,0,0,5
59,714,1.0,1.0,0,0,0,5
59,715,1.0,1.0,0,0,0,5
59,716,1.0,1.0,0,0,0,5
59,717,1.0,1.0,0,0,0,5
59,718,1.0,1.0,0,0,0,5
59,719,1.0,1.0,0,0,0,5
59,720,1.0,1.0,0,0,0,5
59,721,1.0,1.0,0,0,0,5
59,722,1.0,1.0,0,0,0,5
59,723,1.0,1.0,0,0,0,5
59,724,1.0,1.0,0,0,0,5
59,725,1.0,1.0,0,0,0,5
59,726,1.0,1.0,0,0,0,5
59,727,1.0,1.0,0,0,0,5
59,728,1.0,1.0,0,0,0,5
59,729,1.0,1.0,0,0,0,5
59,730,1.0,1.0,0,0,0,5
59,731,1.0,1.0,0,0,0,5
59,732,1.0,1.0,0,0,0,5
59,733,1.0,1.0,0,0,0,5
59,734,1.0,1.0,0,0,0,5
59,735,1.0,1.0,0,0,0,5
59,736,1.0,1.0,0,0,0,5
59,737,1.0,1.0,0,0,0,5
59,738,1.0,1.0,0,0,0,5
59,739,1.0,1.0,0,0,0,5
59,740,1.0,1.0,0,0,0,5
59,741,1.0,1.0,0,0,0,5
59,742,1.0,1.0,0,0,0,5
59,743,1.0,1.0,0,0,0,5
59,744,1.0,1.0,0,0,0,5
59,745,1.0,1.0,0,0,0,5
59,746,1.0,1.0,0,0,0,5
59,747,1.0,1.0,0,0,0,5
59,748,1.0,1.0,0,0,0,5
59,749,1.0,1.0,0,0,0,5
59,750,1.0,1.0,0,0,0,5
59,751,1.0,1.0,0,0,0,5
59,752,1.0,1.0,0,0,0,5
59,753,1.0,1.0,0,0,0,5
59,754,1.0,1.0,0,0,0,5
59,755,1.0,1.0,0,0,0,5
59,756,1.0,1.0,0,0,0,5
59,757,1.0,1.0,0,0,0,5
59,758,1.0,1.0,0,0,0,5
59,759,1.0,1.0,0,0,0,5
59,760,1.0,1.0,0,0,0,5
59,761,1.0,1.0,0,0,0,5
59,762,1.0,1.0,0,0,0,5
59,763,1.0,1.0,0,0,0,5
59,764,1.0,1.0,0,0,0,5
59,765,1.0,1.0,0,0,0,5
59,766,1.0,1.0,0,0,0,5
59,767,1.0,1.0,0,0,0,5
59,768,1.0,1.0,0,0,0,5
59,769,1.0,1.0,0,0,0,5
59,770,1.0,1.0,0,0,0,5
59,771,1.0,1.0,0,0,0,5
59,772,1.0,1.0,0,0,0,5
59,773,1.0,1.0,0,0,0,5
59,774,1.0,1.0,0,0,0,5
59,775,1.0,1.0,0,0,0,5
59,776,1.0,1.0,0,0,0,5
59,777,1.0,1.0,0,0,0,5
59,778,1.0,1.0,0,0,0,5
59,779,1.0,1.0,0,0,0,5
59,780,1.0,1.0,0,0,0,5
59,781,1.0,1.0,0,0,0,5
59,782,1.0,1.0,0,0,0,5
59,783,1.0,1.0,0,0,0,5
59,784,1.0,1.0,0,0,0,5
59,785,1.0,1.0,0,0,0,5
59,786,1.0,1.0,0,0,0,5
59,787,1.0,1.0,0,0,0,5
59,788,1.0,1.0,0,0,0,5
59,789,1.0,1.0,0,0,0,5
59,790,1.0,1.0,0,0,0,5
59,791,1.0,1.0,0,0,0,5
59,792,1.0,1.0,0,0,0,5
59,793,1.0,1.0,0,0,0,5
59,794,1.0,1.0,0,0,0,5
59,795,1.0,1.0,0,0,0,5
59,796,1.0,1.0,0,0,0,5
59,797,1.0,1.0,0,0,0,5
59,798,1.0,1.0,0,0,0,5
59,799,1.0,1.0,0,0,0,5
59,800,1.0,1.0,0,0,0,5
59,801,1.0,1.0,0,0,0,5
59,802,1.0,1.0,0,0,0,5
59,803,1.0,1.0,0,1,0,5
59,804,1.0,1.0,0,1,0,5
59,805,1.0,1.0,0,1,0,5
59,806,1.0,1.0,0,1,0,5
59,807,1.0,1.0,0,1,0,5
59,808,1.0,1.0,0,1,0,5
59,809,1.0,1.0,0,1,0,5
59,810,1.0,1.0,0,1,0,5
59,811,1.0,1.0,0,1,0,5
59,812,1.0,1.0,0,1,0,5
59,813,1.0,1.0,0,1,0,5
59,814,1.0,1.0,0,1,0,5
59,815,1.0,1.0,0,1,0,5
59,816,1.0,1.0,0,1,0,5
59,817,1.0,1.0,0,1,0,5
59,818,1.0,1.0,0,1,0,5
59,819,1.0,1.0,1,1,0,5
59,820,1.0,1.0,1,1,0,5
59,821,1.0,1.0,1,1,0,5
59,822,1.0,1.0,1,1,0,5
59,823,1.0,1.0,1,1,0,5
59,824,1.0,1.0,1,1,0,5
59,825,1.0,1.0,1,1,0,5
59,826,1.0,1.0,1,1,0,5
59,827,1.0,1.0,1,1,0,5
59,828,1.0,1.0,1,1,0,5
59,829,1.0,1.0,1,1,0,5
59,830,1.0,1.0,1,1,0,5
59,831,1.0,1.0,1,1,0,5
59,832,1.0,1.0,1,1,0,5
59,833,1.0,1.0,1,1,0,5
59,834,1.0,1.0,1,1,0,5
59,835,1.0,1.0,1,1,0,5
59,836,1.0,1.0,1,1,0,5
59,837,1.0,1.0,1,1,0,5
59,838,1.0,1.0,1,1,0,5
59,839,1.0,1.0,1,1,0,5
59,840,1.0,1.0,1,1,0,5
59,841,1.0,1.0,1,1,0,5
59,842,1.0,1.0,1,1,0,5
59,843,1.0,1.0,1,1,0,5
59,844,1.0,1.0,1,1,0,5
59,845,1.0,1.0,1,1,0,5
59,846,1.0,1.0,1,1,0,5
59,847,1.0,1.0,1,1,0,5
59,848,1.0,1.0,1,1,0,5
59,849,1.0,1.0,1,1,0,5
59,850,1.0,1.0,1,1,0,5
59,851,1.0,1.0,1,1,0,5
59,852,1.0,1.0,1,1,0,5
59,853,1.0,1.0,1,1,0,5
59,854,1.0,1.0,1,1,0,5
59,855,1.0,1.0,1,1,0,5
59,856,1.0,1.0,1,1,0,5
59,857,1.0,1.0,1,1,0,5
59,858,1.0,1.0,1,1,0,5
59,859,1.0,1.0,1,1,0,5
59,860,1.0,1.0,1,1,0,5
59,861,1.0,1.0,1,1,0,5
59,862,1.0,1.0,1,1,0,5
59,863,1.0,1.0,1,1,0,5
59,864,1.0,1.0,1,1,0,5
59,865,1.0,1.0,1,1,0,5
59,866,1.0,1.0,1,1,0,5
59,867,1.0,1.0,1,1,0,5
59,868,1.0,1.0,1,1,0,5
59,869,1.0,1.0,1,1,0,5
59,870,1.0,1.0,1,1,0,5
59,871,1.0,1.0,1,1,0,5
59,872,1.0,1.0,1,1,0,5
59,873,1.0,1.0,1,1,0,5
59,874,1.0,1.0,1,1,0,5
59,875,1.0,1.0,1,1,0,5
59,876,1.0,1.0,1,1,0,5
59,877,1.0,1.0,1,1,0,5
59,878,1.0,1.0,1,1,0,5
59,879,1.0,1.0,1,1,0,5
59,880,1.0,1.0,1,1,0,5
59,881,1.0,1.0,1,1,0,5
59,882,1.0,1.0,1,1,0,5
59,883,1.0,1.0,1,1,0,5
59,884,1.0,1.0,1,1,0,5
59,885,1.0,1.0,1,1,0,5
59,886,1.0,1.0,1,1,0,5
59,887,1.0,1.0,1,1,0,5
59,888,1.0,1.0,1,1,0,5
59,889,1.0,1.0,1,1,0,5
59,890,1.0,1.0,1,1,0,5
59,891,1.0,1.0,1,1,0,5
59,892,1.0,1.0,1,1,0,5
59,893,1.0,1.0,1,1,0,5
59,894,1.0,1.0,1,1,0,5
59,895,1.0,1.0,1,1,0,5
59,896,1.0,1.0,1,1,0,5
59,897,1.0,1.0,1,1,0,5
59,898,1.0,1.0,1,1,0,5
59,899,1.0,1.0,1,1,0,5
59,900,1.0,1.0,1,1,0,5
59,901,1.0,1.0,1,1,0,5
59,902,1.0,1.0,1,1,0,5
59,903,1.0,1.0,1,1,0,5
59,904,1.0,1.0,1,1,0,5
59,905,1.0,1.0,1,1,0,5
59,906,1.0,1.0,1,1,0,5
59,907,1.0,1.0,1,1,0,5
59,908,1.0,1.0,1,1,0,5
59,909,1.0,1.0,1,1,0,5
59,910,1.0,1.0,1,1,0,5
59,911,1.0,1.0,1,1,0,5
59,912,1.0,1.0,1,1,0,5
59,913,1.0,1.0,1,1,0,5
59,914,1.0,1.0,1,1,0,5
59,915,1.0,1.0,1,1,0,5
59,916,1.0,1.0,1,1,0,5
59,917,1.0,1.0,1,1,0,5
59,918,1.0,1.0,1,1,0,5
59,919,1.0,1.0,1,1,0,5
59,920,1.0,1.0,1,1,0,5
59,921,1.0,1.0,1,1,0,5
59,922,1.0,1.0,1,1,0,5
59,923,1.0,1.0,1,1,0,5
59,924,1.0,1.0,1,1,0,5
59,925,1.0,1.0,1,1,0,5
59,926,1.0,1.0,1,1,0,5
59,927,1.0,1.0,1,1,0,5
59,928,1.0,1.0,1,1,0,5
59,929,1.0,1.0,1,1,0,5
59,930,1.0,1.0,1,1,0,5
59,931,1.0,1.0,1,1,0,5
59,932,1.0,1.0,1,1,0,5
59,933,1.0,1.0,1,1,0,5
59,934,1.0,1.0,1,1,0,5
59,935,1.0,1.0,1,1,0,5
59,936,1.0,1.0,1,1,0,5
59,937,1.0,1.0,1,1,0,5
59,938,1.0,1.0,1,1,0,5
59,939,1.0,1.0,1,1,0,5
59,940,1.0,1.0,1,1,0,5
59,941,1.0,1.0,1,1,0,5
59,942,1.0,1.0,1,1,0,5
59,943,1.0,1.0,1,1,0,5
59,944,1.0,1.0,1,1,0,5
59,945,1.0,1.0,1,1,0,5
59,946,1.0,1.0,1,1,0,5
59,947,1.0,1.0,1,1,0,5
59,948,1.0,1.0,1,1,0,5
59,949,1.0,1.0,1,1,0,5
59,950,1.0,1.0,1,1,0,5
59,951,1.0,1.0,1,1,0,5
59,952,1.0,1.0,1,1,0,5
59,953,1.0,1.0,1,1,0,5
59,954,1.0,1.0,1,1,0,5
59,955,1.0,1.0,1,1,0,5
59,956,1.0,1.0,1,1,0,5
59,957,1.0,1.0,1,1,0,5
59,958,1.0,1.0,1,1,0,5
59,959,1.0,1.0,1,1,0,5
59,960,1.0,1.0,1,1,0,5
59,961,1.0,1.0,1,1,0,5
59,962,1.0,1.0,1,1,0,5
59,963,1.0,1.0,1,1,0,5
59,964,1.0,1.0,1,1,0,5
59,965,1.0,1.0,1,1,0,5
59,966,1.0,1.0,1,1,0,5
59,967,1.0,1.0,1,1,0,5
59,968,1.0,1.0,1,1,0,5
59,969,1.0,1.0,1,1,0,5
59,970,1.0,1.0,1,1,0,5
59,971,1.0,1.0,1,1,0,5
59,972,1.0,1.0,1,1,0,5
59,973,1.0,1.0,1,1,0,5
59,974,1.0,1.0,1,1,0,5
59,975,1.0,1.0,1,1,0,5
59,976,1.0,1.0,1,1,0,5
59,977,1.0,1.0,1,1,0,5
59,978,1.0,1.0,1,1,0,5
59,979,1.0,1.0,1,1,0,5
59,980,1.0,1.0,1,1,0,5
59,981,1.0,1.0,1,1,0,5
59,982,1.0,1.0,1,1,0,5
59,983,1.0,1.0,1,1,0,5
59,984,1.0,1.0,1,1,0,5
59,985,1.0,1.0,1,1,0,5
59,986,1.0,1.0,1,1,0,5
59,987,1.0,1.0,1,1,0,5
59,988,1.0,1.0,1,1,0,5
59,989,1.0,1.0,1,1,0,5
59,990,1.0,1.0,1,1,0,5
59,991,1.0,1.0,1,1,0,5
59,992,1.0,1.0,1,1,0,5
59,993,1.0,1.0,1,1,0,5
59,994,1.0,1.0,1,1,0,5
59,995,1.0,1.0,1,1,0,5
59,996,1.0,1.0,1,1,0,5
59,997,1.0,1.0,1,1,0,5
59,998,1.0,1.0,1,1,0,5
59,999,1.0,1.0,1,1,0,5
59,1000,1.0,1.0,1,1,0,5
59,1001,1.0,1.0,1,1,0,5
59,1002,1.0,1.0,1,1,0,5
59,1003,1.0,1.0,1,1,0,5
59,1004,1.0,1.0,1,1,0,5
59,1005,1.0,1.0,1,1,0,5
59,1006,1.0,1.0,1,1,0,5
59,1007,1.0,1.0,1,1,0,5
59,1008,1.0,1.0,1,1,0,5
59,1009,1.0,1.0,1,1,0,5
59,1010,1.0,1.0,1,1,0,5
59,1011,1.0,1.0,1,1,0,5
59,1012,1.0,1.0,1,1,0,5
59,1013,1.0,1.0,1,1,0,5
59,1014,1.0,1.0,1,1,0,5
59,1015,1.0,1.0,1,1,0,5
59,1016,1.0,1.0,1,1,0,5
59,1017,1.0,1.0,1,1,0,5
59,1018,1.0,1.0,1,1,0,5
59,1019,1.0,1.0,1,1,0,5
59,1020,1.0,1.0,1,1,0,5
59,1021,1.0,1.0,1,1,0,5
59,1022,1.0,1.0,1,1,0,5
59,1023,1.0,1.0,1,1,0,5
59,1024,1.0,1.0,1,1,0,5
59,1025,1.0,1.0,1,1,0,5
59,1026,1.0,1.0,1,1,0,5
59,1027,1.0,1.0,1,1,0,5
59,1028,1.0,1.0,1,1,0,5
59,1029,1.0,1.0,1,1,0,5
59,1030,1.0,1.0,1,1,0,5
59,1031,1.0,1.0,1,1,0,5
59,1032,1.0,1.0,1,1,0,5
59,1033,1.0,1.0,1,1,0,5
59,1034,1.0,1.0,1,1,0,5
59,1035,1.0,1.0,1,1,0,5
59,1036,1.0,1.0,1,1,0,5
59,1037,1.0,1.0,1,1,0,5
59,1038,1.0,1.0,1,1,0,5
59,1039,1.0,1.0,1,1,0,5
59,1040,1.0,1.0,1,1,0,5
59,1041,1.0,1.0,1,1,0,5
59,1042,1.0,1.0,1,1,0,5
59,1043,1.0,1.0,1,1,0,5
59,1044,1.0,1.0,1,1,0,5
59,1045,1.0,1.0,1,1,0,5
59,1046,1.0,1.0,1,1,0,5
59,1047,1.0,1.0,1,1,0,5
59,1048,1.0,1.0,1,1,0,5
59,1049,1.0,1.0,1,1,0,5
59,1050,1.0,0.0,1,0,0,5
59,1051,1.0,0.0,1,0,0,5
59,1052,1.0,0.0,1,0,0,5
59,1053,1.0,0.0,1,0,0,5
59,1054,1.0,0.0,1,0,0,5
59,1055,1.0,0.0,1,0,0,5
59,1056,1.0,0.0,1,0,0,5
59,1057,0.0,0.0,1,0,0,5
59,1058,0.0,0.0,1,0,0,5
59,1059,0.0,0.0,1,0,0,5
59,1060,0.0,0.0,1,0,0,5
59,1061,0.0,0.0,1,0,0,5
59,1062,0.0,0.0,1,0,0,5
59,1063,0.0,0.0,1,0,0,5
59,1064,0.0,0.0,1,0,0,5
59,1065,0.0,0.0,1,0,0,5
59,1066,0.0,0.0,1,0,0,5
59,1067,0.0,0.0,1,0,0,5
59,1068,0.0,0.0,1,0,0,5
59,1069,0.0,0.0,1,0,0,5
59,1070,0.0,0.0,1,0,0,5
59,1071,0.0,0.0,1,0,0,5
59,1072,0.0,0.0,1,0,0,5
59,1073,0.0,0.0,1,0,0,5
59,1074,0.0,0.0,1,0,0,5
59,1075,0.0,0.0,1,0,0,5
59,1076,0.0,0.0,1,0,0,5
59,1077,0.0,0.0,1,0,0,5
59,1078,0.0,0.0,1,0,0,5
59,1079,0.0,0.0,1,0,0,5
59,1080,0.0,0.0,1,0,0,5
59,1081,0.0,0.0,1,0,0,5
59,1082,0.0,0.0,1,0,0,5
59,1083,0.0,0.0,1,0,0,5
59,1084,0.0,0.0,1,0,0,5
59,1085,0.0,0.0,1,0,0,5
59,1086,0.0,0.0,1,0,0,5
59,1087,0.0,0.0,1,0,0,5
59,1088,0.0,0.0,1,0,0,5
59,1089,0.0,0.0,1,0,0,5
59,1090,0.0,0.0,1,0,0,5
59,1091,0.0,0.0,1,0,0,5
59,1092,0.0,0.0,1,0,0,5
59,1093,0.0,0.0,1,0,0,5
59,1094,0.0,0.0,1,0,0,5
59,1095,0.0,0.0,1,0,0,5
59,1096,0.0,0.0,1,0,0,5
59,1097,0.0,0.0,1,0,0,5
59,1098,0.0,0.0,1,0,0,5
59,1099,0.0,0.0,1,0,0,5
59,1100,0.0,0.0,1,0,0,5
59,1101,0.0,0.0,1,0,0,5
59,1102,0.0,0.0,1,0,0,5
59,1103,0.0,0.0,1,0,0,5
59,1104,0.0,0.0,1,0,0,5
59,1105,0.0,0.0,1,0,0,5
59,1106,0.0,0.0,1,0,0,5
59,1107,0.0,0.0,1,0,0,5
59,1108,0.0,0.0,1,0,0,5
59,1109,0.0,0.0,1,0,0,5
59,1110,0.0,0.0,1,0,0,5
59,1111,0.0,0.0,1,0,0,5
59,1112,0.0,0.0,1,0,0,5
59,1113,0.0,0.0,1,0,0,5
59,1114,0.0,0.0,1,0,0,5
59,1115,0.0,0.0,1,0,0,5
59,1116,0.0,0.0,1,0,0,5
59,1117,0.0,0.0,1,0,0,5
59,1118,0.0,0.0,1,0,0,5
59,1119,0.0,0.0,1,0,0,5
59,1120,0.0,0.0,1,0,0,5
59,1121,0.0,0.0,1,0,0,5
59,1122,0.0,0.0,1,0,0,5
59,1123,0.0,0.0,1,0,0,5
59,1124,0.0,0.0,1,0,0,5
59,1125,0.0,0.0,1,0,0,5
59,1126,0.0,0.0,1,0,0,5
59,1127,0.0,0.0,1,0,0,5
59,1128,0.0,0.0,1,0,0,5
59,1129,0.0,0.0,1,0,0,5
59,1130,0.0,0.0,1,0,0,5
59,1131,0.0,0.0,1,0,0,5
59,1132,0.0,0.0,1,0,0,5
59,1133,0.0,0.0,1,0,0,5
59,1134,0.0,0.0,1,0,0,5
59,1135,0.0,0.0,1,0,0,5
59,1136,0.0,0.0,1,0,0,5
59,1137,0.0,0.0,1,0,0,5
59,1138,0.0,0.0,1,0,0,5
59,1139,0.0,0.0,1,0,0,5
59,1140,0.0,0.0,1,0,0,5
59,1141,0.0,0.0,1,0,0,5
59,1142,0.0,0.0,1,0,0,5
59,1143,0.0,0.0,1,0,0,5
59,1144,0.0,0.0,1,0,0,5
59,1145,0.0,0.0,1,0,0,5
59,1146,0.0,0.0,1,0,0,5
59,1147,0.0,0.0,1,0,0,5
59,1148,0.0,0.0,1,0,0,5
59,1149,0.0,0.0,1,0,0,5
59,1150,0.0,0.0,1,0,0,5
59,1151,0.0,0.0,1,0,0,5
59,1152,0.0,0.0,1,0,0,5
59,1153,0.0,0.0,1,0,0,5
59,1154,0.0,0.0,1,0,0,5
59,1155,0.0,0.0,1,0,0,5
59,1156,0.0,0.0,1,0,0,5
59,1157,0.0,0.0,1,0,0,5
59,1158,0.0,0.0,1,0,0,5
59,1159,0.0,0.0,1,0,0,5
59,1160,0.0,0.0,1,0,0,5
59,1161,0.0,0.0,1,0,0,5
59,1162,0.0,0.0,1,0,0,5
59,1163,0.0,0.0,1,0,0,5
59,1164,0.0,0.0,1,0,0,5
59,1165,0.0,0.0,1,0,0,5
59,1166,0.0,0.0,1,0,0,5
59,1167,0.0,0.0,1,0,0,5
59,1168,0.0,0.0,1,0,0,5
59,1169,0.0,0.0,1,0,0,5
59,1170,0.0,0.0,1,0,0,5
59,1171,0.0,0.0,1,0,0,5
59,1172,0.0,0.0,1,0,0,5
59,1173,0.0,0.0,1,0,0,5
59,1174,0.0,0.0,1,0,0,5
59,1175,0.0,0.0,1,0,0,5
59,1176,0.0,0.0,1,0,0,5
59,1177,0.0,0.0,1,0,0,5
59,1178,0.0,0.0,1,0,0,5
59,1179,0.0,0.0,1,0,0,5
59,1180,0.0,0.0,1,0,0,5
59,1181,0.0,0.0,1,0,0,5
59,1182,0.0,0.0,1,0,0,5
59,1183,0.0,0.0,1,0,0,5
59,1184,0.0,0.0,1,0,0,5
59,1185,0.0,0.0,1,0,0,5
59,1186,0.0,0.0,1,0,0,5
59,1187,0.0,0.0,1,0,0,5
59,1188,0.0,0.0,1,0,0,5
59,1189,0.0,0.0,1,0,0,5
59,1190,0.0,0.0,1,0,0,5
59,1191,0.0,0.0,1,0,0,5
59,1192,0.0,0.0,1,0,0,5
59,1193,0.0,0.0,1,0,0,5
59,1194,0.0,0.0,1,0,0,5
59,1195,0.0,0.0,1,0,0,5
59,1196,0.0,0.0,1,0,0,5
59,1197,0.0,0.0,1,0,0,5
59,1198,0.0,0.0,1,0,0,5
59,1199,0.0,0.0,1,0,0,5
59,1200,0.0,0.0,1,0,0,5
59,1201,0.0,0.0,1,0,0,5
59,1202,0.0,0.0,1,0,0,5
59,1203,0.0,0.0,1,0,0,5
59,1204,0.0,0.0,1,0,0,5
59,1205,0.0,0.0,1,0,0,5
59,1206,0.0,0.0,1,0,0,5
59,1207,0.0,0.0,1,0,0,5
59,1208,0.0,0.0,1,0,0,5
59,1209,0.0,0.0,1,0,0,5
59,1210,0.0,0.0,1,0,0,5
59,1211,0.0,0.0,1,0,0,5
59,1212,0.0,0.0,1,0,0,5
59,1213,0.0,0.0,1,0,0,5
59,1214,0.0,0.0,1,0,0,5
59,1215,0.0,0.0,1,0,0,5
59,1216,0.0,0.0,1,0,0,5
59,1217,0.0,0.0,1,0,0,5
59,1218,0.0,0.0,1,0,0,5
59,1219,0.0,0.0,1,0,0,5
59,1220,0.0,0.0,1,0,0,5
59,1221,0.0,0.0,1,0,0,5
59,1222,0.0,0.0,1,0,0,5
59,1223,0.0,0.0,1,0,0,5
59,1224,0.0,0.0,1,0,0,5
59,1225,0.0,0.0,1,0,0,5
59,1226,0.0,0.0,1,0,0,5
59,1227,0.0,0.0,1,0,0,5
59,1228,0.0,0.0,1,0,0,5
59,1229,0.0,0.0,1,0,0,5
59,1230,0.0,0.0,1,0,0,5
59,1231,0.0,1.0,1,0,0,5
59,1232,0.0,1.0,1,0,0,5
59,1233,0.0,1.0,1,0,0,5
59,1234,0.0,1.0,1,0,0,5
59,1235,0.0,1.0,1,0,0,5
59,1236,0.0,1.0,1,0,0,5
59,1237,0.0,1.0,1,0,0,5
59,1238,1.0,1.0,1,0,0,5
59,1239,1.0,1.0,1,0,0,5
59,1240,1.0,1.0,1,0,0,5
59,1241,1.0,1.0,1,0,0,5
59,1242,1.0,1.0,1,0,0,5
59,1243,1.0,1.0,1,0,0,5
59,1244,1.0,1.0,1,0,0,5
59,1245,1.0,1.0,1,0,0,5
59,1246,1.0,1.0,1,0,0,5
59,1247,1.0,1.0,1,0,0,5
59,1248,1.0,1.0,1,0,0,5
59,1249,1.0,1.0,1,0,0,5
59,1250,1.0,1.0,1,0,0,5
59,1251,1.0,1.0,1,0,0,5
59,1252,1.0,1.0,1,0,0,5
59,1253,1.0,1.0,1,0,0,5
59,1254,1.0,1.0,1,0,0,5
59,1255,1.0,1.0,1,0,0,5
59,1256,1.0,1.0,1,0,0,5
59,1257,1.0,1.0,1,0,0,5
59,1258,1.0,1.0,1,0,0,5
59,1259,1.0,1.0,1,0,0,5
59,1260,1.0,1.0,1,0,0,5
59,1261,1.0,1.0,1,0,0,5
59,1262,1.0,1.0,1,0,0,5
59,1263,1.0,1.0,1,0,0,5
59,1264,1.0,1.0,1,0,0,5
59,1265,1.0,1.0,1,0,0,5
59,1266,1.0,1.0,1,0,0,5
59,1267,1.0,1.0,1,0,0,5
59,1268,1.0,1.0,1,0,0,5
59,1269,1.0,1.0,1,0,0,5
59,1270,1.0,1.0,1,0,0,5
59,1271,1.0,1.0,1,0,0,5
59,1272,1.0,1.0,1,0,0,5
59,1273,1.0,1.0,1,0,0,5
59,1274,1.0,1.0,1,0,0,5
59,1275,1.0,1.0,1,0,0,5
59,1276,1.0,1.0,1,0,0,5
59,1277,1.0,1.0,1,0,0,5
59,1278,1.0,1.0,1,0,0,5
59,1279,1.0,1.0,1,0,0,5
59,1280,1.0,1.0,1,0,0,5
59,1281,1.0,1.0,1,0,0,5
59,1282,1.0,1.0,1,0,0,5
59,1283,1.0,1.0,1,0,0,5
59,1284,1.0,1.0,1,0,0,5
59,1285,1.0,1.0,1,0,0,5
59,1286,1.0,1.0,1,0,0,5
59,1287,1.0,1.0,1,0,0,5
59,1288,1.0,1.0,1,0,0,5
59,1289,1.0,1.0,1,0,0,5
59,1290,1.0,1.0,1,0,0,5
59,1291,1.0,1.0,1,0,0,5
59,1292,1.0,1.0,1,0,0,5
59,1293,1.0,1.0,1,0,0,5
59,1294,1.0,1.0,1,0,0,5
59,1295,1.0,1.0,1,0,0,5
59,1296,1.0,1.0,1,0,0,5
59,1297,1.0,1.0,1,0,0,5
59,1298,1.0,1.0,1,0,0,5
59,1299,1.0,1.0,1,0,0,5
59,1300,1.0,1.0,1,0,0,5
59,1301,1.0,1.0,1,0,0,5
59,1302,1.0,1.0,1,0,0,5
59,1303,1.0,1.0,1,0,0,5
59,1304,1.0,1.0,1,0,0,5
59,1305,1.0,1.0,1,0,0,5
59,1306,1.0,1.0,1,0,0,5
59,1307,1.0,1.0,1,0,0,5
59,1308,1.0,1.0,1,0,0,5
59,1309,1.0,1.0,1,0,0,5
59,1310,1.0,1.0,1,0,0,5
59,1311,1.0,1.0,1,0,0,5
59,1312,1.0,1.0,1,0,0,5
59,1313,1.0,1.0,1,0,0,5
59,1314,1.0,1.0,1,0,0,5
59,1315,1.0,1.0,1,0,0,5
59,1316,1.0,1.0,1,0,0,5
59,1317,1.0,1.0,1,0,0,5
59,1318,1.0,1.0,1,0,0,5
59,1319,1.0,1.0,1,0,0,5
59,1320,1.0,1.0,1,0,0,5
59,1321,1.0,1.0,1,0,0,5
59,1322,1.0,1.0,1,0,0,5
59,1323,1.0,1.0,1,0,0,5
59,1324,1.0,1.0,1,0,0,5
59,1325,1.0,1.0,1,0,0,5
59,1326,1.0,1.0,1,0,0,5
59,1327,1.0,1.0,1,0,0,5
59,1328,1.0,1.0,1,0,0,5
59,1329,1.0,1.0,1,0,0,5
59,1330,1.0,1.0,1,0,0,5
59,1331,1.0,1.0,1,0,0,5
59,1332,1.0,1.0,1,0,0,5
59,1333,1.0,1.0,1,0,0,5
59,1334,1.0,1.0,1,0,0,5
59,1335,1.0,1.0,1,0,0,5
59,1336,1.0,1.0,1,0,0,5
59,1337,1.0,1.0,1,0,0,5
59,1338,1.0,1.0,1,0,0,5
59,1339,1.0,1.0,1,0,0,5
59,1340,1.0,1.0,1,0,0,5
59,1341,1.0,1.0,1,0,0,5
59,1342,1.0,1.0,1,0,0,5
59,1343,1.0,1.0,1,0,0,5
59,1344,1.0,1.0,1,0,0,5
59,1345,1.0,1.0,1,0,0,5
59,1346,1.0,1.0,1,0,0,5
59,1347,1.0,1.0,1,0,0,5
59,1348,1.0,1.0,1,0,0,5
59,1349,1.0,1.0,1,0,0,5
59,1350,1.0,1.0,1,0,0,5
59,1351,1.0,1.0,1,0,0,5
59,1352,1.0,1.0,1,0,0,5
59,1353,1.0,1.0,1,0,0,5
59,1354,1.0,1.0,1,0,0,5
59,1355,1.0,1.0,1,0,0,5
59,1356,1.0,1.0,1,0,0,5
59,1357,1.0,1.0,1,0,0,5
59,1358,1.0,1.0,1,0,0,5
59,1359,1.0,1.0,1,0,0,5
59,1360,1.0,1.0,1,0,0,5
59,1361,1.0,1.0,1,0,0,5
59,1362,1.0,1.0,1,0,0,5
59,1363,1.0,1.0,1,0,0,5
59,1364,1.0,1.0,1,0,0,5
59,1365,1.0,1.0,1,0,0,5
59,1366,1.0,1.0,1,0,0,5
59,1367,1.0,1.0,1,0,0,5
59,1368,1.0,1.0,1,0,0,5
59,1369,1.0,1.0,1,0,0,5
59,1370,1.0,1.0,1,0,0,5
59,1371,1.0,1.0,1,0,0,5
59,1372,1.0,1.0,1,0,0,5
59,1373,1.0,1.0,1,0,0,5
59,1374,1.0,1.0,1,0,0,5
59,1375,1.0,1.0,1,0,0,5
59,1376,1.0,1.0,1,0,0,5
59,1377,1.0,1.0,1,0,0,5
59,1378,1.0,1.0,1,0,0,5
59,1379,1.0,1.0,1,0,0,5
59,1380,1.0,1.0,1,0,0,5
59,1381,1.0,1.0,1,0,0,5
59,1382,1.0,1.0,1,0,0,5
59,1383,1.0,1.0,1,0,0,5
59,1384,1.0,1.0,1,0,0,5
59,1385,1.0,1.0,1,0,0,5
59,1386,1.0,1.0,1,0,0,5
59,1387,1.0,1.0,1,0,0,5
59,1388,1.0,1.0,1,0,0,5
59,1389,1.0,1.0,1,0,0,5
59,1390,1.0,1.0,1,0,0,5
59,1391,1.0,1.0,1,0,0,5
59,1392,1.0,1.0,0,0,0,5
59,1393,1.0,1.0,0,0,0,5
59,1394,1.0,1.0,0,0,0,5
59,1395,1.0,1.0,0,0,0,5
59,1396,1.0,1.0,0,0,0,5
59,1397,1.0,1.0,0,0,0,5
59,1398,1.0,1.0,0,0,0,5
59,1399,1.0,1.0,0,0,0,5
59,1400,1.0,1.0,0,0,0,5
59,1401,1.0,1.0,0,0,0,5
59,1402,1.0,1.0,0,0,0,5
59,1403,1.0,1.0,0,0,0,5
59,1404,1.0,0.0,0,0,0,5
59,1405,1.0,0.0,0,0,0,5
59,1406,1.0,0.0,0,0,0,5
59,1407,1.0,0.0,0,0,0,5
59,1408,1.0,0.0,0,0,0,5
59,1409,1.0,0.0,0,0,0,5
59,1410,1.0,0.0,0,0,0,5
59,1411,0.0,0.0,0,0,0,5
59,1412,0.0,0.0,0,0,0,5
59,1413,0.0,0.0,0,0,0,5
59,1414,0.0,0.0,0,0,0,5
59,1415,0.0,0.0,0,0,0,5
59,1416,0.0,0.0,0,0,0,5
59,1417,0.0,0.0,0,0,0,5
59,1418,0.0,0.0,0,0,0,5
59,1419,0.0,0.0,0,0,0,5
59,1420,0.0,0.0,0,0,0,5
59,1421,0.0,0.0,0,0,0,5
59,1422,0.0,0.0,0,0,0,5
59,1423,0.0,0.0,0,0,0,5
59,1424,0.0,0.0,0,0,0,5
59,1425,0.0,0.0,0,0,0,5
59,1426,0.0,0.0,0,0,0,5
59,1427,0.0,0.0,0,0,0,5
59,1428,0.0,0.0,0,0,0,5
59,1429,0.0,0.0,0,0,0,5
59,1430,0.0,0.0,0,0,0,5
59,1431,0.0,0.0,0,0,0,5
59,1432,0.0,0.0,0,0,0,5
59,1433,0.0,0.0,0,0,0,5
59,1434,0.0,0.0,0,0,0,5
59,1435,0.0,0.0,0,0,0,5
59,1436,0.0,0.0,0,0,0,5
59,1437,0.0,0.0,0,0,0,5
59,1438,0.0,0.0,0,0,0,5
59,1439,0.0,0.0,0,0,0,5
59,1440,0.0,0.0,0,0,0,5
59,1441,0.0,0.0,0,0,0,5
59,1442,0.0,0.0,0,0,0,5
59,1443,0.0,0.0,0,0,0,5
59,1444,0.0,0.0,0,0,0,5
59,1445,0.0,0.0,0,0,0,5
59,1446,0.0,0.0,0,0,0,5
59,1447,0.0,0.0,0,0,0,5
59,1448,0.0,0.0,0,0,0,5
59,1449,0.0,0.0,0,0,0,5
59,1450,0.0,0.0,0,0,0,5
59,1451,0.0,0.0,0,0,0,5
59,1452,0.0,0.0,0,0,0,5
59,1453,0.0,0.0,0,0,0,5
59,1454,0.0,0.0,0,0,0,5
59,1455,0.0,0.0,0,0,0,5
59,1456,0.0,0.0,0,0,0,5
59,1457,0.0,0.0,0,0,0,5
59,1458,0.0,0.0,0,0,0,5
59,1459,0.0,0.0,0,0,0,5
59,1460,0.0,0.0,0,0,0,5
59,1461,0.0,0.0,0,0,0,5
59,1462,0.0,0.0,0,0,0,5
59,1463,0.0,0.0,0,0,0,5
59,1464,0.0,0.0,0,0,0,5
59,1465,0.0,0.0,0,0,0,5
59,1466,0.0,0.0,0,0,0,5
59,1467,0.0,0.0,0,0,0,5
59,1468,0.0,0.0,0,0,0,5
59,1469,0.0,0.0,0,0,0,5
59,1470,0.0,0.0,0,0,0,5
59,1471,0.0,0.0,0,0,0,5
59,1472,0.0,0.0,0,0,0,5
59,1473,0.0,0.0,0,0,0,5
59,1474,0.0,0.0,0,0,0,5
59,1475,0.0,0.0,0,0,0,5
59,1476,0.0,0.0,0,0,0,5
59,1477,0.0,0.0,0,0,0,5
59,1478,0.0,0.0,0,0,0,5
59,1479,0.0,0.0,0,0,0,5
59,1480,0.0,0.0,0,0,0,5
59,1481,0.0,0.0,0,0,0,5
59,1482,0.0,0.0,0,0,0,5
59,1483,0.0,0.0,0,0,0,5
59,1484,0.0,0.0,0,0,0,5
59,1485,0.0,0.0,0,0,0,5
59,1486,0.0,0.0,0,0,0,5
59,1487,0.0,0.0,0,0,0,5
59,1488,0.0,0.0,0,0,0,5
59,1489,0.0,0.0,0,0,0,5
59,1490,0.0,0.0,0,0,0,5
59,1491,0.0,0.0,0,0,0,5
59,1492,0.0,0.0,0,0,0,5
59,1493,0.0,0.0,0,0,0,5
59,1494,0.0,0.0,0,0,0,5
59,1495,0.0,0.0,0,0,0,5
59,1496,0.0,0.0,0,0,0,5
59,1497,0.0,0.0,0,0,0,5
59,1498,0.0,0.0,0,0,0,5
59,1499,0.0,0.0,0,0,0,5
59,1500,0.0,0.0,0,0,0,5
59,1501,0.0,0.0,0,0,0,5
59,1502,0.0,0.0,0,0,0,5
59,1503,0.0,0.0,0,0,0,5
59,1504,0.0,0.0,0,0,0,5
59,1505,0.0,0.0,0,0,0,5
59,1506,0.0,0.0,0,0,0,5
59,1507,0.0,0.0,0,0,0,5
59,1508,0.0,0.0,0,0,0,5
59,1509,0.0,0.0,0,0,0,5
59,1510,0.0,0.0,0,0,0,5
59,1511,0.0,0.0,0,0,0,5
59,1512,0.0,0.0,0,0,0,5
59,1513,0.0,0.0,0,0,0,5
59,1514,0.0,0.0,0,0,0,5
59,1515,0.0,0.0,0,0,0,5
59,1516,0.0,0.0,0,0,0,5
59,1517,0.0,0.0,0,0,0,5
59,1518,0.0,0.0,0,0,0,5
59,1519,0.0,0.0,0,0,0,5
59,1520,0.0,0.0,0,0,0,5
59,1521,0.0,0.0,0,0,0,5
59,1522,0.0,0.0,0,0,0,5
59,1523,0.0,0.0,0,0,0,5
59,1524,0.0,0.0,0,0,0,5
59,1525,0.0,0.0,0,0,0,5
59,1526,0.0,0.0,0,0,0,5
59,1527,0.0,0.0,0,0,0,5
59,1528,0.0,0.0,0,0,0,5
59,1529,0.0,0.0,0,0,0,5
59,1530,0.0,0.0,0,0,0,5
59,1531,0.0,0.0,0,0,0,5
59,1532,0.0,0.0,0,0,0,5
59,1533,0.0,0.0,0,0,0,5
59,1534,0.0,0.0,0,0,0,5
59,1535,0.0,0.0,0,0,0,5
59,1536,0.0,0.0,0,0,0,5
59,1537,0.0,0.0,0,0,0,5
59,1538,0.0,0.0,0,0,0,5
59,1539,0.0,0.0,0,0,0,5
59,1540,0.0,0.0,0,0,0,5
59,1541,0.0,0.0,0,0,0,5
59,1542,0.0,0.0,0,0,0,5
59,1543,0.0,0.0,0,0,0,5
59,1544,0.0,0.0,0,0,0,5
59,1545,0.0,0.0,0,0,0,5
59,1546,0.0,0.0,0,0,0,5
59,1547,0.0,0.0,0,0,0,5
59,1548,0.0,0.0,0,0,0,5
59,1549,0.0,0.0,0,0,0,5
59,1550,0.0,0.0,0,0,0,5
59,1551,0.0,0.0,0,0,0,5
59,1552,0.0,0.0,0,0,0,5
59,1553,0.0,0.0,0,0,0,5
59,1554,0.0,0.0,0,0,0,5
59,1555,0.0,0.0,0,0,0,5
59,1556,0.0,0.0,0,0,0,5
59,1557,0.0,0.0,0,0,0,5
59,1558,0.0,0.0,0,0,0,5
59,1559,0.0,0.0,0,0,0,5
59,1560,0.0,0.0,0,0,0,5
59,1561,0.0,0.0,0,0,0,5
59,1562,0.0,0.0,0,0,0,5
59,1563,0.0,0.0,0,0,0,5
59,1564,0.0,0.0,0,0,0,5
59,1565,0.0,0.0,0,0,0,5
59,1566,0.0,0.0,0,0,0,5
59,1567,0.0,0.0,0,0,0,5
59,1568,0.0,0.0,0,0,0,5
59,1569,0.0,0.0,0,0,0,5
59,1570,0.0,0.0,0,0,0,5
59,1571,0.0,0.0,0,0,0,5
59,1572,0.0,0.0,0,0,0,5
59,1573,0.0,0.0,0,0,0,5
59,1574,0.0,0.0,0,0,0,5
59,1575,0.0,0.0,0,0,0,5
59,1576,0.0,0.0,0,0,0,5
59,1577,0.0,0.0,0,0,0,5
59,1578,0.0,0.0,0,0,0,5
59,1579,0.0,0.0,0,0,0,5
59,1580,0.0,0.0,0,0,0,5
59,1581,0.0,0.0,0,0,0,5
59,1582,0.0,0.0,0,0,0,5
59,1583,0.0,0.0,0,0,0,5
59,1584,0.0,0.0,0,0,0,5
59,1585,0.0,0.0,0,0,0,5
59,1586,0.0,0.0,0,0,0,5
59,1587,0.0,0.0,0,0,0,5
59,1588,0.0,0.0,0,0,0,5
59,1589,0.0,0.0,0,0,0,5
59,1590,0.0,0.0,0,0,0,5
59,1591,0.0,0.0,0,0,0,5
59,1592,0.0,0.0,0,0,0,5
59,1593,0.0,0.0,0,0,0,5
59,1594,0.0,0.0,0,0,0,5
59,1595,0.0,1.0,0,0,0,5
59,1596,0.0,1.0,0,0,0,5
59,1597,0.0,1.0,0,0,0,5
59,1598,0.0,1.0,0,0,0,5
59,1599,0.0,1.0,0,0,0,5
59,1600,0.0,1.0,0,0,0,5
59,1601,0.0,1.0,0,0,0,5
59,1602,1.0,1.0,0,0,0,5
59,1603,1.0,1.0,0,0,0,5
59,1604,1.0,1.0,0,0,0,5
59,1605,1.0,1.0,0,0,0,5
59,1606,1.0,1.0,0,0,0,5
59,1607,1.0,1.0,0,0,0,5
59,1608,1.0,1.0,0,0,0,5
59,1609,1.0,1.0,0,0,0,5
59,1610,1.0,1.0,0,0,0,5
59,1611,1.0,1.0,0,0,0,5
59,1612,1.0,1.0,0,0,0,5
59,1613,1.0,1.0,0,0,0,5
59,1614,1.0,1.0,0,1,0,5
59,1615,1.0,1.0,0,1,0,5
59,1616,1.0,1.0,0,1,0,5
59,1617,1.0,1.0,0,1,0,5
59,1618,1.0,1.0,0,1,0,5
59,1619,1.0,1.0,0,1,0,5
59,1620,1.0,1.0,0,1,0,5
59,1621,1.0,1.0,0,1,0,5
59,1622,1.0,1.0,0,1,0,5
59,1623,1.0,1.0,0,1,0,5
59,1624,1.0,1.0,0,1,0,5
59,1625,1.0,1.0,0,1,0,5
59,1626,1.0,1.0,0,1,0,5
59,1627,1.0,1.0,0,1,0,5
59,1628,1.0,1.0,0,1,0,5
59,1629,1.0,1.0,0,1,0,5
59,1630,1.0,1.0,0,1,0,5
59,1631,1.0,1.0,0,1,0,5
59,1632,1.0,1.0,0,1,0,5
59,1633,1.0,1.0,0,1,0,5
59,1634,1.0,1.0,0,1,0,5
59,1635,1.0,1.0,0,1,0,5
59,1636,1.0,1.0,0,1,0,5
59,1637,1.0,1.0,0,1,0,5
59,1638,1.0,1.0,0,1,0,5
59,1639,1.0,1.0,0,1,0,5
59,1640,1.0,1.0,0,1,0,5
59,1641,1.0,1.0,0,1,0,5
59,1642,1.0,1.0,0,1,0,5
59,1643,1.0,1.0,0,1,0,5
59,1644,1.0,1.0,0,1,0,5
59,1645,1.0,1.0,0,1,0,5
59,1646,1.0,1.0,0,1,0,5
59,1647,1.0,1.0,0,1,0,5
59,1648,1.0,1.0,0,1,0,5
59,1649,1.0,1.0,0,1,0,5
59,1650,1.0,1.0,0,1,0,5
59,1651,1.0,1.0,0,1,0,5
59,1652,1.0,1.0,0,1,0,5
59,1653,1.0,1.0,0,1,0,5
59,1654,1.0,1.0,0,1,0,5
59,1655,1.0,1.0,0,1,0,5
59,1656,1.0,1.0,0,1,0,5
59,1657,1.0,1.0,0,1,0,5
59,1658,1.0,1.0,0,1,0,5
59,1659,1.0,1.0,0,1,0,5
59,1660,1.0,1.0,0,1,0,5
59,1661,1.0,1.0,0,1,0,5
59,1662,1.0,1.0,0,1,0,5
59,1663,1.0,1.0,0,1,0,5
59,1664,1.0,1.0,0,1,0,5
59,1665,1.0,1.0,0,1,0,5
59,1666,1.0,1.0,0,1,0,5
59,1667,1.0,1.0,0,1,0,5
59,1668,1.0,1.0,0,1,0,5
59,1669,1.0,1.0,0,1,0,5
59,1670,1.0,1.0,0,1,0,5
59,1671,1.0,1.0,0,1,0,5
59,1672,1.0,1.0,0,1,0,5
59,1673,1.0,1.0,0,1,0,5
59,1674,1.0,1.0,0,1,0,5
59,1675,1.0,1.0,0,1,0,5
59,1676,1.0,1.0,0,1,0,5
59,1677,1.0,1.0,0,1,0,5
59,1678,1.0,1.0,0,1,0,5
59,1679,1.0,1.0,0,1,0,5
59,1680,1.0,1.0,0,1,0,5
59,1681,1.0,1.0,0,1,0,5
59,1682,1.0,1.0,0,1,0,5
59,1683,1.0,1.0,0,1,0,5
59,1684,1.0,1.0,0,1,0,5
59,1685,1.0,1.0,0,1,0,5
59,1686,1.0,1.0,0,1,0,5
59,1687,1.0,1.0,0,1,0,5
59,1688,1.0,1.0,0,1,0,5
59,1689,1.0,1.0,0,1,0,5
59,1690,1.0,1.0,0,1,0,5
59,1691,1.0,1.0,0,1,0,5
59,1692,1.0,1.0,0,1,0,5
59,1693,1.0,1.0,0,1,0,5
59,1694,1.0,1.0,0,1,0,5
59,1695,1.0,1.0,0,1,0,5
59,1696,1.0,1.0,0,1,0,5
59,1697,1.0,1.0,0,1,0,5
59,1698,1.0,1.0,0,1,0,5
59,1699,1.0,1.0,0,1,0,5
59,1700,1.0,1.0,0,1,0,5
59,1701,1.0,1.0,0,1,0,5
59,1702,1.0,1.0,0,1,0,5
59,1703,1.0,1.0,0,1,0,5
59,1704,1.0,1.0,0,1,0,5
59,1705,1.0,1.0,0,1,0,5
59,1706,1.0,1.0,0,1,0,5
59,1707,1.0,1.0,0,1,0,5
59,1708,1.0,1.0,0,1,0,5
59,1709,1.0,1.0,0,1,0,5
59,1710,1.0,1.0,0,1,0,5
59,1711,1.0,1.0,0,1,0,5
59,1712,1.0,1.0,0,1,0,5
59,1713,1.0,1.0,0,1,0,5
59,1714,1.0,1.0,0,1,0,5
59,1715,1.0,1.0,0,1,0,5
59,1716,1.0,1.0,0,1,0,5
59,1717,1.0,1.0,0,1,0,5
59,1718,1.0,1.0,0,1,0,5
59,1719,1.0,1.0,0,1,0,5
59,1720,1.0,1.0,0,1,0,5
59,1721,1.0,1.0,0,1,0,5
59,1722,1.0,1.0,0,1,0,5
59,1723,1.0,1.0,0,1,0,5
59,1724,1.0,1.0,0,1,0,5
59,1725,1.0,1.0,0,1,0,5
59,1726,1.0,1.0,0,1,0,5
59,1727,1.0,1.0,0,1,0,5
59,1728,1.0,1.0,0,1,0,5
59,1729,1.0,1.0,0,1,0,5
59,1730,1.0,1.0,0,1,0,5
59,1731,1.0,1.0,0,1,0,5
59,1732,1.0,1.0,0,1,0,5
59,1733,1.0,1.0,0,1,0,5
59,1734,1.0,1.0,0,1,0,5
59,1735,1.0,1.0,0,1,0,5
59,1736,1.0,1.0,0,1,0,5
59,1737,1.0,1.0,0,1,0,5
59,1738,1.0,1.0,0,1,0,5
59,1739,1.0,1.0,0,1,0,5
59,1740,1.0,1.0,0,1,0,5
59,1741,1.0,1.0,0,1,0,5
59,1742,1.0,1.0,0,1,0,5
59,1743,1.0,1.0,0,1,0,5
59,1744,1.0,1.0,0,1,0,5
59,1745,1.0,1.0,0,1,0,5
59,1746,1.0,1.0,0,1,0,5
59,1747,1.0,1.0,0,1,0,5
59,1748,1.0,1.0,0,1,0,5
59,1749,1.0,1.0,0,1,0,5
59,1750,1.0,1.0,0,1,0,5
59,1751,1.0,1.0,0,1,0,5
59,1752,1.0,1.0,0,1,0,5
59,1753,1.0,1.0,0,1,0,5
59,1754,1.0,1.0,0,1,0,5
59,1755,1.0,1.0,0,1,0,5
59,1756,1.0,1.0,0,1,0,5
59,1757,1.0,1.0,0,1,0,5
59,1758,1.0,1.0,0,1,0,5
59,1759,1.0,1.0,0,1,0,5
59,1760,1.0,1.0,0,1,0,5
59,1761,1.0,1.0,0,1,0,5
59,1762,1.0,1.0,0,1,0,5
59,1763,1.0,1.0,0,1,0,5
59,1764,1.0,1.0,0,1,0,5
59,1765,1.0,1.0,0,1,0,5
59,1766,1.0,1.0,0,1,0,5
59,1767,1.0,1.0,0,1,0,5
59,1768,1.0,1.0,0,1,0,5
59,1769,1.0,1.0,0,1,0,5
59,1770,1.0,1.0,0,1,0,5
59,1771,1.0,1.0,0,1,0,5
59,1772,1.0,1.0,0,1,0,5
59,1773,1.0,1.0,0,1,0,5
59,1774,1.0,1.0,0,1,0,5
59,1775,1.0,1.0,0,1,0,5
59,1776,1.0,1.0,0,1,0,5
59,1777,1.0,1.0,0,1,0,5
59,1778,1.0,1.0,0,1,0,5
59,1779,1.0,1.0,0,1,0,5
59,1780,1.0,1.0,0,1,0,5
59,1781,1.0,1.0,0,1,0,5
59,1782,1.0,1.0,0,1,0,5
59,1783,1.0,1.0,0,1,0,5
59,1784,1.0,1.0,0,1,0,5
59,1785,1.0,1.0,0,1,0,5
59,1786,1.0,1.0,0,1,0,5
59,1787,1.0,1.0,0,1,0,5
59,1788,1.0,1.0,0,1,0,5
59,1789,1.0,1.0,0,1,0,5
59,1790,1.0,1.0,0,1,0,5
59,1791,1.0,1.0,0,1,0,5
59,1792,1.0,1.0,0,1,0,5
59,1793,1.0,1.0,0,1,0,5
59,1794,1.0,1.0,0,1,0,5
59,1795,1.0,1.0,0,1,0,5
59,1796,1.0,1.0,0,1,0,5
59,1797,1.0,1.0,0,1,0,5
59,1798,1.0,1.0,0,1,0,5
59,1799,1.0,1.0,0,1,0,5
59,1800,1.0,1.0,0,1,0,5
59,1801,1.0,1.0,0,1,0,5
59,1802,1.0,1.0,0,1,0,5
59,1803,1.0,1.0,0,1,0,5
59,1804,1.0,1.0,0,1,0,5
59,1805,1.0,1.0,0,1,0,5
59,1806,1.0,1.0,0,1,0,5
59,1807,1.0,1.0,0,1,0,5
59,1808,1.0,1.0,0,1,0,5
59,1809,1.0,1.0,0,1,0,5
59,1810,1.0,1.0,0,1,0,5
59,1811,1.0,1.0,0,1,0,5
59,1812,1.0,1.0,0,1,0,5
59,1813,1.0,1.0,0,1,0,5
59,1814,1.0,1.0,0,1,0,5
59,1815,1.0,1.0,0,1,0,5
59,1816,1.0,1.0,0,1,0,5
59,1817,1.0,1.0,0,1,0,5
59,1818,1.0,1.0,0,1,0,5
59,1819,1.0,1.0,0,1,0,5
59,1820,1.0,1.0,0,1,0,5
59,1821,1.0,1.0,0,1,0,5
59,1822,1.0,1.0,0,1,0,5
59,1823,1.0,1.0,0,1,0,5
59,1824,1.0,1.0,0,1,0,5
59,1825,1.0,1.0,0,1,0,5
59,1826,1.0,1.0,0,1,0,5
59,1827,1.0,1.0,0,1,0,5
59,1828,1.0,1.0,0,1,0,5
59,1829,1.0,1.0,0,1,0,5
59,1830,1.0,1.0,0,1,0,5
59,1831,1.0,1.0,0,1,0,5
59,1832,1.0,1.0,0,1,0,5
59,1833,1.0,1.0,0,1,0,5
59,1834,1.0,1.0,0,1,0,5
59,1835,1.0,1.0,0,1,0,5
59,1836,1.0,1.0,0,1,0,5
59,1837,1.0,1.0,0,1,0,5
59,1838,1.0,1.0,0,1,0,5
59,1839,1.0,1.0,0,1,0,5
59,1840,1.0,1.0,0,1,0,5
59,1841,1.0,1.0,0,1,0,5
59,1842,1.0,1.0,0,1,0,5
59,1843,1.0,1.0,0,1,0,5
59,1844,1.0,1.0,0,1,0,5
59,1845,1.0,1.0,0,1,0,5
59,1846,1.0,1.0,0,1,0,5
59,1847,1.0,1.0,0,1,0,5
59,1848,1.0,1.0,0,1,0,5
59,1849,1.0,1.0,0,1,0,5
59,1850,1.0,1.0,0,1,0,5
59,1851,1.0,1.0,0,1,0,5
59,1852,1.0,1.0,0,1,0,5
59,1853,1.0,1.0,0,1,0,5
59,1854,1.0,1.0,0,1,0,5
59,1855,1.0,1.0,0,1,0,5
59,1856,1.0,1.0,0,1,0,5
59,1857,1.0,1.0,0,1,0,5
59,1858,1.0,1.0,0,1,0,5
59,1859,1.0,1.0,0,1,0,5
59,1860,1.0,1.0,0,1,0,5
59,1861,1.0,1.0,0,1,0,5
59,1862,1.0,1.0,0,1,0,5
59,1863,1.0,1.0,0,1,0,5
59,1864,1.0,1.0,0,1,0,5
59,1865,1.0,1.0,0,1,0,5
59,1866,1.0,1.0,0,1,0,5
59,1867,1.0,1.0,0,1,0,5
59,1868,1.0,1.0,0,1,0,5
59,1869,1.0,1.0,0,1,0,5
59,1870,1.0,1.0,0,1,0,5
59,1871,1.0,1.0,0,1,0,5
59,1872,1.0,1.0,0,1,0,5
59,1873,1.0,1.0,0,1,0,5
59,1874,1.0,1.0,0,1,0,5
59,1875,1.0,1.0,0,1,0,5
59,1876,1.0,1.0,0,1,0,5
59,1877,1.0,1.0,0,1,0,5
59,1878,1.0,1.0,0,1,0,5
59,1879,1.0,1.0,0,1,0,5
59,1880,1.0,1.0,0,1,0,5
59,1881,1.0,1.0,0,1,0,5
59,1882,1.0,1.0,0,1,0,5
59,1883,1.0,1.0,0,1,0,5
59,1884,1.0,1.0,0,1,0,5
59,1885,1.0,1.0,0,1,0,5
59,1886,1.0,1.0,0,1,0,5
59,1887,1.0,1.0,0,1,0,5
59,1888,1.0,1.0,0,1,0,5
59,1889,1.0,1.0,0,1,0,5
59,1890,1.0,1.0,0,1,0,5
59,1891,1.0,1.0,0,1,0,5
59,1892,1.0,1.0,0,1,0,5
59,1893,1.0,1.0,0,1,0,5
59,1894,1.0,1.0,0,1,0,5
59,1895,1.0,1.0,0,1,0,5
59,1896,1.0,1.0,0,1,0,5
59,1897,1.0,1.0,0,1,0,5
59,1898,1.0,1.0,0,1,0,5
59,1899,1.0,1.0,0,1,0,5
59,1900,1.0,1.0,0,1,0,5
59,1901,1.0,1.0,0,1,0,5
59,1902,1.0,1.0,0,1,0,5
59,1903,1.0,1.0,0,1,0,5
59,1904,1.0,1.0,0,1,0,5
59,1905,1.0,1.0,0,1,0,5
59,1906,1.0,1.0,0,1,0,5
59,1907,1.0,1.0,0,1,0,5
59,1908,1.0,1.0,0,1,0,5
59,1909,1.0,1.0,0,1,0,5
59,1910,1.0,1.0,0,1,0,5
59,1911,1.0,1.0,0,1,0,5
59,1912,1.0,1.0,0,1,0,5
59,1913,1.0,1.0,0,1,0,5
59,1914,1.0,1.0,0,1,0,5
59,1915,1.0,1.0,0,1,0,5
59,1916,1.0,1.0,0,1,0,5
59,1917,1.0,1.0,0,1,0,5
59,1918,1.0,1.0,0,1,0,5
59,1919,1.0,1.0,0,1,0,5
59,1920,1.0,1.0,0,1,0,5
59,1921,1.0,1.0,0,1,0,5
59,1922,1.0,1.0,0,1,0,5
59,1923,1.0,1.0,0,1,0,5
59,1924,1.0,1.0,0,1,0,5
59,1925,1.0,1.0,0,1,0,5
59,1926,1.0,1.0,0,1,0,5
59,1927,1.0,1.0,0,1,0,5
59,1928,1.0,1.0,0,1,0,5
59,1929,1.0,1.0,0,1,0,5
59,1930,1.0,1.0,0,1,0,5
59,1931,1.0,1.0,0,1,0,5
59,1932,1.0,1.0,0,1,0,5
59,1933,1.0,1.0,0,1,0,5
59,1934,1.0,1.0,0,1,0,5
59,1935,1.0,1.0,0,1,0,5
59,1936,1.0,1.0,0,1,0,5
59,1937,1.0,1.0,0,1,0,5
59,1938,1.0,1.0,0,1,0,5
59,1939,1.0,1.0,0,1,0,5
59,1940,1.0,1.0,0,1,0,5
59,1941,1.0,1.0,0,1,0,5
59,1942,1.0,1.0,0,1,0,5
59,1943,1.0,1.0,0,1,0,5
59,1944,1.0,1.0,0,1,0,5
59,1945,1.0,1.0,0,1,0,5
59,1946,1.0,1.0,0,1,0,5
59,1947,1.0,1.0,0,1,0,5
59,1948,1.0,1.0,0,1,0,5
59,1949,1.0,1.0,0,1,0,5
59,1950,1.0,1.0,0,1,0,5
59,1951,1.0,1.0,0,1,0,5
59,1952,1.0,1.0,0,1,0,5
59,1953,1.0,1.0,0,1,0,5
59,1954,1.0,1.0,0,1,0,5
59,1955,1.0,1.0,0,1,0,5
59,1956,1.0,1.0,0,1,0,5
59,1957,1.0,1.0,0,1,0,5
59,1958,1.0,1.0,0,1,0,5
59,1959,1.0,1.0,0,1,0,5
59,1960,1.0,1.0,0,1,0,5
59,1961,1.0,1.0,0,1,0,5
59,1962,1.0,1.0,0,1,0,5
59,1963,1.0,1.0,0,1,0,5
59,1964,1.0,1.0,0,1,0,5
59,1965,1.0,1.0,0,1,0,5
59,1966,1.0,1.0,0,1,0,5
59,1967,1.0,1.0,0,1,0,5
59,1968,1.0,1.0,0,1,0,5
59,1969,1.0,1.0,0,1,0,5
59,1970,1.0,1.0,0,1,0,5
59,1971,1.0,1.0,0,1,0,5
59,1972,1.0,1.0,0,1,0,5
59,1973,1.0,1.0,0,1,0,5
59,1974,1.0,1.0,0,1,0,5
59,1975,1.0,1.0,0,1,0,5
59,1976,1.0,1.0,0,1,0,5
59,1977,1.0,1.0,0,1,0,5
59,1978,1.0,1.0,0,1,0,5
59,1979,1.0,1.0,0,1,0,5
59,1980,1.0,1.0,0,1,0,5
59,1981,1.0,1.0,0,1,0,5
59,1982,1.0,1.0,0,1,0,5
59,1983,1.0,1.0,0,1,0,5
59,1984,1.0,1.0,0,1,0,5
59,1985,1.0,1.0,0,1,0,5
59,1986,1.0,1.0,0,1,0,5
59,1987,1.0,1.0,0,1,0,5
59,1988,1.0,1.0,0,1,0,5
59,1989,1.0,1.0,0,1,0,5
59,1990,1.0,1.0,0,1,0,5
59,1991,1.0,1.0,0,1,0,5
59,1992,1.0,1.0,0,1,0,5
59,1993,1.0,1.0,0,1,0,5
59,1994,1.0,1.0,0,1,0,5
59,1995,1.0,1.0,0,1,0,5
59,1996,1.0,1.0,0,1,0,5
59,1997,1.0,1.0,0,1,0,5
59,1998,1.0,1.0,0,1,0,5
59,1999,1.0,1.0,0,1,0,5
60,0,0.0,0.0,0,0,0,5
60,1,0.0,0.0,0,0,0,5
60,2,0.0,0.0,0,0,0,5
60,3,0.0,0.0,0,0,0,5
60,4,0.0,0.0,0,0,0,5
60,5,0.0,0.0,0,0,0,5
60,6,0.0,0.0,0,0,0,5
60,7,0.0,0.0,0,0,0,5
60,8,0.0,0.0,0,0,0,5
60,9,0.0,0.0,0,0,0,5
60,10,0.0,0.0,0,0,0,5
60,11,0.0,0.0,0,0,0,5
60,12,0.0,0.0,0,0,0,5
60,13,0.0,0.0,0,0,0,5
60,14,0.0,0.0,0,0,0,5
60,15,0.0,0.0,0,0,0,5
60,16,0.0,0.0,0,0,0,5
60,17,0.0,0.0,0,0,0,5
60,18,0.0,0.0,0,0,0,5
60,19,0.0,0.0,0,0,0,5
60,20,0.0,0.0,0,0,0,5
60,21,0.0,0.0,0,0,0,5
60,22,0.0,0.0,0,0,0,5
60,23,0.0,0.0,0,0,0,5
60,24,0.0,0.0,0,0,0,5
60,25,0.0,0.0,0,0,0,5
60,26,0.0,0.0,0,0,0,5
60,27,0.0,0.0,0,0,0,5
60,28,0.0,0.0,0,0,0,5
60,29,0.0,0.0,0,0,0,5
60,30,0.0,0.0,0,0,0,5
60,31,0.0,0.0,0,0,0,5
60,32,0.0,0.0,0,0,0,5
60,33,0.0,0.0,0,0,0,5
60,34,0.0,0.0,0,0,0,5
60,35,0.0,0.0,0,0,0,5
60,36,0.0,0.0,0,0,0,5
60,37,0.0,0.0,0,0,0,5
60,38,0.0,0.0,0,0,0,5
60,39,0.0,0.0,0,0,0,5
60,40,0.0,0.0,0,0,0,5
60,41,0.0,0.0,0,0,0,5
60,42,0.0,0.0,0,0,0,5
60,43,0.0,0.0,0,0,0,5
60,44,0.0,0.0,0,0,0,5
60,45,0.0,0.0,0,0,0,5
60,46,0.0,0.0,0,0,0,5
60,47,0.0,0.0,0,0,0,5
60,48,0.0,0.0,0,0,0,5
60,49,0.0,0.0,0,0,0,5
60,50,0.0,0.0,0,0,0,5
60,51,0.0,0.0,0,0,0,5
60,52,0.0,0.0,0,0,0,5
60,53,0.0,0.0,0,0,0,5
60,54,0.0,0.0,0,0,0,5
60,55,0.0,0.0,0,0,0,5
60,56,0.0,0.0,0,0,0,5
60,57,0.0,0.0,0,0,0,5
60,58,0.0,0.0,0,0,0,5
60,59,0.0,0.0,0,0,0,5
60,60,0.0,0.0,0,0,0,5
60,61,0.0,0.0,0,0,0,5
60,62,0.0,0.0,0,0,0,5
60,63,0.0,0.0,0,0,0,5
60,64,0.0,0.0,0,0,0,5
60,65,0.0,0.0,0,0,0,5
60,66,0.0,0.0,0,0,0,5
60,67,0.0,0.0,0,0,0,5
60,68,0.0,0.0,0,0,0,5
60,69,0.0,0.0,0,0,0,5
60,70,0.0,0.0,0,0,0,5
60,71,0.0,0.0,0,0,0,5
60,72,0.0,0.0,0,0,0,5
60,73,0.0,0.0,0,0,0,5
60,74,0.0,0.0,0,0,0,5
60,75,0.0,0.0,0,0,0,5
60,76,0.0,0.0,0,0,0,5
60,77,0.0,0.0,0,0,0,5
60,78,0.0,0.0,0,0,0,5
60,79,0.0,0.0,0,0,0,5
60,80,0.0,0.0,0,0,0,5
60,81,0.0,0.0,0,0,0,5
60,82,0.0,0.0,0,0,0,5
60,83,0.0,0.0,0,0,0,5
60,84,0.0,0.0,0,0,0,5
60,85,0.0,0.0,0,0,0,5
60,86,0.0,0.0,0,0,0,5
60,87,0.0,0.0,0,0,0,5
60,88,0.0,0.0,0,0,0,5
60,89,0.0,0.0,0,0,0,5
60,90,0.0,0.0,0,0,0,5
60,91,0.0,0.0,0,0,0,5
60,92,0.0,0.0,0,0,0,5
60,93,0.0,0.0,0,0,0,5
60,94,0.0,0.0,0,0,0,5
60,95,0.0,0.0,0,0,0,5
60,96,0.0,0.0,0,0,0,5
60,97,0.0,0.0,0,0,0,5
60,98,0.0,0.0,0,0,0,5
60,99,0.0,0.0,0,0,0,5
60,100,0.0,0.0,0,0,0,5
60,101,0.0,0.0,0,0,0,5
60,102,0.0,0.0,0,0,0,5
60,103,0.0,0.0,0,0,0,5
60,104,0.0,0.0,0,0,0,5
60,105,0.0,0.0,0,0,0,5
60,106,0.0,0.0,0,0,0,5
60,107,0.0,0.0,0,0,0,5
60,108,0.0,0.0,0,0,0,5
60,109,0.0,0.0,0,0,0,5
60,110,0.0,0.0,0,0,0,5
60,111,0.0,0.0,0,0,0,5
60,112,0.0,0.0,0,0,0,5
60,113,0.0,0.0,0,0,0,5
60,114,0.0,0.0,0,0,0,5
60,115,0.0,0.0,0,0,0,5
60,116,0.0,0.0,0,0,0,5
60,117,0.0,0.0,0,0,0,5
60,118,0.0,0.0,0,0,0,5
60,119,0.0,0.0,0,0,0,5
60,120,0.0,0.0,0,0,0,5
60,121,0.0,0.0,0,0,0,5
60,122,0.0,0.0,0,0,0,5
60,123,0.0,0.0,0,0,0,5
60,124,0.0,0.0,0,0,0,5
60,125,0.0,0.0,0,0,0,5
60,126,0.0,0.0,0,0,0,5
60,127,0.0,0.0,0,0,0,5
60,128,0.0,0.0,0,0,0,5
60,129,0.0,0.0,0,0,0,5
60,130,0.0,0.0,0,0,0,5
60,131,0.0,0.0,0,0,0,5
60,132,0.0,0.0,0,0,0,5
60,133,0.0,0.0,0,0,0,5
60,134,0.0,0.0,0,0,0,5
60,135,0.0,0.0,0,0,0,5
60,136,0.0,0.0,0,0,0,5
60,137,0.0,0.0,0,0,0,5
60,138,0.0,0.0,0,0,0,5
60,139,0.0,0.0,0,0,0,5
60,140,0.0,0.0,0,0,0,5
60,141,0.0,0.0,0,0,0,5
60,142,0.0,0.0,0,0,0,5
60,143,0.0,0.0,0,0,0,5
60,144,0.0,0.0,0,0,0,5
60,145,0.0,0.0,0,0,0,5
60,146,0.0,0.0,0,0,0,5
60,147,0.0,0.0,0,0,0,5
60,148,0.0,0.0,0,0,0,5
60,149,0.0,0.0,0,0,0,5
60,150,0.0,0.0,0,0,0,5
60,151,0.0,0.0,0,0,0,5
60,152,0.0,0.0,0,0,0,5
60,153,0.0,0.0,0,0,0,5
60,154,0.0,0.0,0,0,0,5
60,155,0.0,0.0,0,0,0,5
60,156,0.0,0.0,0,0,0,5
60,157,0.0,0.0,0,0,0,5
60,158,0.0,0.0,0,0,0,5
60,159,0.0,0.0,0,0,0,5
60,160,0.0,0.0,0,0,0,5
60,161,0.0,0.0,0,0,0,5
60,162,0.0,0.0,0,0,0,5
60,163,0.0,0.0,0,0,0,5
60,164,0.0,0.0,0,0,0,5
60,165,0.0,0.0,0,0,0,5
60,166,0.0,0.0,0,0,0,5
60,167,0.0,0.0,0,0,0,5
60,168,0.0,0.0,0,0,0,5
60,169,0.0,0.0,0,0,0,5
60,170,0.0,0.0,0,0,0,5
60,171,0.0,0.0,0,0,0,5
60,172,0.0,0.0,0,0,0,5
60,173,0.0,0.0,0,0,0,5
60,174,0.0,0.0,0,0,0,5
60,175,0.0,0.0,0,0,0,5
60,176,0.0,0.0,0,0,0,5
60,177,0.0,0.0,0,0,0,5
60,178,0.0,0.0,0,0,0,5
60,179,0.0,0.0,0,0,0,5
60,180,0.0,0.0,0,0,0,5
60,181,0.0,0.0,0,0,0,5
60,182,0.0,0.0,0,0,0,5
60,183,0.0,0.0,0,0,0,5
60,184,0.0,0.0,0,0,0,5
60,185,0.0,0.0,0,0,0,5
60,186,0.0,0.0,0,0,0,5
60,187,0.0,0.0,0,0,0,5
60,188,0.0,0.0,0,0,0,5
60,189,0.0,0.0,0,0,0,5
60,190,0.0,0.0,0,0,0,5
60,191,0.0,0.0,0,0,0,5
60,192,0.0,0.0,0,0,0,5
60,193,0.0,0.0,0,0,0,5
60,194,0.0,0.0,0,0,0,5
60,195,0.0,0.0,0,0,0,5
60,196,0.0,0.0,0,0,0,5
60,197,0.0,0.0,0,0,0,5
60,198,0.0,0.0,0,0,0,5
60,199,0.0,0.0,0,0,0,5
60,200,0.0,0.0,0,0,0,5
60,201,0.0,0.0,0,0,0,5
60,202,0.0,0.0,0,0,0,5
60,203,0.0,0.0,0,0,0,5
60,204,0.0,0.0,0,0,0,5
60,205,0.0,0.0,0,0,0,5
60,206,0.0,0.0,0,0,0,5
60,207,0.0,0.0,0,0,0,5
60,208,0.0,0.0,0,0,0,5
60,209,0.0,0.0,0,0,0,5
60,210,0.0,0.0,0,0,0,5
60,211,0.0,0.0,0,0,0,5
60,212,0.0,0.0,0,0,0,5
60,213,0.0,0.0,0,0,0,5
60,214,0.0,0.0,0,0,0,5
60,215,0.0,0.0,0,0,0,5
60,216,0.0,0.0,0,0,0,5
60,217,0.0,0.0,0,0,0,5
60,218,0.0,0.0,0,0,0,5
60,219,0.0,0.0,0,0,0,5
60,220,0.0,0.0,0,0,0,5
60,221,0.0,0.0,0,0,0,5
60,222,0.0,0.0,0,0,0,5
60,223,0.0,0.0,0,0,0,5
60,224,0.0,0.0,0,0,0,5
60,225,0.0,0.0,0,0,0,5
60,226,0.0,0.0,0,0,0,5
60,227,0.0,0.0,0,0,0,5
60,228,0.0,0.0,0,0,0,5
60,229,0.0,0.0,0,0,0,5
60,230,0.0,0.0,0,0,0,5
60,231,0.0,0.0,0,0,0,5
60,232,0.0,0.0,0,0,0,5
60,233,0.0,0.0,0,0,0,5
60,234,0.0,0.0,0,0,0,5
60,235,0.0,0.0,0,0,0,5
60,236,0.0,0.0,0,0,0,5
60,237,0.0,0.0,0,0,0,5
60,238,0.0,0.0,0,0,0,5
60,239,0.0,0.0,0,0,0,5
60,240,0.0,0.0,0,0,0,5
60,241,0.0,0.0,0,0,0,5
60,242,0.0,0.0,0,0,0,5
60,243,0.0,0.0,0,0,0,5
60,244,0.0,0.0,0,0,0,5
60,245,0.0,0.0,0,0,0,5
60,246,0.0,0.0,0,0,0,5
60,247,0.0,0.0,0,0,0,5
60,248,0.0,0.0,0,0,0,5
60,249,0.0,0.0,0,0,0,5
60,250,0.0,0.0,0,0,0,5
60,251,0.0,0.0,0,0,0,5
60,252,0.0,0.0,0,0,0,5
60,253,0.0,0.0,0,0,0,5
60,254,0.0,0.0,0,0,0,5
60,255,0.0,0.0,0,0,0,5
60,256,0.0,0.0,0,0,0,5
60,257,0.0,0.0,0,0,0,5
60,258,0.0,0.0,0,0,0,5
60,259,0.0,0.0,0,0,0,5
60,260,0.0,0.0,0,0,0,5
60,261,0.0,0.0,0,0,0,5
60,262,0.0,0.0,0,0,0,5
60,263,0.0,0.0,0,0,0,5
60,264,0.0,0.0,0,0,0,5
60,265,0.0,0.0,0,0,0,5
60,266,0.0,0.0,0,0,0,5
60,267,0.0,0.0,0,0,0,5
60,268,0.0,0.0,0,0,0,5
60,269,0.0,0.0,0,0,0,5
60,270,0.0,0.0,0,0,0,5
60,271,0.0,0.0,0,0,0,5
60,272,0.0,0.0,0,0,0,5
60,273,0.0,0.0,0,0,0,5
60,274,0.0,0.0,0,0,0,5
60,275,0.0,0.0,0,0,0,5
60,276,0.0,0.0,0,0,0,5
60,277,0.0,0.0,0,0,0,5
60,278,0.0,0.0,0,0,0,5
60,279,0.0,0.0,0,0,0,5
60,280,0.0,0.0,0,0,0,5
60,281,0.0,0.0,0,0,0,5
60,282,0.0,0.0,0,0,0,5
60,283,0.0,0.0,0,0,0,5
60,284,0.0,0.0,0,0,0,5
60,285,0.0,0.0,0,0,0,5
60,286,0.0,0.0,0,0,0,5
60,287,0.0,0.0,0,0,0,5
60,288,0.0,0.0,0,0,0,5
60,289,0.0,0.0,0,0,0,5
60,290,0.0,0.0,0,0,0,5
60,291,0.0,0.0,0,0,0,5
60,292,0.0,0.0,0,0,0,5
60,293,0.0,0.0,0,0,0,5
60,294,0.0,0.0,0,0,0,5
60,295,0.0,0.0,0,0,0,5
60,296,0.0,0.0,0,0,0,5
60,297,0.0,0.0,0,0,0,5
60,298,0.0,0.0,0,0,0,5
60,299,0.0,0.0,0,0,0,5
60,300,0.0,0.0,0,0,0,5
60,301,0.0,0.0,0,0,0,5
60,302,0.0,0.0,0,0,0,5
60,303,0.0,0.0,0,0,0,5
60,304,0.0,0.0,0,0,0,5
60,305,0.0,0.0,0,0,0,5
60,306,0.0,0.0,0,0,0,5
60,307,0.0,0.0,0,0,0,5
60,308,0.0,0.0,0,0,0,5
60,309,0.0,0.0,0,0,0,5
60,310,0.0,0.0,0,0,0,5
60,311,0.0,0.0,0,0,0,5
60,312,0.0,0.0,0,0,0,5
60,313,0.0,0.0,0,0,0,5
60,314,0.0,0.0,0,0,0,5
60,315,0.0,0.0,0,0,0,5
60,316,0.0,0.0,0,0,0,5
60,317,0.0,0.0,0,0,0,5
60,318,0.0,0.0,0,0,0,5
60,319,0.0,0.0,0,0,0,5
60,320,0.0,0.0,0,0,0,5
60,321,0.0,0.0,0,0,0,5
60,322,0.0,0.0,0,0,0,5
60,323,0.0,0.0,0,0,0,5
60,324,0.0,0.0,0,0,0,5
60,325,0.0,0.0,0,0,0,5
60,326,0.0,0.0,0,0,0,5
60,327,0.0,0.0,0,0,0,5
60,328,0.0,0.0,0,0,0,5
60,329,0.0,0.0,0,0,0,5
60,330,0.0,0.0,0,0,0,5
60,331,0.0,0.0,0,0,0,5
60,332,0.0,0.0,0,0,0,5
60,333,0.0,0.0,0,0,0,5
60,334,0.0,0.0,0,0,0,5
60,335,0.0,0.0,0,0,0,5
60,336,0.0,0.0,0,0,0,5
60,337,0.0,0.0,0,0,0,5
60,338,0.0,0.0,0,0,0,5
60,339,0.0,0.0,0,0,0,5
60,340,0.0,0.0,0,0,0,5
60,341,0.0,0.0,0,0,0,5
60,342,0.0,0.0,0,0,0,5
60,343,0.0,0.0,0,0,0,5
60,344,0.0,0.0,0,0,0,5
60,345,0.0,0.0,0,0,0,5
60,346,0.0,0.0,0,0,0,5
60,347,0.0,0.0,0,0,0,5
60,348,0.0,0.0,0,0,0,5
60,349,0.0,0.0,0,0,0,5
60,350,0.0,0.0,0,0,0,5
60,351,0.0,0.0,0,0,0,5
60,352,0.0,0.0,0,0,0,5
60,353,0.0,0.0,0,0,0,5
60,354,0.0,0.0,0,0,0,5
60,355,0.0,0.0,0,0,0,5
60,356,0.0,0.0,0,0,0,5
60,357,0.0,0.0,0,0,0,5
60,358,0.0,0.0,0,0,0,5
60,359,0.0,0.0,0,0,0,5
60,360,0.0,0.0,0,0,0,5
60,361,0.0,0.0,0,0,0,5
60,362,0.0,0.0,0,0,0,5
60,363,0.0,0.0,0,0,0,5
60,364,0.0,0.0,0,0,0,5
60,365,0.0,0.0,0,0,0,5
60,366,0.0,0.0,0,0,0,5
60,367,0.0,0.0,0,0,0,5
60,368,0.0,0.0,0,0,0,5
60,369,0.0,0.0,0,0,0,5
60,370,0.0,0.0,0,0,0,5
60,371,0.0,0.0,0,0,0,5
60,372,0.0,0.0,0,0,0,5
60,373,0.0,0.0,0,0,0,5
60,374,0.0,0.0,0,0,0,5
60,375,0.0,0.0,0,0,0,5
60,376,0.0,0.0,0,0,0,5
60,377,0.0,0.0,0,0,0,5
60,378,0.0,0.0,0,0,0,5
60,379,0.0,0.0,0,0,0,5
60,380,0.0,0.0,0,0,0,5
60,381,0.0,0.0,0,0,0,5
60,382,0.0,0.0,0,0,0,5
60,383,0.0,0.0,0,0,0,5
60,384,0.0,0.0,0,0,0,5
60,385,0.0,0.0,0,0,0,5
60,386,0.0,0.0,0,0,0,5
60,387,0.0,0.0,0,0,0,5
60,388,0.0,0.0,0,0,0,5
60,389,0.0,0.0,0,0,0,5
60,390,0.0,0.0,0,0,0,5
60,391,0.0,0.0,0,0,0,5
60,392,0.0,0.0,0,0,0,5
60,393,0.0,0.0,0,0,0,5
60,394,0.0,0.0,0,0,0,5
60,395,0.0,0.0,0,0,0,5
60,396,0.0,0.0,0,0,0,5
60,397,0.0,0.0,0,0,0,5
60,398,0.0,0.0,0,0,0,5
60,399,0.0,0.0,0,0,0,5
60,400,0.0,0.0,0,0,0,5
60,401,0.0,0.0,0,0,0,5
60,402,0.0,0.0,0,0,0,5
60,403,0.0,0.0,0,0,0,5
60,404,0.0,0.0,0,0,0,5
60,405,0.0,0.0,0,0,0,5
60,406,0.0,0.0,0,0,0,5
60,407,0.0,0.0,0,0,0,5
60,408,0.0,0.0,0,0,0,5
60,409,0.0,0.0,0,0,0,5
60,410,0.0,0.0,0,0,0,5
60,411,0.0,0.0,0,0,0,5
60,412,0.0,0.0,0,0,0,5
60,413,0.0,0.0,0,0,0,5
60,414,0.0,0.0,0,0,0,5
60,415,0.0,0.0,0,0,0,5
60,416,0.0,0.0,0,0,0,5
60,417,0.0,0.0,0,0,0,5
60,418,0.0,0.0,0,0,0,5
60,419,0.0,0.0,0,0,0,5
60,420,0.0,0.0,0,0,0,5
60,421,0.0,0.0,0,0,0,5
60,422,0.0,0.0,0,0,0,5
60,423,0.0,0.0,0,0,0,5
60,424,0.0,0.0,0,0,0,5
60,425,0.0,0.0,0,0,0,5
60,426,0.0,0.0,0,0,0,5
60,427,0.0,0.0,0,0,0,5
60,428,0.0,0.0,0,0,0,5
60,429,0.0,0.0,0,0,0,5
60,430,0.0,0.0,0,0,0,5
60,431,0.0,0.0,0,0,0,5
60,432,0.0,0.0,0,0,0,5
60,433,0.0,0.0,0,0,0,5
60,434,0.0,0.0,0,0,0,5
60,435,0.0,0.0,0,0,0,5
60,436,0.0,0.0,0,0,0,5
60,437,0.0,0.0,0,0,0,5
60,438,0.0,0.0,0,0,0,5
60,439,0.0,0.0,0,0,0,5
60,440,0.0,0.0,0,0,0,5
60,441,0.0,0.0,0,0,0,5
60,442,0.0,0.0,0,0,0,5
60,443,0.0,0.0,0,0,0,5
60,444,0.0,0.0,0,0,0,5
60,445,0.0,0.0,0,0,0,5
60,446,0.0,0.0,0,0,0,5
60,447,0.0,0.0,0,0,0,5
60,448,0.0,0.0,0,0,0,5
60,449,0.0,0.0,0,0,0,5
60,450,0.0,0.0,0,0,0,5
60,451,0.0,0.0,0,0,0,5
60,452,0.0,0.0,0,0,0,5
60,453,0.0,0.0,0,0,0,5
60,454,0.0,0.0,0,0,0,5
60,455,0.0,0.0,0,0,0,5
60,456,0.0,0.0,0,0,0,5
60,457,0.0,0.0,0,0,0,5
60,458,0.0,0.0,0,0,0,5
60,459,0.0,0.0,0,0,0,5
60,460,0.0,0.0,0,0,0,5
60,461,0.0,0.0,0,0,0,5
60,462,0.0,0.0,0,0,0,5
60,463,0.0,0.0,0,0,0,5
60,464,0.0,0.0,0,0,0,5
60,465,0.0,0.0,0,0,0,5
60,466,0.0,0.0,0,0,0,5
60,467,0.0,0.0,0,0,0,5
60,468,0.0,0.0,0,0,0,5
60,469,0.0,0.0,0,0,0,5
60,470,0.0,0.0,0,0,0,5
60,471,0.0,0.0,0,0,0,5
60,472,0.0,0.0,0,0,0,5
60,473,0.0,0.0,0,0,0,5
60,474,0.0,0.0,0,0,0,5
60,475,0.0,0.0,0,0,0,5
60,476,0.0,0.0,0,0,0,5
60,477,0.0,0.0,0,0,0,5
60,478,0.0,0.0,0,0,0,5
60,479,0.0,0.0,0,0,0,5
60,480,0.0,0.0,0,0,0,5
60,481,0.0,0.0,0,0,0,5
60,482,0.0,0.0,0,0,0,5
60,483,0.0,0.0,0,0,0,5
60,484,0.0,0.0,0,0,0,5
60,485,0.0,0.0,0,0,0,5
60,486,0.0,0.0,0,0,0,5
60,487,0.0,0.0,0,0,0,5
60,488,0.0,0.0,0,0,0,5
60,489,0.0,0.0,0,0,0,5
60,490,0.0,0.0,0,0,0,5
60,491,0.0,0.0,0,0,0,5
60,492,0.0,0.0,0,0,0,5
60,493,0.0,0.0,0,0,0,5
60,494,0.0,0.0,0,0,0,5
60,495,0.0,0.0,0,0,0,5
60,496,0.0,0.0,0,0,0,5
60,497,0.0,0.0,0,0,0,5
60,498,0.0,0.0,0,0,0,5
60,499,0.0,0.0,0,0,0,5
60,500,0.0,0.0,0,0,0,5
60,501,0.0,0.0,0,0,0,5
60,502,0.0,0.0,0,0,0,5
60,503,0.0,0.0,0,0,0,5
60,504,0.0,0.0,0,0,0,5
60,505,0.0,0.0,0,0,0,5
60,506,0.0,0.0,0,0,0,5
60,507,0.0,0.0,0,0,0,5
60,508,0.0,0.0,0,0,0,5
60,509,0.0,0.0,0,0,0,5
60,510,0.0,0.0,0,0,0,5
60,511,0.0,0.0,0,0,0,5
60,512,0.0,0.0,0,0,0,5
60,513,0.0,0.0,0,0,0,5
60,514,0.0,0.0,0,0,0,5
60,515,0.0,0.0,0,0,0,5
60,516,0.0,0.0,0,0,0,5
60,517,0.0,0.0,0,0,0,5
60,518,0.0,0.0,0,0,0,5
60,519,0.0,0.0,0,0,0,5
60,520,0.0,0.0,0,0,0,5
60,521,0.0,0.0,0,0,0,5
60,522,0.0,0.0,0,0,0,5
60,523,0.0,0.0,0,0,0,5
60,524,0.0,0.0,0,0,0,5
60,525,0.0,0.0,0,0,0,5
60,526,0.0,0.0,0,0,0,5
60,527,0.0,0.0,0,0,0,5
60,528,0.0,0.0,0,0,0,5
60,529,0.0,0.0,0,0,0,5
60,530,0.0,0.0,0,0,0,5
60,531,0.0,0.0,0,0,0,5
60,532,0.0,0.0,0,0,0,5
60,533,0.0,0.0,0,0,0,5
60,534,0.0,0.0,0,0,0,5
60,535,0.0,0.0,0,0,0,5
60,536,0.0,0.0,0,0,0,5
60,537,0.0,0.0,0,0,0,5
60,538,0.0,0.0,0,0,0,5
60,539,0.0,0.0,0,0,0,5
60,540,0.0,0.0,0,0,0,5
60,541,0.0,0.0,0,0,0,5
60,542,0.0,0.0,0,0,0,5
60,543,0.0,0.0,0,0,0,5
60,544,0.0,0.0,0,0,0,5
60,545,0.0,0.0,0,0,0,5
60,546,0.0,0.0,0,0,0,5
60,547,0.0,0.0,0,0,0,5
60,548,0.0,0.0,0,0,0,5
60,549,0.0,0.0,0,0,0,5
60,550,0.0,0.0,0,0,0,5
60,551,0.0,0.0,0,0,0,5
60,552,0.0,0.0,0,0,0,5
60,553,0.0,0.0,0,0,0,5
60,554,0.0,0.0,0,0,0,5
60,555,0.0,0.0,0,0,0,5
60,556,0.0,0.0,0,0,0,5
60,557,0.0,0.0,0,0,0,5
60,558,0.0,0.0,0,0,0,5
60,559,0.0,0.0,0,0,0,5
60,560,0.0,0.0,0,0,0,5
60,561,0.0,0.0,0,0,0,5
60,562,0.0,0.0,0,0,0,5
60,563,0.0,0.0,0,0,0,5
60,564,0.0,0.0,0,0,0,5
60,565,0.0,0.0,0,0,0,5
60,566,0.0,0.0,0,0,0,5
60,567,0.0,0.0,0,0,0,5
60,568,0.0,0.0,0,0,0,5
60,569,0.0,0.0,0,0,0,5
60,570,0.0,0.0,0,0,0,5
60,571,0.0,0.0,0,0,0,5
60,572,0.0,0.0,0,0,0,5
60,573,0.0,0.0,0,0,0,5
60,574,0.0,0.0,0,0,0,5
60,575,0.0,0.0,0,0,0,5
60,576,0.0,0.0,0,0,0,5
60,577,0.0,0.0,0,0,0,5
60,578,0.0,0.0,0,0,0,5
60,579,0.0,0.0,0,0,0,5
60,580,0.0,0.0,0,0,0,5
60,581,0.0,0.0,0,0,0,5
60,582,0.0,0.0,0,0,0,5
60,583,0.0,0.0,0,0,0,5
60,584,0.0,0.0,0,0,0,5
60,585,0.0,0.0,0,0,0,5
60,586,0.0,0.0,0,0,0,5
60,587,0.0,0.0,0,0,0,5
60,588,0.0,0.0,0,0,0,5
60,589,0.0,0.0,0,0,0,5
60,590,0.0,0.0,0,0,0,5
60,591,0.0,0.0,0,0,0,5
60,592,0.0,0.0,0,0,0,5
60,593,0.0,0.0,0,0,0,5
60,594,0.0,0.0,0,0,0,5
60,595,0.0,0.0,0,0,0,5
60,596,0.0,0.0,0,0,0,5
60,597,0.0,0.0,0,0,0,5
60,598,0.0,0.0,0,0,0,5
60,599,0.0,0.0,0,0,0,5
60,600,0.0,0.0,0,0,0,5
60,601,0.0,0.0,0,0,0,5
60,602,0.0,0.0,0,0,0,5
60,603,0.0,0.0,0,0,0,5
60,604,0.0,0.0,0,0,0,5
60,605,0.0,0.0,0,0,0,5
60,606,0.0,0.0,0,0,0,5
60,607,0.0,0.0,0,0,0,5
60,608,0.0,0.0,0,0,0,5
60,609,0.0,0.0,0,0,0,5
60,610,0.0,0.0,0,0,0,5
60,611,0.0,0.0,0,0,0,5
60,612,0.0,0.0,0,0,0,5
60,613,0.0,0.0,0,0,0,5
60,614,0.0,0.0,0,0,0,5
60,615,0.0,0.0,0,0,0,5
60,616,0.0,0.0,0,0,0,5
60,617,0.0,0.0,0,0,0,5
60,618,0.0,0.0,0,0,0,5
60,619,0.0,0.0,0,0,0,5
60,620,0.0,0.0,0,0,0,5
60,621,0.0,0.0,0,0,0,5
60,622,0.0,0.0,0,0,0,5
60,623,0.0,0.0,0,0,0,5
60,624,0.0,0.0,0,0,0,5
60,625,0.0,0.0,0,0,0,5
60,626,0.0,0.0,0,0,0,5
60,627,0.0,0.0,0,0,0,5
60,628,0.0,0.0,0,0,0,5
60,629,0.0,0.0,0,0,0,5
60,630,0.0,0.0,0,0,0,5
60,631,0.0,0.0,0,0,0,5
60,632,0.0,0.0,0,0,0,5
60,633,0.0,0.0,0,0,0,5
60,634,0.0,0.0,0,0,0,5
60,635,0.0,0.0,0,0,0,5
60,636,0.0,0.0,0,0,0,5
60,637,0.0,0.0,0,0,0,5
60,638,0.0,0.0,0,0,0,5
60,639,0.0,0.0,0,0,0,5
60,640,0.0,0.0,0,0,0,5
60,641,0.0,0.0,0,0,0,5
60,642,0.0,0.0,0,0,0,5
60,643,0.0,0.0,0,0,0,5
60,644,0.0,0.0,0,0,0,5
60,645,0.0,0.0,0,0,0,5
60,646,0.0,0.0,0,0,0,5
60,647,0.0,0.0,0,0,0,5
60,648,0.0,0.0,0,0,0,5
60,649,0.0,0.0,0,0,0,5
60,650,0.0,0.0,0,0,0,5
60,651,0.0,0.0,0,0,0,5
60,652,0.0,0.0,0,0,0,5
60,653,0.0,0.0,0,0,0,5
60,654,0.0,0.0,0,0,0,5
60,655,0.0,0.0,0,0,0,5
60,656,0.0,0.0,0,0,0,5
60,657,0.0,0.0,0,0,0,5
60,658,0.0,0.0,0,0,0,5
60,659,0.0,0.0,0,0,0,5
60,660,0.0,0.0,0,0,0,5
60,661,0.0,0.0,0,0,0,5
60,662,0.0,0.0,0,0,0,5
60,663,0.0,0.0,0,0,0,5
60,664,0.0,0.0,0,0,0,5
60,665,0.0,0.0,0,0,0,5
60,666,0.0,0.0,0,0,0,5
60,667,0.0,0.0,0,0,0,5
60,668,0.0,0.0,0,0,0,5
60,669,0.0,0.0,0,0,0,5
60,670,0.0,0.0,0,0,0,5
60,671,0.0,0.0,0,0,0,5
60,672,0.0,0.0,0,0,0,5
60,673,0.0,0.0,0,0,0,5
60,674,0.0,0.0,0,0,0,5
60,675,0.0,0.0,0,0,0,5
60,676,0.0,0.0,0,0,0,5
60,677,0.0,0.0,0,0,0,5
60,678,0.0,0.0,0,0,0,5
60,679,0.0,0.0,0,0,0,5
60,680,0.0,0.0,0,0,0,5
60,681,0.0,0.0,0,0,0,5
60,682,0.0,0.0,0,0,0,5
60,683,0.0,0.0,0,0,0,5
60,684,0.0,0.0,0,0,0,5
60,685,0.0,0.0,0,0,0,5
60,686,0.0,0.0,0,0,0,5
60,687,0.0,0.0,0,0,0,5
60,688,0.0,0.0,0,0,0,5
60,689,0.0,0.0,0,0,0,5
60,690,0.0,0.0,0,0,0,5
60,691,0.0,0.0,0,0,0,5
60,692,0.0,0.0,0,0,0,5
60,693,0.0,0.0,0,0,0,5
60,694,0.0,0.0,0,0,0,5
60,695,0.0,0.0,0,0,0,5
60,696,0.0,0.0,0,0,0,5
60,697,0.0,0.0,0,0,0,5
60,698,0.0,0.0,0,0,0,5
60,699,0.0,0.0,0,0,0,5
60,700,0.0,0.0,0,0,0,5
60,701,0.0,0.0,0,0,0,5
60,702,0.0,0.0,0,0,0,5
60,703,0.0,0.0,0,0,0,5
60,704,0.0,0.0,0,0,0,5
60,705,0.0,0.0,0,0,0,5
60,706,0.0,0.0,0,0,0,5
60,707,0.0,0.0,0,0,0,5
60,708,0.0,0.0,0,0,0,5
60,709,0.0,0.0,0,0,0,5
60,710,0.0,0.0,0,0,0,5
60,711,0.0,0.0,0,0,0,5
60,712,0.0,0.0,0,0,0,5
60,713,0.0,0.0,0,0,0,5
60,714,0.0,0.0,0,0,0,5
60,715,0.0,0.0,0,0,0,5
60,716,0.0,0.0,0,0,0,5
60,717,0.0,0.0,0,0,0,5
60,718,0.0,0.0,0,0,0,5
60,719,0.0,0.0,0,0,0,5
60,720,0.0,0.0,0,0,0,5
60,721,0.0,0.0,0,0,0,5
60,722,0.0,0.0,0,0,0,5
60,723,0.0,0.0,0,0,0,5
60,724,0.0,0.0,0,0,0,5
60,725,0.0,0.0,0,0,0,5
60,726,0.0,0.0,0,0,0,5
60,727,0.0,0.0,0,0,0,5
60,728,0.0,0.0,0,0,0,5
60,729,0.0,0.0,0,0,0,5
60,730,0.0,0.0,0,0,0,5
60,731,0.0,0.0,0,0,0,5
60,732,0.0,0.0,0,0,0,5
60,733,0.0,0.0,0,0,0,5
60,734,0.0,0.0,0,0,0,5
60,735,0.0,0.0,0,0,0,5
60,736,0.0,0.0,0,0,0,5
60,737,0.0,0.0,0,0,0,5
60,738,0.0,0.0,0,0,0,5
60,739,0.0,0.0,0,0,0,5
60,740,0.0,0.0,0,0,0,5
60,741,0.0,0.0,0,0,0,5
60,742,0.0,0.0,0,0,0,5
60,743,0.0,0.0,0,0,0,5
60,744,0.0,0.0,0,0,0,5
60,745,0.0,0.0,0,0,0,5
60,746,0.0,0.0,0,0,0,5
60,747,0.0,0.0,0,0,0,5
60,748,0.0,0.0,0,0,0,5
60,749,0.0,0.0,0,0,0,5
60,750,0.0,0.0,0,0,0,5
60,751,0.0,0.0,0,0,0,5
60,752,0.0,0.0,0,0,0,5
60,753,0.0,0.0,0,0,0,5
60,754,0.0,0.0,0,0,0,5
60,755,0.0,0.0,0,0,0,5
60,756,0.0,0.0,0,0,0,5
60,757,0.0,0.0,0,0,0,5
60,758,0.0,0.0,0,0,0,5
60,759,0.0,0.0,0,0,0,5
60,760,0.0,0.0,0,0,0,5
60,761,0.0,0.0,0,0,0,5
60,762,0.0,0.0,0,0,0,5
60,763,0.0,0.0,0,0,0,5
60,764,0.0,0.0,0,0,0,5
60,765,0.0,0.0,0,0,0,5
60,766,0.0,0.0,0,0,0,5
60,767,0.0,0.0,0,0,0,5
60,768,0.0,0.0,0,0,0,5
60,769,0.0,0.0,0,0,0,5
60,770,0.0,0.0,0,0,0,5
60,771,0.0,0.0,0,0,0,5
60,772,0.0,0.0,0,0,0,5
60,773,0.0,0.0,0,0,0,5
60,774,0.0,0.0,0,0,0,5
60,775,0.0,0.0,0,0,0,5
60,776,0.0,0.0,0,0,0,5
60,777,0.0,0.0,0,0,0,5
60,778,0.0,0.0,0,0,0,5
60,779,0.0,0.0,0,0,0,5
60,780,0.0,0.0,0,0,0,5
60,781,0.0,0.0,0,0,0,5
60,782,0.0,0.0,0,0,0,5
60,783,0.0,0.0,0,0,0,5
60,784,0.0,0.0,0,0,0,5
60,785,0.0,0.0,0,0,0,5
60,786,0.0,0.0,0,0,0,5
60,787,0.0,0.0,0,0,0,5
60,788,0.0,0.0,0,0,0,5
60,789,0.0,0.0,0,0,0,5
60,790,0.0,0.0,0,0,0,5
60,791,0.0,0.0,0,0,0,5
60,792,0.0,0.0,0,0,0,5
60,793,0.0,0.0,0,0,0,5
60,794,0.0,0.0,0,0,0,5
60,795,0.0,0.0,0,0,0,5
60,796,0.0,0.0,0,0,0,5
60,797,0.0,0.0,0,0,0,5
60,798,0.0,0.0,0,0,0,5
60,799,0.0,0.0,0,0,0,5
60,800,0.0,0.0,0,0,0,5
60,801,0.0,0.0,0,0,0,5
60,802,0.0,0.0,0,0,0,5
60,803,0.0,0.0,0,0,0,5
60,804,0.0,0.0,0,0,0,5
60,805,0.0,0.0,0,0,0,5
60,806,0.0,0.0,0,0,0,5
60,807,0.0,0.0,0,0,0,5
60,808,0.0,0.0,0,0,0,5
60,809,0.0,0.0,0,0,0,5
60,810,0.0,0.0,0,0,0,5
60,811,0.0,0.0,0,0,0,5
60,812,0.0,0.0,0,0,0,5
60,813,0.0,0.0,0,0,0,5
60,814,0.0,0.0,0,0,0,5
60,815,0.0,0.0,0,0,0,5
60,816,0.0,0.0,0,0,0,5
60,817,0.0,0.0,0,0,0,5
60,818,0.0,0.0,0,0,0,5
60,819,0.0,0.0,0,0,0,5
60,820,0.0,0.0,0,0,0,5
60,821,0.0,0.0,0,0,0,5
60,822,0.0,0.0,0,0,0,5
60,823,0.0,0.0,0,0,0,5
60,824,0.0,0.0,0,0,0,5
60,825,0.0,0.0,0,0,0,5
60,826,0.0,0.0,0,0,0,5
60,827,0.0,0.0,0,0,0,5
60,828,0.0,0.0,0,0,0,5
60,829,0.0,0.0,0,0,0,5
60,830,0.0,0.0,0,0,0,5
60,831,0.0,0.0,0,0,0,5
60,832,0.0,0.0,0,0,0,5
60,833,0.0,0.0,0,0,0,5
60,834,0.0,0.0,0,0,0,5
60,835,0.0,0.0,0,0,0,5
60,836,0.0,0.0,0,0,0,5
60,837,0.0,0.0,0,0,0,5
60,838,0.0,0.0,0,0,0,5
60,839,0.0,0.0,0,0,0,5
60,840,0.0,0.0,0,0,0,5
60,841,0.0,0.0,0,0,0,5
60,842,0.0,0.0,0,0,0,5
60,843,0.0,0.0,0,0,0,5
60,844,0.0,0.0,0,0,0,5
60,845,0.0,0.0,0,0,0,5
60,846,0.0,0.0,0,0,0,5
60,847,0.0,0.0,0,0,0,5
60,848,0.0,0.0,0,0,0,5
60,849,0.0,0.0,0,0,0,5
60,850,0.0,0.0,0,0,0,5
60,851,0.0,0.0,0,0,0,5
60,852,0.0,0.0,0,0,0,5
60,853,0.0,0.0,0,0,0,5
60,854,0.0,0.0,0,0,0,5
60,855,0.0,0.0,0,0,0,5
60,856,0.0,0.0,0,0,0,5
60,857,0.0,0.0,0,0,0,5
60,858,0.0,0.0,0,0,0,5
60,859,0.0,0.0,0,0,0,5
60,860,0.0,0.0,0,0,0,5
60,861,0.0,0.0,0,0,0,5
60,862,0.0,0.0,0,0,0,5
60,863,0.0,0.0,0,0,0,5
60,864,0.0,0.0,0,0,0,5
60,865,0.0,0.0,0,0,0,5
60,866,0.0,0.0,0,0,0,5
60,867,0.0,0.0,0,0,0,5
60,868,0.0,0.0,0,0,0,5
60,869,0.0,0.0,0,0,0,5
60,870,0.0,0.0,0,0,0,5
60,871,0.0,0.0,0,0,0,5
60,872,0.0,0.0,0,0,0,5
60,873,0.0,0.0,0,0,0,5
60,874,0.0,0.0,0,0,0,5
60,875,0.0,0.0,0,0,0,5
60,876,0.0,0.0,0,0,0,5
60,877,0.0,0.0,0,0,0,5
60,878,0.0,0.0,0,0,0,5
60,879,0.0,0.0,0,0,0,5
60,880,0.0,0.0,0,0,0,5
60,881,0.0,0.0,0,0,0,5
60,882,0.0,0.0,0,0,0,5
60,883,0.0,0.0,0,0,0,5
60,884,0.0,0.0,0,0,0,5
60,885,0.0,0.0,0,0,0,5
60,886,0.0,0.0,0,0,0,5
60,887,0.0,0.0,0,0,0,5
60,888,0.0,0.0,0,0,0,5
60,889,0.0,0.0,0,0,0,5
60,890,0.0,0.0,0,0,0,5
60,891,0.0,0.0,0,0,0,5
60,892,0.0,0.0,0,0,0,5
60,893,0.0,0.0,0,0,0,5
60,894,0.0,0.0,0,0,0,5
60,895,0.0,0.0,0,0,0,5
60,896,0.0,0.0,0,0,0,5
60,897,0.0,0.0,0,0,0,5
60,898,0.0,0.0,0,0,0,5
60,899,0.0,0.0,0,0,0,5
60,900,0.0,0.0,0,0,0,5
60,901,0.0,0.0,0,0,0,5
60,902,0.0,0.0,0,0,0,5
60,903,0.0,0.0,0,0,0,5
60,904,0.0,0.0,0,0,0,5
60,905,0.0,0.0,0,0,0,5
60,906,0.0,0.0,0,0,0,5
60,907,0.0,0.0,0,0,0,5
60,908,0.0,0.0,0,0,0,5
60,909,0.0,0.0,0,0,0,5
60,910,0.0,0.0,0,0,0,5
60,911,0.0,0.0,0,0,0,5
60,912,0.0,0.0,0,0,0,5
60,913,0.0,0.0,0,0,0,5
60,914,0.0,0.0,0,0,0,5
60,915,0.0,0.0,0,0,0,5
60,916,0.0,0.0,0,0,0,5
60,917,0.0,0.0,0,0,0,5
60,918,0.0,0.0,0,0,0,5
60,919,0.0,0.0,0,0,0,5
60,920,0.0,0.0,0,0,0,5
60,921,0.0,0.0,0,0,0,5
60,922,0.0,0.0,0,0,0,5
60,923,0.0,0.0,0,0,0,5
60,924,0.0,0.0,0,0,0,5
60,925,0.0,0.0,0,0,0,5
60,926,0.0,0.0,0,0,0,5
60,927,0.0,0.0,0,0,0,5
60,928,0.0,0.0,0,0,0,5
60,929,0.0,0.0,0,0,0,5
60,930,0.0,0.0,0,0,0,5
60,931,0.0,0.0,0,0,0,5
60,932,0.0,0.0,0,0,0,5
60,933,0.0,0.0,0,0,0,5
60,934,0.0,0.0,0,0,0,5
60,935,0.0,0.0,0,0,0,5
60,936,0.0,0.0,0,0,0,5
60,937,0.0,0.0,0,0,0,5
60,938,0.0,0.0,0,0,0,5
60,939,0.0,0.0,0,0,0,5
60,940,0.0,0.0,0,0,0,5
60,941,0.0,0.0,0,0,0,5
60,942,0.0,0.0,0,0,0,5
60,943,0.0,0.0,0,0,0,5
60,944,0.0,0.0,0,0,0,5
60,945,0.0,0.0,0,0,0,5
60,946,0.0,0.0,0,0,0,5
60,947,0.0,0.0,0,0,0,5
60,948,0.0,0.0,0,0,0,5
60,949,0.0,0.0,0,0,0,5
60,950,0.0,0.0,0,0,0,5
60,951,0.0,0.0,0,0,0,5
60,952,0.0,0.0,0,0,0,5
60,953,0.0,0.0,0,0,0,5
60,954,0.0,0.0,0,0,0,5
60,955,0.0,0.0,0,0,0,5
60,956,0.0,0.0,0,0,0,5
60,957,0.0,0.0,0,0,0,5
60,958,0.0,0.0,0,0,0,5
60,959,0.0,0.0,0,0,0,5
60,960,0.0,0.0,0,0,0,5
60,961,0.0,0.0,0,0,0,5
60,962,0.0,0.0,0,0,0,5
60,963,0.0,0.0,0,0,0,5
60,964,0.0,0.0,0,0,0,5
60,965,0.0,0.0,0,0,0,5
60,966,0.0,0.0,0,0,0,5
60,967,0.0,0.0,0,0,0,5
60,968,0.0,0.0,0,0,0,5
60,969,0.0,0.0,0,0,0,5
60,970,0.0,0.0,0,0,0,5
60,971,0.0,0.0,0,0,0,5
60,972,0.0,0.0,0,0,0,5
60,973,0.0,0.0,0,0,0,5
60,974,0.0,0.0,0,0,0,5
60,975,0.0,0.0,0,0,0,5
60,976,0.0,0.0,0,0,0,5
60,977,0.0,0.0,0,0,0,5
60,978,0.0,0.0,0,0,0,5
60,979,0.0,0.0,0,0,0,5
60,980,0.0,0.0,0,0,0,5
60,981,0.0,0.0,0,0,0,5
60,982,0.0,0.0,0,0,0,5
60,983,0.0,0.0,0,0,0,5
60,984,0.0,0.0,0,0,0,5
60,985,0.0,0.0,0,0,0,5
60,986,0.0,0.0,0,0,0,5
60,987,0.0,0.0,0,0,0,5
60,988,0.0,0.0,0,0,0,5
60,989,0.0,0.0,0,0,0,5
60,990,0.0,0.0,0,0,0,5
60,991,0.0,0.0,0,0,0,5
60,992,0.0,0.0,0,0,0,5
60,993,0.0,0.0,0,0,0,5
60,994,0.0,0.0,0,0,0,5
60,995,0.0,0.0,0,0,0,5
60,996,0.0,0.0,0,0,0,5
60,997,0.0,0.0,0,0,0,5
60,998,0.0,0.0,0,0,0,5
60,999,0.0,0.0,0,0,0,5
60,1000,0.0,0.0,0,0,0,5
60,1001,0.0,0.0,0,0,0,5
60,1002,0.0,0.0,0,0,0,5
60,1003,0.0,0.0,0,0,0,5
60,1004,0.0,0.0,0,0,0,5
60,1005,0.0,0.0,0,0,0,5
60,1006,0.0,0.0,0,0,0,5
60,1007,0.0,0.0,0,0,0,5
60,1008,0.0,0.0,0,0,0,5
60,1009,0.0,0.0,0,0,0,5
60,1010,0.0,0.0,0,0,0,5
60,1011,0.0,0.0,0,0,0,5
60,1012,0.0,0.0,0,0,0,5
60,1013,0.0,0.0,0,0,0,5
60,1014,0.0,0.0,0,0,0,5
60,1015,0.0,0.0,0,0,0,5
60,1016,0.0,0.0,0,0,0,5
60,1017,0.0,0.0,0,0,0,5
60,1018,0.0,0.0,0,0,0,5
60,1019,0.0,0.0,0,0,0,5
60,1020,0.0,0.0,0,0,0,5
60,1021,0.0,0.0,0,0,0,5
60,1022,0.0,0.0,0,0,0,5
60,1023,0.0,0.0,0,0,0,5
60,1024,0.0,0.0,0,0,0,5
60,1025,0.0,0.0,0,0,0,5
60,1026,0.0,0.0,0,0,0,5
60,1027,0.0,0.0,0,0,0,5
60,1028,0.0,0.0,0,0,0,5
60,1029,0.0,0.0,0,0,0,5
60,1030,0.0,0.0,0,0,0,5
60,1031,0.0,0.0,0,0,0,5
60,1032,0.0,0.0,0,0,0,5
60,1033,0.0,0.0,0,0,0,5
60,1034,0.0,0.0,0,0,0,5
60,1035,0.0,0.0,0,0,0,5
60,1036,0.0,0.0,0,0,0,5
60,1037,0.0,0.0,0,0,0,5
60,1038,0.0,0.0,0,0,0,5
60,1039,0.0,0.0,0,0,0,5
60,1040,0.0,0.0,0,0,0,5
60,1041,0.0,0.0,0,0,0,5
60,1042,0.0,0.0,0,0,0,5
60,1043,0.0,0.0,0,0,0,5
60,1044,0.0,0.0,0,0,0,5
60,1045,0.0,0.0,0,0,0,5
60,1046,0.0,0.0,0,0,0,5
60,1047,0.0,0.0,0,0,0,5
60,1048,0.0,0.0,0,0,0,5
60,1049,0.0,0.0,0,0,0,5
60,1050,0.0,0.0,0,0,0,5
60,1051,0.0,0.0,0,0,0,5
60,1052,0.0,0.0,0,0,0,5
60,1053,0.0,0.0,0,0,0,5
60,1054,0.0,0.0,0,0,0,5
60,1055,0.0,0.0,0,0,0,5
60,1056,0.0,0.0,0,0,0,5
60,1057,0.0,0.0,0,0,0,5
60,1058,0.0,0.0,0,0,0,5
60,1059,0.0,0.0,0,0,0,5
60,1060,0.0,0.0,0,0,0,5
60,1061,0.0,0.0,0,0,0,5
60,1062,0.0,0.0,0,0,0,5
60,1063,0.0,0.0,0,0,0,5
60,1064,0.0,0.0,0,0,0,5
60,1065,0.0,0.0,0,0,0,5
60,1066,0.0,0.0,0,0,0,5
60,1067,0.0,0.0,0,0,0,5
60,1068,0.0,0.0,0,0,0,5
60,1069,0.0,0.0,0,0,0,5
60,1070,0.0,0.0,0,0,0,5
60,1071,0.0,0.0,0,0,0,5
60,1072,0.0,0.0,0,0,0,5
60,1073,0.0,0.0,0,0,0,5
60,1074,0.0,0.0,0,0,0,5
60,1075,0.0,0.0,0,0,0,5
60,1076,0.0,0.0,0,0,0,5
60,1077,0.0,0.0,0,0,0,5
60,1078,0.0,0.0,0,0,0,5
60,1079,0.0,0.0,0,0,0,5
60,1080,0.0,0.0,0,0,0,5
60,1081,0.0,0.0,0,0,0,5
60,1082,0.0,0.0,0,0,0,5
60,1083,0.0,0.0,0,0,0,5
60,1084,0.0,0.0,0,0,0,5
60,1085,0.0,0.0,0,0,0,5
60,1086,0.0,0.0,0,0,0,5
60,1087,0.0,0.0,0,0,0,5
60,1088,0.0,0.0,0,0,0,5
60,1089,0.0,0.0,0,0,0,5
60,1090,0.0,0.0,0,0,0,5
60,1091,0.0,0.0,0,0,0,5
60,1092,0.0,0.0,0,0,0,5
60,1093,0.0,0.0,0,0,0,5
60,1094,0.0,0.0,0,0,0,5
60,1095,0.0,0.0,0,0,0,5
60,1096,0.0,0.0,0,0,0,5
60,1097,0.0,0.0,0,0,0,5
60,1098,0.0,0.0,0,0,0,5
60,1099,0.0,0.0,0,0,0,5
60,1100,0.0,0.0,0,0,0,5
60,1101,0.0,0.0,0,0,0,5
60,1102,0.0,0.0,0,0,0,5
60,1103,0.0,0.0,0,0,0,5
60,1104,0.0,0.0,0,0,0,5
60,1105,0.0,0.0,0,0,0,5
60,1106,0.0,0.0,0,0,0,5
60,1107,0.0,0.0,0,0,0,5
60,1108,0.0,0.0,0,0,0,5
60,1109,0.0,0.0,0,0,0,5
60,1110,0.0,0.0,0,0,0,5
60,1111,0.0,0.0,0,0,0,5
60,1112,0.0,0.0,0,0,0,5
60,1113,0.0,0.0,0,0,0,5
60,1114,0.0,0.0,0,0,0,5
60,1115,0.0,0.0,0,0,0,5
60,1116,0.0,0.0,0,0,0,5
60,1117,0.0,0.0,0,0,0,5
60,1118,0.0,0.0,0,0,0,5
60,1119,0.0,0.0,0,0,0,5
60,1120,0.0,0.0,0,0,0,5
60,1121,0.0,0.0,0,0,0,5
60,1122,0.0,0.0,0,0,0,5
60,1123,0.0,0.0,0,0,0,5
60,1124,0.0,0.0,0,0,0,5
60,1125,0.0,0.0,0,0,0,5
60,1126,0.0,0.0,0,0,0,5
60,1127,0.0,0.0,0,0,0,5
60,1128,0.0,0.0,0,0,0,5
60,1129,0.0,0.0,0,0,0,5
60,1130,0.0,0.0,0,0,0,5
60,1131,0.0,0.0,0,0,0,5
60,1132,0.0,0.0,0,0,0,5
60,1133,0.0,0.0,0,0,0,5
60,1134,0.0,0.0,0,0,0,5
60,1135,0.0,0.0,0,0,0,5
60,1136,0.0,0.0,0,0,0,5
60,1137,0.0,0.0,0,0,0,5
60,1138,0.0,0.0,0,0,0,5
60,1139,0.0,0.0,0,0,0,5
60,1140,0.0,0.0,0,0,0,5
60,1141,0.0,0.0,0,0,0,5
60,1142,0.0,0.0,0,0,0,5
60,1143,0.0,0.0,0,0,0,5
60,1144,0.0,0.0,0,0,0,5
60,1145,0.0,0.0,0,0,0,5
60,1146,0.0,0.0,0,0,0,5
60,1147,0.0,0.0,0,0,0,5
60,1148,0.0,0.0,0,0,0,5
60,1149,0.0,0.0,0,0,0,5
60,1150,0.0,0.0,0,0,0,5
60,1151,0.0,0.0,0,0,0,5
60,1152,0.0,0.0,0,0,0,5
60,1153,0.0,0.0,0,0,0,5
60,1154,0.0,0.0,0,0,0,5
60,1155,0.0,0.0,0,0,0,5
60,1156,0.0,0.0,0,0,0,5
60,1157,0.0,0.0,0,0,0,5
60,1158,0.0,0.0,0,0,0,5
60,1159,0.0,0.0,0,0,0,5
60,1160,0.0,0.0,0,0,0,5
60,1161,0.0,0.0,0,0,0,5
60,1162,0.0,0.0,0,0,0,5
60,1163,0.0,0.0,0,0,0,5
60,1164,0.0,0.0,0,0,0,5
60,1165,0.0,0.0,0,0,0,5
60,1166,0.0,0.0,0,0,0,5
60,1167,0.0,0.0,0,0,0,5
60,1168,0.0,0.0,0,0,0,5
60,1169,0.0,0.0,0,0,0,5
60,1170,0.0,0.0,0,0,0,5
60,1171,0.0,0.0,0,0,0,5
60,1172,0.0,0.0,0,0,0,5
60,1173,0.0,0.0,0,0,0,5
60,1174,0.0,0.0,0,0,0,5
60,1175,0.0,0.0,0,0,0,5
60,1176,0.0,0.0,0,0,0,5
60,1177,0.0,0.0,0,0,0,5
60,1178,0.0,0.0,0,0,0,5
60,1179,0.0,0.0,0,0,0,5
60,1180,0.0,0.0,0,0,0,5
60,1181,0.0,0.0,0,0,0,5
60,1182,0.0,0.0,0,0,0,5
60,1183,0.0,0.0,0,0,0,5
60,1184,0.0,0.0,0,0,0,5
60,1185,0.0,0.0,0,0,0,5
60,1186,0.0,0.0,0,0,0,5
60,1187,0.0,0.0,0,0,0,5
60,1188,0.0,0.0,0,0,0,5
60,1189,0.0,0.0,0,0,0,5
60,1190,0.0,0.0,0,0,0,5
60,1191,0.0,0.0,0,0,0,5
60,1192,0.0,0.0,0,0,0,5
60,1193,0.0,0.0,0,0,0,5
60,1194,0.0,0.0,0,0,0,5
60,1195,0.0,0.0,0,0,0,5
60,1196,0.0,0.0,0,0,0,5
60,1197,0.0,0.0,0,0,0,5
60,1198,0.0,0.0,0,0,0,5
60,1199,0.0,0.0,0,0,0,5
60,1200,0.0,0.0,0,0,0,5
60,1201,0.0,0.0,0,0,0,5
60,1202,0.0,0.0,0,0,0,5
60,1203,0.0,0.0,0,0,0,5
60,1204,0.0,0.0,0,0,0,5
60,1205,0.0,0.0,0,0,0,5
60,1206,0.0,0.0,0,0,0,5
60,1207,0.0,0.0,0,0,0,5
60,1208,0.0,0.0,0,0,0,5
60,1209,0.0,0.0,0,0,0,5
60,1210,0.0,0.0,0,0,0,5
60,1211,0.0,0.0,0,0,0,5
60,1212,0.0,0.0,0,0,0,5
60,1213,0.0,0.0,0,0,0,5
60,1214,0.0,0.0,0,0,0,5
60,1215,0.0,0.0,0,0,0,5
60,1216,0.0,0.0,0,0,0,5
60,1217,0.0,0.0,0,0,0,5
60,1218,0.0,0.0,0,0,0,5
60,1219,0.0,0.0,0,0,0,5
60,1220,0.0,0.0,0,0,0,5
60,1221,0.0,0.0,0,0,0,5
60,1222,0.0,0.0,0,0,0,5
60,1223,0.0,0.0,0,0,0,5
60,1224,0.0,0.0,0,0,0,5
60,1225,0.0,0.0,0,0,0,5
60,1226,0.0,0.0,0,0,0,5
60,1227,0.0,0.0,0,0,0,5
60,1228,0.0,0.0,0,0,0,5
60,1229,0.0,0.0,0,0,0,5
60,1230,0.0,0.0,0,0,0,5
60,1231,0.0,0.0,0,0,0,5
60,1232,0.0,0.0,0,0,0,5
60,1233,0.0,0.0,0,0,0,5
60,1234,0.0,0.0,0,0,0,5
60,1235,0.0,0.0,0,0,0,5
60,1236,0.0,0.0,0,0,0,5
60,1237,0.0,0.0,0,0,0,5
60,1238,0.0,0.0,0,0,0,5
60,1239,0.0,0.0,0,0,0,5
60,1240,0.0,0.0,0,0,0,5
60,1241,0.0,0.0,0,0,0,5
60,1242,0.0,0.0,0,0,0,5
60,1243,0.0,0.0,0,0,0,5
60,1244,0.0,0.0,0,0,0,5
60,1245,0.0,0.0,0,0,0,5
60,1246,0.0,0.0,0,0,0,5
60,1247,0.0,0.0,0,0,0,5
60,1248,0.0,0.0,0,0,0,5
60,1249,0.0,0.0,0,0,0,5
60,1250,0.0,0.0,0,0,0,5
60,1251,0.0,0.0,0,0,0,5
60,1252,0.0,0.0,0,0,0,5
60,1253,0.0,0.0,0,0,0,5
60,1254,0.0,0.0,0,0,0,5
60,1255,0.0,0.0,0,0,0,5
60,1256,0.0,0.0,0,0,0,5
60,1257,0.0,0.0,0,0,0,5
60,1258,0.0,0.0,0,0,0,5
60,1259,0.0,0.0,0,0,0,5
60,1260,0.0,0.0,0,0,0,5
60,1261,0.0,0.0,0,0,0,5
60,1262,0.0,0.0,0,0,0,5
60,1263,0.0,0.0,0,0,0,5
60,1264,0.0,0.0,0,0,0,5
60,1265,0.0,0.0,0,0,0,5
60,1266,0.0,0.0,0,0,0,5
60,1267,0.0,0.0,0,0,0,5
60,1268,0.0,0.0,0,0,0,5
60,1269,0.0,0.0,0,0,0,5
60,1270,0.0,0.0,0,0,0,5
60,1271,0.0,0.0,0,0,0,5
60,1272,0.0,0.0,0,0,0,5
60,1273,0.0,0.0,0,0,0,5
60,1274,0.0,0.0,0,0,0,5
60,1275,0.0,0.0,0,0,0,5
60,1276,0.0,0.0,0,0,0,5
60,1277,0.0,0.0,0,0,0,5
60,1278,0.0,0.0,0,0,0,5
60,1279,0.0,0.0,0,0,0,5
60,1280,0.0,0.0,0,0,0,5
60,1281,0.0,0.0,0,0,0,5
60,1282,0.0,0.0,0,0,0,5
60,1283,0.0,0.0,0,0,0,5
60,1284,0.0,0.0,0,0,0,5
60,1285,0.0,0.0,0,0,0,5
60,1286,0.0,0.0,0,0,0,5
60,1287,0.0,0.0,0,0,0,5
60,1288,0.0,0.0,0,0,0,5
60,1289,0.0,0.0,0,0,0,5
60,1290,0.0,0.0,0,0,0,5
60,1291,0.0,0.0,0,0,0,5
60,1292,0.0,0.0,0,0,0,5
60,1293,0.0,0.0,0,0,0,5
60,1294,0.0,0.0,0,0,0,5
60,1295,0.0,0.0,0,0,0,5
60,1296,0.0,0.0,0,0,0,5
60,1297,0.0,0.0,0,0,0,5
60,1298,0.0,0.0,0,0,0,5
60,1299,0.0,0.0,0,0,0,5
60,1300,0.0,0.0,0,0,0,5
60,1301,0.0,0.0,0,0,0,5
60,1302,0.0,0.0,0,0,0,5
60,1303,0.0,0.0,0,0,0,5
60,1304,0.0,0.0,0,0,0,5
60,1305,0.0,0.0,0,0,0,5
60,1306,0.0,0.0,0,0,0,5
60,1307,0.0,0.0,0,0,0,5
60,1308,0.0,0.0,0,0,0,5
60,1309,0.0,0.0,0,0,0,5
60,1310,0.0,0.0,0,0,0,5
60,1311,0.0,0.0,0,0,0,5
60,1312,0.0,0.0,0,0,0,5
60,1313,0.0,0.0,0,0,0,5
60,1314,0.0,0.0,0,0,0,5
60,1315,0.0,0.0,0,0,0,5
60,1316,0.0,0.0,0,0,0,5
60,1317,0.0,0.0,0,0,0,5
60,1318,0.0,0.0,0,0,0,5
60,1319,0.0,0.0,0,0,0,5
60,1320,0.0,0.0,0,0,0,5
60,1321,0.0,0.0,0,0,0,5
60,1322,0.0,0.0,0,0,0,5
60,1323,0.0,0.0,0,0,0,5
60,1324,0.0,0.0,0,0,0,5
60,1325,0.0,0.0,0,0,0,5
60,1326,0.0,0.0,0,0,0,5
60,1327,0.0,0.0,0,0,0,5
60,1328,0.0,0.0,0,0,0,5
60,1329,0.0,0.0,0,0,0,5
60,1330,0.0,0.0,0,0,0,5
60,1331,0.0,0.0,0,0,0,5
60,1332,0.0,0.0,0,0,0,5
60,1333,0.0,0.0,0,0,0,5
60,1334,0.0,0.0,0,0,0,5
60,1335,0.0,0.0,0,0,0,5
60,1336,0.0,0.0,0,0,0,5
60,1337,0.0,0.0,0,0,0,5
60,1338,0.0,0.0,0,0,0,5
60,1339,0.0,0.0,0,0,0,5
60,1340,0.0,0.0,0,0,0,5
60,1341,0.0,0.0,0,0,0,5
60,1342,0.0,0.0,0,0,0,5
60,1343,0.0,0.0,0,0,0,5
60,1344,0.0,0.0,0,0,0,5
60,1345,0.0,0.0,0,0,0,5
60,1346,0.0,0.0,0,0,0,5
60,1347,0.0,0.0,0,0,0,5
60,1348,0.0,0.0,0,0,0,5
60,1349,0.0,0.0,0,0,0,5
60,1350,0.0,0.0,0,0,0,5
60,1351,0.0,0.0,0,0,0,5
60,1352,0.0,0.0,0,0,0,5
60,1353,0.0,0.0,0,0,0,5
60,1354,0.0,0.0,0,0,0,5
60,1355,0.0,0.0,0,0,0,5
60,1356,0.0,0.0,0,0,0,5
60,1357,0.0,0.0,0,0,0,5
60,1358,0.0,0.0,0,0,0,5
60,1359,0.0,0.0,0,0,0,5
60,1360,0.0,0.0,0,0,0,5
60,1361,0.0,0.0,0,0,0,5
60,1362,0.0,0.0,0,0,0,5
60,1363,0.0,0.0,0,0,0,5
60,1364,0.0,0.0,0,0,0,5
60,1365,0.0,0.0,0,0,0,5
60,1366,0.0,0.0,0,0,0,5
60,1367,0.0,0.0,0,0,0,5
60,1368,0.0,0.0,0,0,0,5
60,1369,0.0,0.0,0,0,0,5
60,1370,0.0,0.0,0,0,0,5
60,1371,0.0,0.0,0,0,0,5
60,1372,0.0,0.0,0,0,0,5
60,1373,0.0,0.0,0,0,0,5
60,1374,0.0,0.0,0,0,0,5
60,1375,0.0,0.0,0,0,0,5
60,1376,0.0,0.0,0,0,0,5
60,1377,0.0,0.0,0,0,0,5
60,1378,0.0,0.0,0,0,0,5
60,1379,0.0,0.0,0,0,0,5
60,1380,0.0,0.0,0,0,0,5
60,1381,0.0,0.0,0,0,0,5
60,1382,0.0,0.0,0,0,0,5
60,1383,0.0,0.0,0,0,0,5
60,1384,0.0,0.0,0,0,0,5
60,1385,0.0,0.0,0,0,0,5
60,1386,0.0,0.0,0,0,0,5
60,1387,0.0,0.0,0,0,0,5
60,1388,0.0,0.0,0,0,0,5
60,1389,0.0,0.0,0,0,0,5
60,1390,0.0,0.0,0,0,0,5
60,1391,0.0,0.0,0,0,0,5
60,1392,0.0,0.0,0,0,0,5
60,1393,0.0,0.0,0,0,0,5
60,1394,0.0,0.0,0,0,0,5
60,1395,0.0,0.0,0,0,0,5
60,1396,0.0,0.0,0,0,0,5
60,1397,0.0,0.0,0,0,0,5
60,1398,0.0,0.0,0,0,0,5
60,1399,0.0,0.0,0,0,0,5
60,1400,0.0,0.0,0,0,0,5
60,1401,0.0,0.0,0,0,0,5
60,1402,0.0,0.0,0,0,0,5
60,1403,0.0,0.0,0,0,0,5
60,1404,0.0,0.0,0,0,0,5
60,1405,0.0,0.0,0,0,0,5
60,1406,0.0,0.0,0,0,0,5
60,1407,0.0,0.0,0,0,0,5
60,1408,0.0,0.0,0,0,0,5
60,1409,0.0,0.0,0,0,0,5
60,1410,0.0,0.0,0,0,0,5
60,1411,0.0,0.0,0,0,0,5
60,1412,0.0,0.0,0,0,0,5
60,1413,0.0,0.0,0,0,0,5
60,1414,0.0,0.0,0,0,0,5
60,1415,0.0,0.0,0,0,0,5
60,1416,0.0,0.0,0,0,0,5
60,1417,0.0,0.0,0,0,0,5
60,1418,0.0,0.0,0,0,0,5
60,1419,0.0,0.0,0,0,0,5
60,1420,0.0,0.0,0,0,0,5
60,1421,0.0,0.0,0,0,0,5
60,1422,0.0,0.0,0,0,0,5
60,1423,0.0,0.0,0,0,0,5
60,1424,0.0,0.0,0,0,0,5
60,1425,0.0,0.0,0,0,0,5
60,1426,0.0,0.0,0,0,0,5
60,1427,0.0,0.0,0,0,0,5
60,1428,0.0,0.0,0,0,0,5
60,1429,0.0,0.0,0,0,0,5
60,1430,0.0,0.0,0,0,0,5
60,1431,0.0,0.0,0,0,0,5
60,1432,0.0,0.0,0,0,0,5
60,1433,0.0,0.0,0,0,0,5
60,1434,0.0,0.0,0,0,0,5
60,1435,0.0,0.0,0,0,0,5
60,1436,0.0,0.0,0,0,0,5
60,1437,0.0,0.0,0,0,0,5
60,1438,0.0,0.0,0,0,0,5
60,1439,0.0,0.0,0,0,0,5
60,1440,0.0,0.0,0,0,0,5
60,1441,0.0,0.0,0,0,0,5
60,1442,0.0,0.0,0,0,0,5
60,1443,0.0,0.0,0,0,0,5
60,1444,0.0,0.0,0,0,0,5
60,1445,0.0,0.0,0,0,0,5
60,1446,0.0,0.0,0,0,0,5
60,1447,0.0,0.0,0,0,0,5
60,1448,0.0,0.0,0,0,0,5
60,1449,0.0,0.0,0,0,0,5
60,1450,0.0,0.0,0,0,0,5
60,1451,0.0,0.0,0,0,0,5
60,1452,0.0,0.0,0,0,0,5
60,1453,0.0,0.0,0,0,0,5
60,1454,0.0,0.0,0,0,0,5
60,1455,0.0,0.0,0,0,0,5
60,1456,0.0,0.0,0,0,0,5
60,1457,0.0,0.0,0,0,0,5
60,1458,0.0,0.0,0,0,0,5
60,1459,0.0,0.0,0,0,0,5
60,1460,0.0,0.0,0,0,0,5
60,1461,0.0,0.0,0,0,0,5
60,1462,0.0,0.0,0,0,0,5
60,1463,0.0,0.0,0,0,0,5
60,1464,0.0,0.0,0,0,0,5
60,1465,0.0,0.0,0,0,0,5
60,1466,0.0,0.0,0,0,0,5
60,1467,0.0,0.0,0,0,0,5
60,1468,0.0,0.0,0,0,0,5
60,1469,0.0,0.0,0,0,0,5
60,1470,0.0,0.0,0,0,0,5
60,1471,0.0,0.0,0,0,0,5
60,1472,0.0,0.0,0,0,0,5
60,1473,0.0,0.0,0,0,0,5
60,1474,0.0,0.0,0,0,0,5
60,1475,0.0,0.0,0,0,0,5
60,1476,0.0,0.0,0,0,0,5
60,1477,0.0,0.0,0,0,0,5
60,1478,0.0,0.0,0,0,0,5
60,1479,0.0,0.0,0,0,0,5
60,1480,0.0,0.0,0,0,0,5
60,1481,0.0,0.0,0,0,0,5
60,1482,0.0,0.0,0,0,0,5
60,1483,0.0,0.0,0,0,0,5
60,1484,0.0,0.0,0,0,0,5
60,1485,0.0,0.0,0,0,0,5
60,1486,0.0,0.0,0,0,0,5
60,1487,0.0,0.0,0,0,0,5
60,1488,0.0,0.0,0,0,0,5
60,1489,0.0,0.0,0,0,0,5
60,1490,0.0,0.0,0,0,0,5
60,1491,0.0,0.0,0,0,0,5
60,1492,0.0,0.0,0,0,0,5
60,1493,0.0,0.0,0,0,0,5
60,1494,0.0,0.0,0,0,0,5
60,1495,0.0,0.0,0,0,0,5
60,1496,0.0,0.0,0,0,0,5
60,1497,0.0,0.0,0,0,0,5
60,1498,0.0,0.0,0,0,0,5
60,1499,0.0,0.0,0,0,0,5
60,1500,0.0,0.0,0,0,0,5
60,1501,0.0,0.0,0,0,0,5
60,1502,0.0,0.0,0,0,0,5
60,1503,0.0,0.0,0,0,0,5
60,1504,0.0,0.0,0,0,0,5
60,1505,0.0,0.0,0,0,0,5
60,1506,0.0,0.0,0,0,0,5
60,1507,0.0,0.0,0,0,0,5
60,1508,0.0,0.0,0,0,0,5
60,1509,0.0,0.0,0,0,0,5
60,1510,0.0,0.0,0,0,0,5
60,1511,0.0,0.0,0,0,0,5
60,1512,0.0,0.0,0,0,0,5
60,1513,0.0,0.0,0,0,0,5
60,1514,0.0,0.0,0,0,0,5
60,1515,0.0,0.0,0,0,0,5
60,1516,0.0,0.0,0,0,0,5
60,1517,0.0,0.0,0,0,0,5
60,1518,0.0,0.0,0,0,0,5
60,1519,0.0,0.0,0,0,0,5
60,1520,0.0,0.0,0,0,0,5
60,1521,0.0,0.0,0,0,0,5
60,1522,0.0,0.0,0,0,0,5
60,1523,0.0,0.0,0,0,0,5
60,1524,0.0,0.0,0,0,0,5
60,1525,0.0,0.0,0,0,0,5
60,1526,0.0,0.0,0,0,0,5
60,1527,0.0,0.0,0,0,0,5
60,1528,0.0,0.0,0,0,0,5
60,1529,0.0,0.0,0,0,0,5
60,1530,0.0,0.0,0,0,0,5
60,1531,0.0,0.0,0,0,0,5
60,1532,0.0,0.0,0,0,0,5
60,1533,0.0,0.0,0,0,0,5
60,1534,0.0,0.0,0,0,0,5
60,1535,0.0,0.0,0,0,0,5
60,1536,0.0,0.0,0,0,0,5
60,1537,0.0,0.0,0,0,0,5
60,1538,0.0,0.0,0,0,0,5
60,1539,0.0,0.0,0,0,0,5
60,1540,0.0,0.0,0,0,0,5
60,1541,0.0,0.0,0,0,0,5
60,1542,0.0,0.0,0,0,0,5
60,1543,0.0,0.0,0,0,0,5
60,1544,0.0,0.0,0,0,0,5
60,1545,0.0,0.0,0,0,0,5
60,1546,0.0,0.0,0,0,0,5
60,1547,0.0,0.0,0,0,0,5
60,1548,0.0,0.0,0,0,0,5
60,1549,0.0,0.0,0,0,0,5
60,1550,0.0,0.0,0,0,0,5
60,1551,0.0,0.0,0,0,0,5
60,1552,0.0,0.0,0,0,0,5
60,1553,0.0,0.0,0,0,0,5
60,1554,0.0,0.0,0,0,0,5
60,1555,0.0,0.0,0,0,0,5
60,1556,0.0,0.0,0,0,0,5
60,1557,0.0,0.0,0,0,0,5
60,1558,0.0,0.0,0,0,0,5
60,1559,0.0,0.0,0,0,0,5
60,1560,0.0,0.0,0,0,0,5
60,1561,0.0,0.0,0,0,0,5
60,1562,0.0,0.0,0,0,0,5
60,1563,0.0,0.0,0,0,0,5
60,1564,0.0,0.0,0,0,0,5
60,1565,0.0,0.0,0,0,0,5
60,1566,0.0,0.0,0,0,0,5
60,1567,0.0,0.0,0,0,0,5
60,1568,0.0,0.0,0,0,0,5
60,1569,0.0,0.0,0,0,0,5
60,1570,0.0,0.0,0,0,0,5
60,1571,0.0,0.0,0,0,0,5
60,1572,0.0,0.0,0,0,0,5
60,1573,0.0,0.0,0,0,0,5
60,1574,0.0,0.0,0,0,0,5
60,1575,0.0,0.0,0,0,0,5
60,1576,0.0,0.0,0,0,0,5
60,1577,0.0,0.0,0,0,0,5
60,1578,0.0,0.0,0,0,0,5
60,1579,0.0,0.0,0,0,0,5
60,1580,0.0,0.0,0,0,0,5
60,1581,0.0,0.0,0,0,0,5
60,1582,0.0,0.0,0,0,0,5
60,1583,0.0,0.0,0,0,0,5
60,1584,0.0,0.0,0,0,0,5
60,1585,0.0,0.0,0,0,0,5
60,1586,0.0,0.0,0,0,0,5
60,1587,0.0,0.0,0,0,0,5
60,1588,0.0,0.0,0,0,0,5
60,1589,0.0,0.0,0,0,0,5
60,1590,0.0,0.0,0,0,0,5
60,1591,0.0,0.0,0,0,0,5
60,1592,0.0,0.0,0,0,0,5
60,1593,0.0,0.0,0,0,0,5
60,1594,0.0,0.0,0,0,0,5
60,1595,0.0,0.0,0,0,0,5
60,1596,0.0,0.0,0,0,0,5
60,1597,0.0,0.0,0,0,0,5
60,1598,0.0,0.0,0,0,0,5
60,1599,0.0,0.0,0,0,0,5
60,1600,0.0,0.0,0,0,0,5
60,1601,0.0,0.0,0,0,0,5
60,1602,0.0,0.0,0,0,0,5
60,1603,0.0,0.0,0,0,0,5
60,1604,0.0,0.0,0,0,0,5
60,1605,0.0,0.0,0,0,0,5
60,1606,0.0,0.0,0,0,0,5
60,1607,0.0,0.0,0,0,0,5
60,1608,0.0,0.0,0,0,0,5
60,1609,0.0,0.0,0,0,0,5
60,1610,0.0,0.0,0,0,0,5
60,1611,0.0,0.0,0,0,0,5
60,1612,0.0,0.0,0,0,0,5
60,1613,0.0,0.0,0,0,0,5
60,1614,0.0,0.0,0,0,0,5
60,1615,0.0,0.0,0,0,0,5
60,1616,0.0,0.0,0,0,0,5
60,1617,0.0,0.0,0,0,0,5
60,1618,0.0,0.0,0,0,0,5
60,1619,0.0,0.0,0,0,0,5
60,1620,0.0,0.0,0,0,0,5
60,1621,0.0,0.0,0,0,0,5
60,1622,0.0,0.0,0,0,0,5
60,1623,0.0,0.0,0,0,0,5
60,1624,0.0,0.0,0,0,0,5
60,1625,0.0,0.0,0,0,0,5
60,1626,0.0,0.0,0,0,0,5
60,1627,0.0,0.0,0,0,0,5
60,1628,0.0,0.0,0,0,0,5
60,1629,0.0,0.0,0,0,0,5
60,1630,0.0,0.0,0,0,0,5
60,1631,0.0,0.0,0,0,0,5
60,1632,0.0,0.0,0,0,0,5
60,1633,0.0,0.0,0,0,0,5
60,1634,0.0,0.0,0,0,0,5
60,1635,0.0,0.0,0,0,0,5
60,1636,0.0,0.0,0,0,0,5
60,1637,0.0,0.0,0,0,0,5
60,1638,0.0,0.0,0,0,0,5
60,1639,0.0,0.0,0,0,0,5
60,1640,0.0,0.0,0,0,0,5
60,1641,0.0,0.0,0,0,0,5
60,1642,0.0,0.0,0,0,0,5
60,1643,0.0,0.0,0,0,0,5
60,1644,0.0,0.0,0,0,0,5
60,1645,0.0,0.0,0,0,0,5
60,1646,0.0,0.0,0,0,0,5
60,1647,0.0,0.0,0,0,0,5
60,1648,0.0,0.0,0,0,0,5
60,1649,0.0,0.0,0,0,0,5
60,1650,0.0,0.0,0,0,0,5
60,1651,0.0,0.0,0,0,0,5
60,1652,0.0,0.0,0,0,0,5
60,1653,0.0,0.0,0,0,0,5
60,1654,0.0,0.0,0,0,0,5
60,1655,0.0,0.0,0,0,0,5
60,1656,0.0,0.0,0,0,0,5
60,1657,0.0,0.0,0,0,0,5
60,1658,0.0,0.0,0,0,0,5
60,1659,0.0,0.0,0,0,0,5
60,1660,0.0,0.0,0,0,0,5
60,1661,0.0,0.0,0,0,0,5
60,1662,0.0,0.0,0,0,0,5
60,1663,0.0,0.0,0,0,0,5
60,1664,0.0,0.0,0,0,0,5
60,1665,0.0,0.0,0,0,0,5
60,1666,0.0,0.0,0,0,0,5
60,1667,0.0,0.0,0,0,0,5
60,1668,0.0,0.0,0,0,0,5
60,1669,0.0,0.0,0,0,0,5
60,1670,0.0,0.0,0,0,0,5
60,1671,0.0,0.0,0,0,0,5
60,1672,0.0,0.0,0,0,0,5
60,1673,0.0,0.0,0,0,0,5
60,1674,0.0,0.0,0,0,0,5
60,1675,0.0,0.0,0,0,0,5
60,1676,0.0,0.0,0,0,0,5
60,1677,0.0,0.0,0,0,0,5
60,1678,0.0,0.0,0,0,0,5
60,1679,0.0,0.0,0,0,0,5
60,1680,0.0,0.0,0,0,0,5
60,1681,0.0,0.0,0,0,0,5
60,1682,0.0,0.0,0,0,0,5
60,1683,0.0,0.0,0,0,0,5
60,1684,0.0,0.0,0,0,0,5
60,1685,0.0,0.0,0,0,0,5
60,1686,0.0,0.0,0,0,0,5
60,1687,0.0,0.0,0,0,0,5
60,1688,0.0,0.0,0,0,0,5
60,1689,0.0,0.0,0,0,0,5
60,1690,0.0,0.0,0,0,0,5
60,1691,0.0,0.0,0,0,0,5
60,1692,0.0,0.0,0,0,0,5
60,1693,0.0,0.0,0,0,0,5
60,1694,0.0,0.0,0,0,0,5
60,1695,0.0,0.0,0,0,0,5
60,1696,0.0,0.0,0,0,0,5
60,1697,0.0,0.0,0,0,0,5
60,1698,0.0,0.0,0,0,0,5
60,1699,0.0,0.0,0,0,0,5
60,1700,0.0,0.0,0,0,0,5
60,1701,0.0,0.0,0,0,0,5
60,1702,0.0,0.0,0,0,0,5
60,1703,0.0,0.0,0,0,0,5
60,1704,0.0,0.0,0,0,0,5
60,1705,0.0,0.0,0,0,0,5
60,1706,0.0,0.0,0,0,0,5
60,1707,0.0,0.0,0,0,0,5
60,1708,0.0,0.0,0,0,0,5
60,1709,0.0,0.0,0,0,0,5
60,1710,0.0,0.0,0,0,0,5
60,1711,0.0,0.0,0,0,0,5
60,1712,0.0,0.0,0,0,0,5
60,1713,0.0,0.0,0,0,0,5
60,1714,0.0,0.0,0,0,0,5
60,1715,0.0,0.0,0,0,0,5
60,1716,0.0,0.0,0,0,0,5
60,1717,0.0,0.0,0,0,0,5
60,1718,0.0,0.0,0,0,0,5
60,1719,0.0,0.0,0,0,0,5
60,1720,0.0,0.0,0,0,0,5
60,1721,0.0,0.0,0,0,0,5
60,1722,0.0,0.0,0,0,0,5
60,1723,0.0,0.0,0,0,0,5
60,1724,0.0,0.0,0,0,0,5
60,1725,0.0,0.0,0,0,0,5
60,1726,0.0,0.0,0,0,0,5
60,1727,0.0,0.0,0,0,0,5
60,1728,0.0,0.0,0,0,0,5
60,1729,0.0,0.0,0,0,0,5
60,1730,0.0,0.0,0,0,0,5
60,1731,0.0,0.0,0,0,0,5
60,1732,0.0,0.0,0,0,0,5
60,1733,0.0,0.0,0,0,0,5
60,1734,0.0,0.0,0,0,0,5
60,1735,0.0,0.0,0,0,0,5
60,1736,0.0,0.0,0,0,0,5
60,1737,0.0,0.0,0,0,0,5
60,1738,0.0,0.0,0,0,0,5
60,1739,0.0,0.0,0,0,0,5
60,1740,0.0,0.0,0,0,0,5
60,1741,0.0,0.0,0,0,0,5
60,1742,0.0,0.0,0,0,0,5
60,1743,0.0,0.0,0,0,0,5
60,1744,0.0,0.0,0,0,0,5
60,1745,0.0,0.0,0,0,0,5
60,1746,0.0,0.0,0,0,0,5
60,1747,0.0,0.0,0,0,0,5
60,1748,0.0,0.0,0,0,0,5
60,1749,0.0,0.0,0,0,0,5
60,1750,0.0,0.0,0,0,0,5
60,1751,0.0,0.0,0,0,0,5
60,1752,0.0,0.0,0,0,0,5
60,1753,0.0,0.0,0,0,0,5
60,1754,0.0,0.0,0,0,0,5
60,1755,0.0,0.0,0,0,0,5
60,1756,0.0,0.0,0,0,0,5
60,1757,0.0,0.0,0,0,0,5
60,1758,0.0,0.0,0,0,0,5
60,1759,0.0,0.0,0,0,0,5
60,1760,0.0,0.0,0,0,0,5
60,1761,0.0,0.0,0,0,0,5
60,1762,0.0,0.0,0,0,0,5
60,1763,0.0,0.0,0,0,0,5
60,1764,0.0,0.0,0,0,0,5
60,1765,0.0,0.0,0,0,0,5
60,1766,0.0,0.0,0,0,0,5
60,1767,0.0,0.0,0,0,0,5
60,1768,0.0,0.0,0,0,0,5
60,1769,0.0,0.0,0,0,0,5
60,1770,0.0,0.0,0,0,0,5
60,1771,0.0,0.0,0,0,0,5
60,1772,0.0,0.0,0,0,0,5
60,1773,0.0,0.0,0,0,0,5
60,1774,0.0,0.0,0,0,0,5
60,1775,0.0,0.0,0,0,0,5
60,1776,0.0,0.0,0,0,0,5
60,1777,0.0,0.0,0,0,0,5
60,1778,0.0,0.0,0,0,0,5
60,1779,0.0,0.0,0,0,0,5
60,1780,0.0,0.0,0,0,0,5
60,1781,0.0,0.0,0,0,0,5
60,1782,0.0,0.0,0,0,0,5
60,1783,0.0,0.0,0,0,0,5
60,1784,0.0,0.0,0,0,0,5
60,1785,0.0,0.0,0,0,0,5
60,1786,0.0,0.0,0,0,0,5
60,1787,0.0,0.0,0,0,0,5
60,1788,0.0,0.0,0,0,0,5
60,1789,0.0,0.0,0,0,0,5
60,1790,0.0,0.0,0,0,0,5
60,1791,0.0,0.0,0,0,0,5
60,1792,0.0,0.0,0,0,0,5
60,1793,0.0,0.0,0,0,0,5
60,1794,0.0,0.0,0,0,0,5
60,1795,0.0,0.0,0,0,0,5
60,1796,0.0,0.0,0,0,0,5
60,1797,0.0,0.0,0,0,0,5
60,1798,0.0,0.0,0,0,0,5
60,1799,0.0,0.0,0,0,0,5
60,1800,0.0,0.0,0,0,0,5
60,1801,0.0,0.0,0,0,0,5
60,1802,0.0,0.0,0,0,0,5
60,1803,0.0,0.0,0,0,0,5
60,1804,0.0,0.0,0,0,0,5
60,1805,0.0,0.0,0,0,0,5
60,1806,0.0,0.0,0,0,0,5
60,1807,0.0,0.0,0,0,0,5
60,1808,0.0,0.0,0,0,0,5
60,1809,0.0,0.0,0,0,0,5
60,1810,0.0,0.0,0,0,0,5
60,1811,0.0,0.0,0,0,0,5
60,1812,0.0,0.0,0,0,0,5
60,1813,0.0,0.0,0,0,0,5
60,1814,0.0,0.0,0,0,0,5
60,1815,0.0,0.0,0,0,0,5
60,1816,0.0,0.0,0,0,0,5
60,1817,0.0,0.0,0,0,0,5
60,1818,0.0,0.0,0,0,0,5
60,1819,0.0,0.0,0,0,0,5
60,1820,0.0,0.0,0,0,0,5
60,1821,0.0,0.0,0,0,0,5
60,1822,0.0,0.0,0,0,0,5
60,1823,0.0,0.0,0,0,0,5
60,1824,0.0,0.0,0,0,0,5
60,1825,0.0,0.0,0,0,0,5
60,1826,0.0,0.0,0,0,0,5
60,1827,0.0,0.0,0,0,0,5
60,1828,0.0,0.0,0,0,0,5
60,1829,0.0,0.0,0,0,0,5
60,1830,0.0,0.0,0,0,0,5
60,1831,0.0,0.0,0,0,0,5
60,1832,0.0,0.0,0,0,0,5
60,1833,0.0,0.0,0,0,0,5
60,1834,0.0,0.0,0,0,0,5
60,1835,0.0,0.0,0,0,0,5
60,1836,0.0,0.0,0,0,0,5
60,1837,0.0,0.0,0,0,0,5
60,1838,0.0,0.0,0,0,0,5
60,1839,0.0,0.0,0,0,0,5
60,1840,0.0,0.0,0,0,0,5
60,1841,0.0,0.0,0,0,0,5
60,1842,0.0,0.0,0,0,0,5
60,1843,0.0,0.0,0,0,0,5
60,1844,0.0,0.0,0,0,0,5
60,1845,0.0,0.0,0,0,0,5
60,1846,0.0,0.0,0,0,0,5
60,1847,0.0,0.0,0,0,0,5
60,1848,0.0,0.0,0,0,0,5
60,1849,0.0,0.0,0,0,0,5
60,1850,0.0,0.0,0,0,0,5
60,1851,0.0,0.0,0,0,0,5
60,1852,0.0,0.0,0,0,0,5
60,1853,0.0,0.0,0,0,0,5
60,1854,0.0,0.0,0,0,0,5
60,1855,0.0,0.0,0,0,0,5
60,1856,0.0,0.0,0,0,0,5
60,1857,0.0,0.0,0,0,0,5
60,1858,0.0,0.0,0,0,0,5
60,1859,0.0,0.0,0,0,0,5
60,1860,0.0,0.0,0,0,0,5
60,1861,0.0,0.0,0,0,0,5
60,1862,0.0,0.0,0,0,0,5
60,1863,0.0,0.0,0,0,0,5
60,1864,0.0,0.0,0,0,0,5
60,1865,0.0,0.0,0,0,0,5
60,1866,0.0,0.0,0,0,0,5
60,1867,0.0,0.0,0,0,0,5
60,1868,0.0,0.0,0,0,0,5
60,1869,0.0,0.0,0,0,0,5
60,1870,0.0,0.0,0,0,0,5
60,1871,0.0,0.0,0,0,0,5
60,1872,0.0,0.0,0,0,0,5
60,1873,0.0,0.0,0,0,0,5
60,1874,0.0,0.0,0,0,0,5
60,1875,0.0,0.0,0,0,0,5
60,1876,0.0,0.0,0,0,0,5
60,1877,0.0,0.0,0,0,0,5
60,1878,0.0,0.0,0,0,0,5
60,1879,0.0,0.0,0,0,0,5
60,1880,0.0,0.0,0,0,0,5
60,1881,0.0,0.0,0,0,0,5
60,1882,0.0,0.0,0,0,0,5
60,1883,0.0,0.0,0,0,0,5
60,1884,0.0,0.0,0,0,0,5
60,1885,0.0,0.0,0,0,0,5
60,1886,0.0,0.0,0,0,0,5
60,1887,0.0,0.0,0,0,0,5
60,1888,0.0,0.0,0,0,0,5
60,1889,0.0,0.0,0,0,0,5
60,1890,0.0,0.0,0,0,0,5
60,1891,0.0,0.0,0,0,0,5
60,1892,0.0,0.0,0,0,0,5
60,1893,0.0,0.0,0,0,0,5
60,1894,0.0,0.0,0,0,0,5
60,1895,0.0,0.0,0,0,0,5
60,1896,0.0,0.0,0,0,0,5
60,1897,0.0,0.0,0,0,0,5
60,1898,0.0,0.0,0,0,0,5
60,1899,0.0,0.0,0,0,0,5
60,1900,0.0,0.0,0,0,0,5
60,1901,0.0,0.0,0,0,0,5
60,1902,0.0,0.0,0,0,0,5
60,1903,0.0,0.0,0,0,0,5
60,1904,0.0,0.0,0,0,0,5
60,1905,0.0,0.0,0,0,0,5
60,1906,0.0,0.0,0,0,0,5
60,1907,0.0,0.0,0,0,0,5
60,1908,0.0,0.0,0,0,0,5
60,1909,0.0,0.0,0,0,0,5
60,1910,0.0,0.0,0,0,0,5
60,1911,0.0,0.0,0,0,0,5
60,1912,0.0,0.0,0,0,0,5
60,1913,0.0,0.0,0,0,0,5
60,1914,0.0,0.0,0,0,0,5
60,1915,0.0,0.0,0,0,0,5
60,1916,0.0,0.0,0,0,0,5
60,1917,0.0,0.0,0,0,0,5
60,1918,0.0,0.0,0,0,0,5
60,1919,0.0,0.0,0,0,0,5
60,1920,0.0,0.0,0,0,0,5
60,1921,0.0,0.0,0,0,0,5
60,1922,0.0,0.0,0,0,0,5
60,1923,0.0,0.0,0,0,0,5
60,1924,0.0,0.0,0,0,0,5
60,1925,0.0,0.0,0,0,0,5
60,1926,0.0,0.0,0,0,0,5
60,1927,0.0,0.0,0,0,0,5
60,1928,0.0,0.0,0,0,0,5
60,1929,0.0,0.0,0,0,0,5
60,1930,0.0,0.0,0,0,0,5
60,1931,0.0,0.0,0,0,0,5
60,1932,0.0,0.0,0,0,0,5
60,1933,0.0,0.0,0,0,0,5
60,1934,0.0,0.0,0,0,0,5
60,1935,0.0,0.0,0,0,0,5
60,1936,0.0,0.0,0,0,0,5
60,1937,0.0,0.0,0,0,0,5
60,1938,0.0,0.0,0,0,0,5
60,1939,0.0,0.0,0,0,0,5
60,1940,0.0,0.0,0,0,0,5
60,1941,0.0,0.0,0,0,0,5
60,1942,0.0,0.0,0,0,0,5
60,1943,0.0,0.0,0,0,0,5
60,1944,0.0,0.0,0,0,0,5
60,1945,0.0,0.0,0,0,0,5
60,1946,0.0,0.0,0,0,0,5
60,1947,0.0,0.0,0,0,0,5
60,1948,0.0,0.0,0,0,0,5
60,1949,0.0,0.0,0,0,0,5
60,1950,0.0,0.0,0,0,0,5
60,1951,0.0,0.0,0,0,0,5
60,1952,0.0,0.0,0,0,0,5
60,1953,0.0,0.0,0,0,0,5
60,1954,0.0,0.0,0,0,0,5
60,1955,0.0,0.0,0,0,0,5
60,1956,0.0,0.0,0,0,0,5
60,1957,0.0,0.0,0,0,0,5
60,1958,0.0,0.0,0,0,0,5
60,1959,0.0,0.0,0,0,0,5
60,1960,0.0,0.0,0,0,0,5
60,1961,0.0,0.0,0,0,0,5
60,1962,0.0,0.0,0,0,0,5
60,1963,0.0,0.0,0,0,0,5
60,1964,0.0,0.0,0,0,0,5
60,1965,0.0,0.0,0,0,0,5
60,1966,0.0,0.0,0,0,0,5
60,1967,0.0,0.0,0,0,0,5
60,1968,0.0,0.0,0,0,0,5
60,1969,0.0,0.0,0,0,0,5
60,1970,0.0,0.0,0,0,0,5
60,1971,0.0,0.0,0,0,0,5
60,1972,0.0,0.0,0,0,0,5
60,1973,0.0,0.0,0,0,0,5
60,1974,0.0,0.0,0,0,0,5
60,1975,0.0,0.0,0,0,0,5
60,1976,0.0,0.0,0,0,0,5
60,1977,0.0,0.0,0,0,0,5
60,1978,0.0,0.0,0,0,0,5
60,1979,0.0,0.0,0,0,0,5
60,1980,0.0,0.0,0,0,0,5
60,1981,0.0,0.0,0,0,0,5
60,1982,0.0,0.0,0,0,0,5
60,1983,0.0,0.0,0,0,0,5
60,1984,0.0,0.0,0,0,0,5
60,1985,0.0,0.0,0,0,0,5
60,1986,0.0,0.0,0,0,0,5
60,1987,0.0,0.0,0,0,0,5
60,1988,0.0,0.0,0,0,0,5
60,1989,0.0,0.0,0,0,0,5
60,1990,0.0,0.0,0,0,0,5
60,1991,0.0,0.0,0,0,0,5
60,1992,0.0,0.0,0,0,0,5
60,1993,0.0,0.0,0,0,0,5
60,1994,0.0,0.0,0,0,0,5
60,1995,0.0,0.0,0,0,0,5
60,1996,0.0,0.0,0,0,0,5
60,1997,0.0,0.0,0,0,0,5
60,1998,0.0,0.0,0,0,0,5
60,1999,0.0,0.0,0,0,0,5
